# Blender 5.1.0
# www.blender.org
mtllib Untitled.mtl
o 灌粉瓶2
v -0.003197 -0.000631 0.018940
v -0.001620 -0.000631 0.019131
v -0.000031 -0.000631 -0.000541
v -0.000031 -0.000631 0.019195
v 0.001557 -0.000631 0.019131
v -0.007767 -0.000631 0.017616
v -0.006281 -0.000631 0.018180
v -0.004755 -0.000631 0.018622
v -0.011888 -0.000631 0.015237
v -0.010580 -0.000631 0.016140
v -0.009203 -0.000631 0.016935
v -0.015319 -0.000631 0.011941
v -0.014265 -0.000631 0.013131
v -0.013119 -0.000631 0.014232
v -0.017862 -0.000631 0.007920
v -0.017123 -0.000631 0.009327
v -0.016274 -0.000631 0.010671
v -0.019369 -0.000631 0.003407
v -0.018988 -0.000631 0.004950
v -0.018485 -0.000631 0.006458
v -0.019752 -0.000631 -0.001335
v -0.019752 -0.000631 0.000254
v -0.019624 -0.000631 0.001838
v -0.018988 -0.000631 -0.006032
v -0.019369 -0.000631 -0.004488
v -0.019624 -0.000631 -0.002920
v -0.017123 -0.000631 -0.010409
v -0.017862 -0.000631 -0.009001
v -0.018485 -0.000631 -0.007539
v -0.014265 -0.000631 -0.014212
v -0.015319 -0.000631 -0.013023
v -0.016274 -0.000631 -0.011752
v -0.010580 -0.000631 -0.017222
v -0.011888 -0.000631 -0.016319
v -0.013119 -0.000631 -0.015313
v -0.006281 -0.000631 -0.019261
v -0.007767 -0.000631 -0.018698
v -0.009203 -0.000631 -0.018016
v -0.001620 -0.000631 -0.020213
v -0.003197 -0.000631 -0.020021
v -0.004755 -0.000631 -0.019703
v 0.003134 -0.000631 -0.020021
v 0.001557 -0.000631 -0.020213
v -0.000031 -0.000631 -0.020277
v 0.007704 -0.000631 -0.018698
v 0.006218 -0.000631 -0.019261
v 0.004692 -0.000631 -0.019703
v 0.011825 -0.000631 -0.016319
v 0.010517 -0.000631 -0.017222
v 0.009140 -0.000631 -0.018016
v 0.015256 -0.000631 -0.013023
v 0.014202 -0.000631 -0.014212
v 0.013056 -0.000631 -0.015313
v 0.017799 -0.000631 -0.009001
v 0.017061 -0.000631 -0.010409
v 0.016211 -0.000631 -0.011752
v 0.019306 -0.000631 -0.004488
v 0.018925 -0.000631 -0.006032
v 0.018422 -0.000631 -0.007539
v 0.019689 -0.000631 0.000254
v 0.019689 -0.000631 -0.001335
v 0.019561 -0.000631 -0.002920
v 0.018925 -0.000631 0.004950
v 0.019306 -0.000631 0.003407
v 0.019561 -0.000631 0.001838
v 0.017061 -0.000631 0.009327
v 0.017799 -0.000631 0.007920
v 0.018422 -0.000631 0.006458
v 0.014202 -0.000631 0.013131
v 0.015256 -0.000631 0.011941
v 0.016211 -0.000631 0.010671
v 0.010517 -0.000631 0.016140
v 0.011825 -0.000631 0.015237
v 0.013056 -0.000631 0.014232
v 0.006218 -0.000631 0.018180
v 0.007704 -0.000631 0.017616
v 0.009140 -0.000631 0.016935
v 0.003134 -0.000631 0.018940
v 0.004692 -0.000631 0.018622
v 0.001596 -0.000501 0.019623
v 0.001801 0.000939 0.022156
v 0.003214 -0.000501 0.019426
v 0.003621 0.000939 0.021935
v 0.004810 -0.000501 0.019101
v 0.005418 0.000939 0.021568
v 0.006374 -0.000501 0.018647
v 0.007179 0.000939 0.021058
v 0.007898 -0.000501 0.018070
v 0.008894 0.000939 0.020407
v 0.009369 -0.000501 0.017371
v 0.010550 0.000939 0.019621
v 0.010780 -0.000501 0.016557
v 0.012139 0.000939 0.018704
v 0.012121 -0.000501 0.015631
v 0.013648 0.000939 0.017663
v 0.013383 -0.000501 0.014601
v 0.015068 0.000939 0.016503
v 0.014558 -0.000501 0.013472
v 0.016391 0.000939 0.015233
v 0.015638 -0.000501 0.012253
v 0.017607 0.000939 0.013860
v 0.016617 -0.000501 0.010951
v 0.018708 0.000939 0.012394
v 0.017487 -0.000501 0.009574
v 0.019688 0.000939 0.010844
v 0.018245 -0.000501 0.008131
v 0.020540 0.000939 0.009221
v 0.018883 -0.000501 0.006633
v 0.021259 0.000939 0.007534
v 0.019399 -0.000501 0.005087
v 0.021840 0.000939 0.005794
v 0.019789 -0.000501 0.003506
v 0.022279 0.000939 0.004014
v 0.020050 -0.000501 0.001898
v 0.022573 0.000939 0.002204
v 0.020181 -0.000501 0.000274
v 0.022720 0.000939 0.000376
v 0.020181 -0.000501 -0.001355
v 0.022720 0.000939 -0.001458
v 0.020050 -0.000501 -0.002979
v 0.022573 0.000939 -0.003285
v 0.019789 -0.000501 -0.004587
v 0.022279 0.000939 -0.005095
v 0.019399 -0.000501 -0.006169
v 0.021840 0.000939 -0.006876
v 0.018883 -0.000501 -0.007714
v 0.021259 0.000939 -0.008615
v 0.018245 -0.000501 -0.009213
v 0.020540 0.000939 -0.010302
v 0.017487 -0.000501 -0.010655
v 0.019688 0.000939 -0.011926
v 0.016617 -0.000501 -0.012032
v 0.018708 0.000939 -0.013476
v 0.015638 -0.000501 -0.013335
v 0.017607 0.000939 -0.014942
v 0.014558 -0.000501 -0.014554
v 0.016391 0.000939 -0.016314
v 0.013383 -0.000501 -0.015682
v 0.015068 0.000939 -0.017585
v 0.012121 -0.000501 -0.016713
v 0.013648 0.000939 -0.018744
v 0.010780 -0.000501 -0.017638
v 0.012139 0.000939 -0.019786
v 0.009369 -0.000501 -0.018453
v 0.010550 0.000939 -0.020703
v 0.007898 -0.000501 -0.019151
v 0.008894 0.000939 -0.021489
v 0.006374 -0.000501 -0.019729
v 0.007179 0.000939 -0.022139
v 0.004810 -0.000501 -0.020182
v 0.005418 0.000939 -0.022649
v 0.003214 -0.000501 -0.020508
v 0.003621 0.000939 -0.023016
v 0.001596 -0.000501 -0.020704
v 0.001801 0.000939 -0.023237
v -0.000031 -0.000501 -0.020770
v -0.000031 0.000939 -0.023311
v -0.001659 -0.000501 -0.020704
v -0.001864 0.000939 -0.023237
v -0.003276 -0.000501 -0.020508
v -0.003684 0.000939 -0.023016
v -0.004873 -0.000501 -0.020182
v -0.005481 0.000939 -0.022649
v -0.006437 -0.000501 -0.019729
v -0.007242 0.000939 -0.022139
v -0.007961 -0.000501 -0.019151
v -0.008957 0.000939 -0.021489
v -0.009432 -0.000501 -0.018453
v -0.010613 0.000939 -0.020703
v -0.010843 -0.000501 -0.017638
v -0.012201 0.000939 -0.019786
v -0.012184 -0.000501 -0.016713
v -0.013711 0.000939 -0.018744
v -0.013446 -0.000501 -0.015682
v -0.015131 0.000939 -0.017585
v -0.014621 -0.000501 -0.014554
v -0.016453 0.000939 -0.016314
v -0.015701 -0.000501 -0.013335
v -0.017669 0.000939 -0.014942
v -0.016680 -0.000501 -0.012032
v -0.018771 0.000939 -0.013476
v -0.017550 -0.000501 -0.010655
v -0.019751 0.000939 -0.011926
v -0.018307 -0.000501 -0.009213
v -0.020603 0.000939 -0.010302
v -0.018946 -0.000501 -0.007714
v -0.021322 0.000939 -0.008615
v -0.019462 -0.000501 -0.006169
v -0.021903 0.000939 -0.006876
v -0.019852 -0.000501 -0.004587
v -0.022342 0.000939 -0.005095
v -0.020113 -0.000501 -0.002979
v -0.022636 0.000939 -0.003285
v -0.020244 -0.000501 -0.001355
v -0.022783 0.000939 -0.001458
v -0.020244 -0.000501 0.000274
v -0.022783 0.000939 0.000376
v -0.020113 -0.000501 0.001898
v -0.022636 0.000939 0.002204
v -0.019852 -0.000501 0.003506
v -0.022342 0.000939 0.004014
v -0.019462 -0.000501 0.005087
v -0.021903 0.000939 0.005794
v -0.018946 -0.000501 0.006633
v -0.021322 0.000939 0.007534
v -0.018307 -0.000501 0.008131
v -0.020603 0.000939 0.009221
v -0.017550 -0.000501 0.009574
v -0.019751 0.000939 0.010844
v -0.016680 -0.000501 0.010951
v -0.018771 0.000939 0.012394
v -0.015701 -0.000501 0.012253
v -0.017669 0.000939 0.013860
v -0.014621 -0.000501 0.013472
v -0.016453 0.000939 0.015233
v -0.013446 -0.000501 0.014601
v -0.015131 0.000939 0.016503
v -0.012184 -0.000501 0.015631
v -0.013711 0.000939 0.017663
v -0.010843 -0.000501 0.016557
v -0.012201 0.000939 0.018704
v -0.009432 -0.000501 0.017371
v -0.010613 0.000939 0.019621
v -0.007961 -0.000501 0.018070
v -0.008957 0.000939 0.020407
v -0.006437 -0.000501 0.018647
v -0.007242 0.000939 0.021058
v -0.004873 -0.000501 0.019101
v -0.005481 0.000939 0.021568
v -0.003276 -0.000501 0.019426
v -0.003684 0.000939 0.021935
v -0.001659 -0.000501 0.019623
v -0.001864 0.000939 0.022156
v -0.000031 -0.000501 0.019688
v -0.000031 0.000939 0.022230
v -0.017477 0.001069 0.020717
v -0.015458 0.001069 0.016872
v -0.019477 0.001069 0.018904
v -0.016809 0.001069 0.015574
v -0.021289 0.001069 0.016905
v -0.018051 0.001069 0.014172
v -0.022897 0.001069 0.014737
v -0.019177 0.001069 0.012674
v -0.024284 0.001069 0.012422
v -0.020178 0.001069 0.011091
v -0.021049 0.001069 0.009432
v -0.025438 0.001069 0.009983
v -0.021783 0.001069 0.007709
v -0.026347 0.001069 0.007442
v -0.022376 0.001069 0.005932
v -0.027003 0.001069 0.004824
v -0.022825 0.001069 0.004113
v -0.027399 0.001069 0.002155
v -0.023125 0.001069 0.002263
v -0.027531 0.001069 -0.000541
v -0.017477 0.001069 -0.021798
v -0.014007 0.001069 -0.019138
v -0.015309 0.001069 -0.023406
v -0.012465 0.001069 -0.020203
v -0.012995 0.001069 -0.024793
v -0.010842 0.001069 -0.021139
v -0.010555 0.001069 -0.025947
v -0.009150 0.001069 -0.021943
v -0.008014 0.001069 -0.026856
v -0.007398 0.001069 -0.022607
v -0.005396 0.001069 -0.027512
v -0.005396 0.001069 0.026430
v -0.005599 0.001069 0.022047
v -0.008014 0.001069 0.025775
v -0.007398 0.001069 0.021525
v -0.010555 0.001069 0.024866
v -0.009150 0.001069 0.020861
v -0.012995 0.001069 0.023712
v -0.010842 0.001069 0.020058
v -0.015309 0.001069 0.022324
v -0.012465 0.001069 0.019121
v -0.014007 0.001069 0.018057
v -0.023276 0.001069 0.000396
v -0.023276 0.001069 -0.001477
v -0.027399 0.001069 -0.003236
v -0.023125 0.001069 -0.003345
v -0.027003 0.001069 -0.005906
v -0.022825 0.001069 -0.005194
v -0.026347 0.001069 -0.008523
v -0.022376 0.001069 -0.007013
v -0.025438 0.001069 -0.011064
v -0.021783 0.001069 -0.008790
v -0.024284 0.001069 -0.013504
v -0.021049 0.001069 -0.010514
v -0.020178 0.001069 -0.012172
v -0.022897 0.001069 -0.015819
v -0.019177 0.001069 -0.013756
v -0.021289 0.001069 -0.017986
v -0.018051 0.001069 -0.015254
v -0.019477 0.001069 -0.019986
v -0.016809 0.001069 -0.016656
v -0.015458 0.001069 -0.017954
v -0.005599 0.001069 -0.023128
v -0.003763 0.001069 -0.023503
v -0.002727 0.001069 -0.027908
v -0.001903 0.001069 -0.023729
v -0.000031 0.001069 -0.028040
v -0.000031 0.001069 -0.023804
v 0.002664 0.001069 -0.027908
v 0.001840 0.001069 -0.023729
v 0.005333 0.001069 -0.027512
v 0.003700 0.001069 -0.023503
v 0.005536 0.001069 -0.023128
v 0.007951 0.001069 -0.026856
v 0.007335 0.001069 -0.022607
v 0.010492 0.001069 -0.025947
v 0.009087 0.001069 -0.021943
v 0.012932 0.001069 -0.024793
v 0.010780 0.001069 -0.021139
v 0.015247 0.001069 -0.023406
v 0.012402 0.001069 -0.020203
v 0.017414 0.001069 -0.021798
v 0.013944 0.001069 -0.019138
v 0.015395 0.001069 -0.017954
v 0.019414 0.001069 -0.019986
v 0.016746 0.001069 -0.016656
v 0.021226 0.001069 -0.017986
v 0.017988 0.001069 -0.015254
v 0.022834 0.001069 -0.015819
v 0.019114 0.001069 -0.013756
v 0.024221 0.001069 -0.013504
v 0.020115 0.001069 -0.012172
v 0.020986 0.001069 -0.010514
v 0.025375 0.001069 -0.011064
v 0.021720 0.001069 -0.008790
v 0.026284 0.001069 -0.008523
v 0.022313 0.001069 -0.007013
v 0.026940 0.001069 -0.005906
v 0.022762 0.001069 -0.005194
v 0.027336 0.001069 -0.003236
v 0.023062 0.001069 -0.003345
v 0.027468 0.001069 -0.000541
v 0.023213 0.001069 -0.001477
v 0.023213 0.001069 0.000396
v 0.027336 0.001069 0.002155
v 0.023062 0.001069 0.002263
v 0.026940 0.001069 0.004824
v 0.022762 0.001069 0.004113
v 0.026284 0.001069 0.007442
v 0.022313 0.001069 0.005932
v 0.025375 0.001069 0.009983
v 0.021720 0.001069 0.007709
v 0.024221 0.001069 0.012422
v 0.005333 0.001069 0.026430
v 0.003700 0.001069 0.022421
v 0.002664 0.001069 0.026826
v 0.001840 0.001069 0.022647
v -0.000031 0.001069 0.026959
v -0.000031 0.001069 0.022723
v -0.002727 0.001069 0.026826
v -0.001903 0.001069 0.022647
v -0.003763 0.001069 0.022421
v 0.020986 0.001069 0.009432
v 0.020115 0.001069 0.011091
v 0.022834 0.001069 0.014737
v 0.019114 0.001069 0.012674
v 0.021226 0.001069 0.016905
v 0.017988 0.001069 0.014172
v 0.019414 0.001069 0.018904
v 0.016746 0.001069 0.015574
v 0.017414 0.001069 0.020717
v 0.015395 0.001069 0.016872
v 0.013944 0.001069 0.018057
v 0.015247 0.001069 0.022324
v 0.012402 0.001069 0.019121
v 0.012932 0.001069 0.023712
v 0.010780 0.001069 0.020058
v 0.010492 0.001069 0.024866
v 0.009087 0.001069 0.020861
v 0.007951 0.001069 0.025775
v 0.007335 0.001069 0.021525
v 0.005536 0.001069 0.022047
v 0.002958 -0.001931 -0.030894
v 0.002958 -0.009565 -0.030894
v -0.000031 -0.001931 -0.031040
v -0.000031 -0.009565 -0.031040
v -0.003021 -0.001931 -0.030894
v -0.003021 -0.009565 -0.030894
v -0.004276 -0.001931 -0.030744
v -0.004276 -0.009565 -0.030744
v -0.005982 -0.001931 -0.030454
v -0.005982 -0.009565 -0.030454
v -0.008438 -0.001931 -0.029859
v -0.008438 -0.009565 -0.029859
v -0.008885 -0.001931 -0.029727
v -0.008885 -0.009565 -0.029727
v -0.011703 -0.001931 -0.028719
v -0.011703 -0.009565 -0.028719
v -0.012437 -0.001931 -0.028404
v -0.012437 -0.009565 -0.028404
v -0.014409 -0.001931 -0.027439
v -0.014409 -0.009565 -0.027439
v -0.016194 -0.001931 -0.026406
v -0.016194 -0.009565 -0.026406
v -0.016976 -0.001931 -0.025900
v -0.016976 -0.009565 -0.025900
v -0.019380 -0.001931 -0.024117
v -0.019380 -0.009565 -0.024117
v -0.019636 -0.001931 -0.023905
v -0.019636 -0.009565 -0.023905
v -0.021598 -0.001931 -0.022107
v -0.021598 -0.009565 -0.022107
v -0.022697 -0.001931 -0.020949
v -0.022697 -0.009565 -0.020949
v -0.023608 -0.001931 -0.019890
v -0.023608 -0.009565 -0.019890
v -0.025317 -0.001931 -0.017596
v -0.025317 -0.009565 -0.017596
v -0.025391 -0.001931 -0.017485
v -0.025391 -0.009565 -0.017485
v -0.026930 -0.001931 -0.014918
v -0.026930 -0.009565 -0.014918
v -0.027444 -0.001931 -0.013911
v -0.027444 -0.009565 -0.013911
v -0.028209 -0.001931 -0.012212
v -0.028209 -0.009565 -0.012212
v -0.029038 -0.001931 -0.009966
v -0.029038 -0.009565 -0.009966
v -0.029218 -0.001931 -0.009394
v -0.029218 -0.009565 -0.009394
v -0.029945 -0.001931 -0.006491
v -0.029945 -0.009565 -0.006491
v -0.030068 -0.001931 -0.005837
v -0.030068 -0.009565 -0.005837
v -0.030384 -0.001931 -0.003530
v -0.030384 -0.009565 -0.003530
v -0.030512 -0.001931 -0.001605
v -0.030512 -0.009565 -0.001605
v -0.030531 -0.001931 -0.000541
v -0.030531 -0.009565 -0.000541
v -0.030384 -0.001931 0.002449
v -0.030384 -0.009565 0.002449
v -0.030364 -0.001931 0.002647
v -0.030364 -0.009565 0.002647
v -0.029945 -0.001931 0.005409
v -0.029945 -0.009565 0.005409
v -0.029625 -0.001931 0.006838
v -0.029625 -0.009565 0.006838
v -0.029218 -0.001931 0.008313
v -0.029218 -0.009565 0.008313
v -0.028310 -0.001931 0.010885
v -0.028310 -0.009565 0.010885
v -0.028209 -0.001931 0.011131
v -0.028209 -0.009565 0.011131
v -0.026930 -0.001931 0.013837
v -0.026930 -0.009565 0.013837
v -0.026445 -0.001931 0.014709
v -0.026445 -0.009565 0.014709
v -0.025391 -0.001931 0.016404
v -0.025391 -0.009565 0.016404
v -0.024065 -0.001931 0.018237
v -0.024065 -0.009565 0.018237
v -0.023608 -0.001931 0.018808
v -0.023608 -0.009565 0.018808
v -0.021598 -0.001931 0.021026
v -0.021598 -0.009565 0.021026
v -0.021218 -0.001931 0.021399
v -0.021218 -0.009565 0.021399
v -0.019380 -0.001931 0.023036
v -0.019380 -0.009565 0.023036
v -0.017959 -0.001931 0.024134
v -0.017959 -0.009565 0.024134
v -0.016976 -0.001931 0.024819
v -0.016976 -0.009565 0.024819
v -0.014409 -0.001931 0.026357
v -0.014409 -0.009565 0.026357
v -0.014350 -0.001931 0.026389
v -0.014350 -0.009565 0.026389
v -0.011703 -0.001931 0.027637
v -0.011703 -0.009565 0.027637
v -0.010463 -0.001931 0.028119
v -0.010463 -0.009565 0.028119
v -0.008885 -0.001931 0.028646
v -0.008885 -0.009565 0.028646
v -0.006373 -0.001931 0.029292
v -0.006373 -0.009565 0.029292
v -0.005982 -0.001931 0.029373
v -0.005982 -0.009565 0.029373
v -0.003021 -0.001931 0.029812
v -0.003021 -0.009565 0.029812
v -0.002159 -0.001931 0.029885
v -0.002159 -0.009565 0.029885
v -0.000031 -0.001931 0.029959
v -0.000031 -0.009565 0.029959
v 0.002096 -0.001931 0.029885
v 0.002096 -0.009565 0.029885
v 0.002958 -0.001931 0.029812
v 0.002958 -0.009565 0.029812
v 0.005919 -0.001931 0.029373
v 0.005919 -0.009565 0.029373
v 0.006310 -0.001931 0.029292
v 0.006310 -0.009565 0.029292
v 0.008822 -0.001931 0.028646
v 0.008822 -0.009565 0.028646
v 0.010400 -0.001931 0.028119
v 0.010400 -0.009565 0.028119
v 0.011640 -0.001931 0.027637
v 0.011640 -0.009565 0.027637
v 0.014287 -0.001931 0.026389
v 0.014287 -0.009565 0.026389
v 0.014346 -0.001931 0.026357
v 0.014346 -0.009565 0.026357
v 0.016913 -0.001931 0.024819
v 0.016913 -0.009565 0.024819
v 0.017896 -0.001931 0.024134
v 0.017896 -0.009565 0.024134
v 0.019317 -0.001931 0.023036
v 0.019317 -0.009565 0.023036
v 0.021155 -0.001931 0.021399
v 0.021155 -0.009565 0.021399
v 0.021535 -0.001931 0.021026
v 0.021535 -0.009565 0.021026
v 0.023545 -0.001931 0.018808
v 0.023545 -0.009565 0.018808
v 0.024003 -0.001931 0.018237
v 0.024003 -0.009565 0.018237
v 0.025328 -0.001931 0.016404
v 0.025328 -0.009565 0.016404
v 0.026382 -0.001931 0.014709
v 0.026382 -0.009565 0.014709
v 0.026867 -0.001931 0.013837
v 0.026867 -0.009565 0.013837
v 0.028147 -0.001931 0.011131
v 0.028147 -0.009565 0.011131
v 0.028247 -0.001931 0.010885
v 0.028247 -0.009565 0.010885
v 0.029155 -0.001931 0.008313
v 0.029155 -0.009565 0.008313
v 0.029562 -0.001931 0.006838
v 0.029562 -0.009565 0.006838
v 0.029882 -0.001931 0.005409
v 0.029882 -0.009565 0.005409
v 0.030301 -0.001931 0.002647
v 0.030301 -0.009565 0.002647
v 0.030321 -0.001931 0.002449
v 0.030321 -0.009565 0.002449
v 0.030468 -0.001931 -0.000541
v 0.030468 -0.009565 -0.000541
v 0.030450 -0.001931 -0.001605
v 0.030450 -0.009565 -0.001605
v 0.030321 -0.001931 -0.003530
v 0.030321 -0.009565 -0.003530
v 0.030005 -0.001931 -0.005837
v 0.030005 -0.009565 -0.005837
v 0.029882 -0.001931 -0.006491
v 0.029882 -0.009565 -0.006491
v 0.029155 -0.001931 -0.009394
v 0.029155 -0.009565 -0.009394
v 0.028975 -0.001931 -0.009966
v 0.028975 -0.009565 -0.009966
v 0.028147 -0.001931 -0.012212
v 0.028147 -0.009565 -0.012212
v 0.027381 -0.001931 -0.013911
v 0.027381 -0.009565 -0.013911
v 0.026867 -0.001931 -0.014918
v 0.026867 -0.009565 -0.014918
v 0.025328 -0.001931 -0.017485
v 0.025328 -0.009565 -0.017485
v 0.025254 -0.001931 -0.017596
v 0.025254 -0.009565 -0.017596
v 0.023545 -0.001931 -0.019890
v 0.023545 -0.009565 -0.019890
v 0.022634 -0.001931 -0.020949
v 0.022634 -0.009565 -0.020949
v 0.021535 -0.001931 -0.022107
v 0.021535 -0.009565 -0.022107
v 0.019573 -0.001931 -0.023905
v 0.019573 -0.009565 -0.023905
v 0.019317 -0.001931 -0.024117
v 0.019317 -0.009565 -0.024117
v 0.016913 -0.001931 -0.025900
v 0.016913 -0.009565 -0.025900
v 0.016131 -0.001931 -0.026406
v 0.016131 -0.009565 -0.026406
v 0.014346 -0.001931 -0.027439
v 0.014346 -0.009565 -0.027439
v 0.012374 -0.001931 -0.028404
v 0.012374 -0.009565 -0.028404
v 0.011640 -0.001931 -0.028719
v 0.011640 -0.009565 -0.028719
v 0.008822 -0.001931 -0.029727
v 0.008822 -0.009565 -0.029727
v 0.008375 -0.001931 -0.029859
v 0.008375 -0.009565 -0.029859
v 0.005919 -0.001931 -0.030454
v 0.005919 -0.009565 -0.030454
v 0.004213 -0.001931 -0.030744
v 0.004213 -0.009565 -0.030744
v 0.002909 -0.010431 -0.030396
v 0.002909 -0.096930 -0.030396
v -0.000031 -0.010431 -0.030540
v -0.000031 -0.096930 -0.030540
v -0.002972 -0.010431 -0.030396
v -0.002972 -0.096930 -0.030396
v -0.004207 -0.010431 -0.030248
v -0.004207 -0.096930 -0.030248
v -0.005884 -0.010431 -0.029964
v -0.005884 -0.096930 -0.029964
v -0.008300 -0.010431 -0.029378
v -0.008300 -0.096930 -0.029378
v -0.008740 -0.010431 -0.029249
v -0.008740 -0.096930 -0.029249
v -0.011512 -0.010431 -0.028257
v -0.011512 -0.096930 -0.028257
v -0.012233 -0.010431 -0.027947
v -0.012233 -0.096930 -0.027947
v -0.014173 -0.010431 -0.026998
v -0.014173 -0.096930 -0.026998
v -0.015929 -0.010431 -0.025982
v -0.015929 -0.096930 -0.025982
v -0.016698 -0.010431 -0.025485
v -0.016698 -0.096930 -0.025485
v -0.019063 -0.010431 -0.023731
v -0.019063 -0.096930 -0.023731
v -0.019315 -0.010431 -0.023522
v -0.019315 -0.096930 -0.023522
v -0.021244 -0.010431 -0.021754
v -0.021244 -0.096930 -0.021754
v -0.022325 -0.010431 -0.020614
v -0.022325 -0.096930 -0.020614
v -0.023221 -0.010431 -0.019572
v -0.023221 -0.096930 -0.019572
v -0.024902 -0.010431 -0.017316
v -0.024902 -0.096930 -0.017316
v -0.024975 -0.010431 -0.017208
v -0.024975 -0.096930 -0.017208
v -0.026489 -0.010431 -0.014682
v -0.026489 -0.096930 -0.014682
v -0.026995 -0.010431 -0.013692
v -0.026995 -0.096930 -0.013692
v -0.027747 -0.010431 -0.012021
v -0.027747 -0.096930 -0.012021
v -0.028563 -0.010431 -0.009811
v -0.028563 -0.096930 -0.009811
v -0.028739 -0.010431 -0.009249
v -0.028739 -0.096930 -0.009249
v -0.029455 -0.010431 -0.006393
v -0.029455 -0.096930 -0.006393
v -0.029575 -0.010431 -0.005750
v -0.029575 -0.096930 -0.005750
v -0.029887 -0.010431 -0.003481
v -0.029887 -0.096930 -0.003481
v -0.030013 -0.010431 -0.001588
v -0.030013 -0.096930 -0.001588
v -0.030031 -0.010431 -0.000541
v -0.030031 -0.096930 -0.000541
v -0.029887 -0.010431 0.002400
v -0.029887 -0.096930 0.002400
v -0.029867 -0.010431 0.002595
v -0.029867 -0.096930 0.002595
v -0.029455 -0.010431 0.005312
v -0.029455 -0.096930 0.005312
v -0.029140 -0.010431 0.006717
v -0.029140 -0.096930 0.006717
v -0.028739 -0.010431 0.008168
v -0.028739 -0.096930 0.008168
v -0.027847 -0.010431 0.010697
v -0.027847 -0.096930 0.010697
v -0.027747 -0.010431 0.010940
v -0.027747 -0.096930 0.010940
v -0.026489 -0.010431 0.013601
v -0.026489 -0.096930 0.013601
v -0.026012 -0.010431 0.014459
v -0.026012 -0.096930 0.014459
v -0.024975 -0.010431 0.016126
v -0.024975 -0.096930 0.016126
v -0.023671 -0.010431 0.017929
v -0.023671 -0.096930 0.017929
v -0.023221 -0.010431 0.018491
v -0.023221 -0.096930 0.018491
v -0.021244 -0.010431 0.020672
v -0.021244 -0.096930 0.020672
v -0.020871 -0.010431 0.021039
v -0.020871 -0.096930 0.021039
v -0.019063 -0.010431 0.022649
v -0.019063 -0.096930 0.022649
v -0.017665 -0.010431 0.023729
v -0.017665 -0.096930 0.023729
v -0.016698 -0.010431 0.024403
v -0.016698 -0.096930 0.024403
v -0.014173 -0.010431 0.025917
v -0.014173 -0.096930 0.025917
v -0.014115 -0.010431 0.025947
v -0.014115 -0.096930 0.025947
v -0.011512 -0.010431 0.027175
v -0.011512 -0.096930 0.027175
v -0.010292 -0.010431 0.027650
v -0.010292 -0.096930 0.027650
v -0.008740 -0.010431 0.028167
v -0.008740 -0.096930 0.028167
v -0.006269 -0.010431 0.028803
v -0.006269 -0.096930 0.028803
v -0.005884 -0.010431 0.028882
v -0.005884 -0.096930 0.028882
v -0.002972 -0.010431 0.029314
v -0.002972 -0.096930 0.029314
v -0.002124 -0.010431 0.029386
v -0.002124 -0.096930 0.029386
v -0.000031 -0.010431 0.029459
v -0.000031 -0.096930 0.029459
v 0.002061 -0.010431 0.029386
v 0.002061 -0.096930 0.029386
v 0.002909 -0.010431 0.029314
v 0.002909 -0.096930 0.029314
v 0.005821 -0.010431 0.028882
v 0.005821 -0.096930 0.028882
v 0.006206 -0.010431 0.028803
v 0.006206 -0.096930 0.028803
v 0.008677 -0.010431 0.028167
v 0.008677 -0.096930 0.028167
v 0.010229 -0.010431 0.027650
v 0.010229 -0.096930 0.027650
v 0.011449 -0.010431 0.027175
v 0.011449 -0.096930 0.027175
v 0.014053 -0.010431 0.025947
v 0.014053 -0.096930 0.025947
v 0.014110 -0.010431 0.025917
v 0.014110 -0.096930 0.025917
v 0.016635 -0.010431 0.024403
v 0.016635 -0.096930 0.024403
v 0.017602 -0.010431 0.023729
v 0.017602 -0.096930 0.023729
v 0.019000 -0.010431 0.022649
v 0.019000 -0.096930 0.022649
v 0.020808 -0.010431 0.021039
v 0.020808 -0.096930 0.021039
v 0.021181 -0.010431 0.020672
v 0.021181 -0.096930 0.020672
v 0.023159 -0.010431 0.018491
v 0.023159 -0.096930 0.018491
v 0.023609 -0.010431 0.017929
v 0.023609 -0.096930 0.017929
v 0.024912 -0.010431 0.016126
v 0.024912 -0.096930 0.016126
v 0.025949 -0.010431 0.014459
v 0.025949 -0.096930 0.014459
v 0.026426 -0.010431 0.013601
v 0.026426 -0.096930 0.013601
v 0.027685 -0.010431 0.010940
v 0.027685 -0.096930 0.010940
v 0.027784 -0.010431 0.010697
v 0.027784 -0.096930 0.010697
v 0.028676 -0.010431 0.008168
v 0.028676 -0.096930 0.008168
v 0.029077 -0.010431 0.006717
v 0.029077 -0.096930 0.006717
v 0.029392 -0.010431 0.005312
v 0.029392 -0.096930 0.005312
v 0.029804 -0.010431 0.002595
v 0.029804 -0.096930 0.002595
v 0.029824 -0.010431 0.002400
v 0.029824 -0.096930 0.002400
v 0.029968 -0.010431 -0.000541
v 0.029968 -0.096930 -0.000541
v 0.029950 -0.010431 -0.001588
v 0.029950 -0.096930 -0.001588
v 0.029824 -0.010431 -0.003481
v 0.029824 -0.096930 -0.003481
v 0.029512 -0.010431 -0.005750
v 0.029512 -0.096930 -0.005750
v 0.029392 -0.010431 -0.006393
v 0.029392 -0.096930 -0.006393
v 0.028676 -0.010431 -0.009249
v 0.028676 -0.096930 -0.009249
v 0.028500 -0.010431 -0.009811
v 0.028500 -0.096930 -0.009811
v 0.027685 -0.010431 -0.012021
v 0.027685 -0.096930 -0.012021
v 0.026932 -0.010431 -0.013692
v 0.026932 -0.096930 -0.013692
v 0.026426 -0.010431 -0.014682
v 0.026426 -0.096930 -0.014682
v 0.024912 -0.010431 -0.017208
v 0.024912 -0.096930 -0.017208
v 0.024839 -0.010431 -0.017316
v 0.024839 -0.096930 -0.017316
v 0.023159 -0.010431 -0.019572
v 0.023159 -0.096930 -0.019572
v 0.022263 -0.010431 -0.020614
v 0.022263 -0.096930 -0.020614
v 0.021181 -0.010431 -0.021754
v 0.021181 -0.096930 -0.021754
v 0.019252 -0.010431 -0.023522
v 0.019252 -0.096930 -0.023522
v 0.019000 -0.010431 -0.023731
v 0.019000 -0.096930 -0.023731
v 0.016635 -0.010431 -0.025485
v 0.016635 -0.096930 -0.025485
v 0.015866 -0.010431 -0.025982
v 0.015866 -0.096930 -0.025982
v 0.014110 -0.010431 -0.026998
v 0.014110 -0.096930 -0.026998
v 0.012171 -0.010431 -0.027947
v 0.012171 -0.096930 -0.027947
v 0.011449 -0.010431 -0.028257
v 0.011449 -0.096930 -0.028257
v 0.008677 -0.010431 -0.029249
v 0.008677 -0.096930 -0.029249
v 0.008238 -0.010431 -0.029378
v 0.008238 -0.096930 -0.029378
v 0.005821 -0.010431 -0.029964
v 0.005821 -0.096930 -0.029964
v 0.004144 -0.010431 -0.030248
v 0.004144 -0.096930 -0.030248
v 0.002958 -0.097796 -0.030894
v 0.002958 -0.101564 -0.030894
v -0.000031 -0.097796 -0.031040
v -0.000031 -0.101564 -0.031040
v -0.003021 -0.097796 -0.030894
v -0.003021 -0.101564 -0.030894
v -0.004276 -0.097796 -0.030744
v -0.004276 -0.101564 -0.030744
v -0.005982 -0.097796 -0.030454
v -0.005982 -0.101564 -0.030454
v -0.008438 -0.097796 -0.029859
v -0.008438 -0.101564 -0.029859
v -0.008885 -0.097796 -0.029727
v -0.008885 -0.101564 -0.029727
v -0.011703 -0.097796 -0.028719
v -0.011703 -0.101564 -0.028719
v -0.012437 -0.097796 -0.028404
v -0.012437 -0.101564 -0.028404
v -0.014409 -0.097796 -0.027439
v -0.014409 -0.101564 -0.027439
v -0.016194 -0.097796 -0.026406
v -0.016194 -0.101564 -0.026406
v -0.016976 -0.097796 -0.025900
v -0.016976 -0.101564 -0.025900
v -0.019380 -0.097796 -0.024117
v -0.019380 -0.101564 -0.024117
v -0.019636 -0.097796 -0.023905
v -0.019636 -0.101564 -0.023905
v -0.021598 -0.097796 -0.022107
v -0.021598 -0.101564 -0.022107
v -0.022697 -0.097796 -0.020949
v -0.022697 -0.101564 -0.020949
v -0.023608 -0.097796 -0.019890
v -0.023608 -0.101564 -0.019890
v -0.025317 -0.097796 -0.017596
v -0.025317 -0.101564 -0.017596
v -0.025391 -0.097796 -0.017485
v -0.025391 -0.101564 -0.017485
v -0.026930 -0.097796 -0.014918
v -0.026930 -0.101564 -0.014918
v -0.027444 -0.097796 -0.013911
v -0.027444 -0.101564 -0.013911
v -0.028209 -0.097796 -0.012212
v -0.028209 -0.101564 -0.012212
v -0.029038 -0.097796 -0.009966
v -0.029038 -0.101564 -0.009966
v -0.029218 -0.097796 -0.009394
v -0.029218 -0.101564 -0.009394
v -0.029945 -0.097796 -0.006491
v -0.029945 -0.101564 -0.006491
v -0.030068 -0.097796 -0.005837
v -0.030068 -0.101564 -0.005837
v -0.030384 -0.097796 -0.003530
v -0.030384 -0.101564 -0.003530
v -0.030512 -0.097796 -0.001605
v -0.030512 -0.101564 -0.001605
v -0.030531 -0.097796 -0.000541
v -0.030531 -0.101564 -0.000541
v -0.030384 -0.097796 0.002449
v -0.030384 -0.101564 0.002449
v -0.030364 -0.097796 0.002647
v -0.030364 -0.101564 0.002647
v -0.029945 -0.097796 0.005409
v -0.029945 -0.101564 0.005409
v -0.029625 -0.097796 0.006838
v -0.029625 -0.101564 0.006838
v -0.029218 -0.097796 0.008313
v -0.029218 -0.101564 0.008313
v -0.028310 -0.097796 0.010885
v -0.028310 -0.101564 0.010885
v -0.028209 -0.097796 0.011131
v -0.028209 -0.101564 0.011131
v -0.026930 -0.097796 0.013837
v -0.026930 -0.101564 0.013837
v -0.026445 -0.097796 0.014709
v -0.026445 -0.101564 0.014709
v -0.025391 -0.097796 0.016404
v -0.025391 -0.101564 0.016404
v -0.024065 -0.097796 0.018237
v -0.024065 -0.101564 0.018237
v -0.023608 -0.097796 0.018808
v -0.023608 -0.101564 0.018808
v -0.021598 -0.097796 0.021026
v -0.021598 -0.101564 0.021026
v -0.021218 -0.097796 0.021399
v -0.021218 -0.101564 0.021399
v -0.019380 -0.097796 0.023036
v -0.019380 -0.101564 0.023036
v -0.017959 -0.097796 0.024134
v -0.017959 -0.101564 0.024134
v -0.016976 -0.097796 0.024819
v -0.016976 -0.101564 0.024819
v -0.014409 -0.097796 0.026357
v -0.014409 -0.101564 0.026357
v -0.014350 -0.097796 0.026389
v -0.014350 -0.101564 0.026389
v -0.011703 -0.097796 0.027637
v -0.011703 -0.101564 0.027637
v -0.010463 -0.097796 0.028119
v -0.010463 -0.101564 0.028119
v -0.008885 -0.097796 0.028646
v -0.008885 -0.101564 0.028646
v -0.006373 -0.097796 0.029292
v -0.006373 -0.101564 0.029292
v -0.005982 -0.097796 0.029373
v -0.005982 -0.101564 0.029373
v -0.003021 -0.097796 0.029812
v -0.003021 -0.101564 0.029812
v -0.002159 -0.097796 0.029885
v -0.002159 -0.101564 0.029885
v -0.000031 -0.097796 0.029959
v -0.000031 -0.101564 0.029959
v 0.002096 -0.097796 0.029885
v 0.002096 -0.101564 0.029885
v 0.002958 -0.097796 0.029812
v 0.002958 -0.101564 0.029812
v 0.005919 -0.097796 0.029373
v 0.005919 -0.101564 0.029373
v 0.006310 -0.097796 0.029292
v 0.006310 -0.101564 0.029292
v 0.008822 -0.097796 0.028646
v 0.008822 -0.101564 0.028646
v 0.010400 -0.097796 0.028119
v 0.010400 -0.101564 0.028119
v 0.011640 -0.097796 0.027637
v 0.011640 -0.101564 0.027637
v 0.014287 -0.097796 0.026389
v 0.014287 -0.101564 0.026389
v 0.014346 -0.097796 0.026357
v 0.014346 -0.101564 0.026357
v 0.016913 -0.097796 0.024819
v 0.016913 -0.101564 0.024819
v 0.017896 -0.097796 0.024134
v 0.017896 -0.101564 0.024134
v 0.019317 -0.097796 0.023036
v 0.019317 -0.101564 0.023036
v 0.021155 -0.097796 0.021399
v 0.021155 -0.101564 0.021399
v 0.021535 -0.097796 0.021026
v 0.021535 -0.101564 0.021026
v 0.023545 -0.097796 0.018808
v 0.023545 -0.101564 0.018808
v 0.024003 -0.097796 0.018237
v 0.024003 -0.101564 0.018237
v 0.025328 -0.097796 0.016404
v 0.025328 -0.101564 0.016404
v 0.026382 -0.097796 0.014709
v 0.026382 -0.101564 0.014709
v 0.026867 -0.097796 0.013837
v 0.026867 -0.101564 0.013837
v 0.028147 -0.097796 0.011131
v 0.028147 -0.101564 0.011131
v 0.028247 -0.097796 0.010885
v 0.028247 -0.101564 0.010885
v 0.029155 -0.097796 0.008313
v 0.029155 -0.101564 0.008313
v 0.029562 -0.097796 0.006838
v 0.029562 -0.101564 0.006838
v 0.029882 -0.097796 0.005409
v 0.029882 -0.101564 0.005409
v 0.030301 -0.097796 0.002647
v 0.030301 -0.101564 0.002647
v 0.030321 -0.097796 0.002449
v 0.030321 -0.101564 0.002449
v 0.030468 -0.097796 -0.000541
v 0.030468 -0.101564 -0.000541
v 0.030450 -0.097796 -0.001605
v 0.030450 -0.101564 -0.001605
v 0.030321 -0.097796 -0.003530
v 0.030321 -0.101564 -0.003530
v 0.030005 -0.097796 -0.005837
v 0.030005 -0.101564 -0.005837
v 0.029882 -0.097796 -0.006491
v 0.029882 -0.101564 -0.006491
v 0.029155 -0.097796 -0.009394
v 0.029155 -0.101564 -0.009394
v 0.028975 -0.097796 -0.009966
v 0.028975 -0.101564 -0.009966
v 0.028147 -0.097796 -0.012212
v 0.028147 -0.101564 -0.012212
v 0.027381 -0.097796 -0.013911
v 0.027381 -0.101564 -0.013911
v 0.026867 -0.097796 -0.014918
v 0.026867 -0.101564 -0.014918
v 0.025328 -0.097796 -0.017485
v 0.025328 -0.101564 -0.017485
v 0.025254 -0.097796 -0.017596
v 0.025254 -0.101564 -0.017596
v 0.023545 -0.097796 -0.019890
v 0.023545 -0.101564 -0.019890
v 0.022634 -0.097796 -0.020949
v 0.022634 -0.101564 -0.020949
v 0.021535 -0.097796 -0.022107
v 0.021535 -0.101564 -0.022107
v 0.019573 -0.097796 -0.023905
v 0.019573 -0.101564 -0.023905
v 0.019317 -0.097796 -0.024117
v 0.019317 -0.101564 -0.024117
v 0.016913 -0.097796 -0.025900
v 0.016913 -0.101564 -0.025900
v 0.016131 -0.097796 -0.026406
v 0.016131 -0.101564 -0.026406
v 0.014346 -0.097796 -0.027439
v 0.014346 -0.101564 -0.027439
v 0.012374 -0.097796 -0.028404
v 0.012374 -0.101564 -0.028404
v 0.011640 -0.097796 -0.028719
v 0.011640 -0.101564 -0.028719
v 0.008822 -0.097796 -0.029727
v 0.008822 -0.101564 -0.029727
v 0.008375 -0.097796 -0.029859
v 0.008375 -0.101564 -0.029859
v 0.005919 -0.097796 -0.030454
v 0.005919 -0.101564 -0.030454
v 0.004213 -0.097796 -0.030744
v 0.004213 -0.101564 -0.030744
v -0.027747 -0.102430 -0.012021
v -0.026995 -0.102430 -0.013692
v -0.026995 -0.105554 -0.013692
v -0.005884 -0.102430 -0.029964
v -0.004207 -0.102430 -0.030248
v -0.004207 -0.105554 -0.030248
v -0.002972 -0.102430 -0.030396
v -0.001527 -0.105554 -0.030503
v -0.000031 -0.102430 -0.030540
v -0.000031 -0.105554 -0.030540
v -0.014173 -0.102430 -0.026998
v -0.012233 -0.102430 -0.027947
v -0.012233 -0.105554 -0.027947
v -0.011512 -0.102430 -0.028257
v -0.010292 -0.105554 -0.028731
v -0.008740 -0.102430 -0.029249
v -0.008300 -0.105554 -0.029378
v -0.008300 -0.102430 -0.029378
v -0.007434 -0.105554 -0.029613
v -0.004503 -0.105554 -0.030205
v -0.013048 -0.105554 -0.027569
v -0.015674 -0.105554 -0.026139
v -0.015929 -0.102430 -0.025982
v -0.015929 -0.105554 -0.025982
v -0.016698 -0.102430 -0.025485
v -0.018145 -0.105554 -0.024454
v -0.019063 -0.102430 -0.023731
v -0.019315 -0.105554 -0.023522
v -0.019315 -0.102430 -0.023522
v -0.021244 -0.102430 -0.021754
v -0.020436 -0.105554 -0.022532
v -0.022325 -0.102430 -0.020614
v -0.022325 -0.105554 -0.020614
v -0.023221 -0.102430 -0.019572
v -0.026012 -0.105554 -0.015541
v -0.022525 -0.105554 -0.020391
v -0.024389 -0.105554 -0.018053
v -0.024902 -0.102430 -0.017316
v -0.024902 -0.105554 -0.017316
v -0.024975 -0.102430 -0.017208
v -0.026489 -0.102430 -0.014682
v -0.027376 -0.105554 -0.012879
v -0.028469 -0.105554 -0.010095
v -0.028563 -0.102430 -0.009811
v -0.028563 -0.105554 -0.009811
v -0.028739 -0.102430 -0.009249
v -0.029279 -0.105554 -0.007216
v -0.029455 -0.102430 -0.006393
v -0.029575 -0.105554 -0.005750
v -0.029575 -0.102430 -0.005750
v -0.030031 -0.102430 -0.000541
v -0.029947 -0.105554 0.001701
v -0.029887 -0.102430 0.002400
v -0.029867 -0.105554 0.002595
v -0.029867 -0.102430 0.002595
v -0.029887 -0.102430 -0.003481
v -0.029798 -0.105554 -0.004271
v -0.030013 -0.102430 -0.001588
v -0.030013 -0.105554 -0.001588
v -0.030022 -0.105554 -0.001289
v -0.029455 -0.102430 0.005312
v -0.029575 -0.105554 0.004669
v -0.029140 -0.102430 0.006717
v -0.029140 -0.105554 0.006717
v -0.028739 -0.102430 0.008168
v -0.028910 -0.105554 0.007584
v -0.027957 -0.105554 0.010419
v -0.027847 -0.102430 0.010697
v -0.027847 -0.105554 0.010697
v -0.027747 -0.102430 0.010940
v -0.026727 -0.105554 0.013145
v -0.026489 -0.102430 0.013601
v -0.014115 -0.105554 0.025947
v -0.014173 -0.102430 0.025917
v -0.014379 -0.105554 0.025806
v -0.016698 -0.102430 0.024403
v -0.026012 -0.102430 0.014459
v -0.026012 -0.105554 0.014459
v -0.024975 -0.102430 0.016126
v -0.025232 -0.105554 0.015735
v -0.023671 -0.102430 0.017929
v -0.023671 -0.105554 0.017929
v -0.023221 -0.102430 0.018491
v -0.023486 -0.105554 0.018164
v -0.021244 -0.102430 0.020672
v -0.021507 -0.105554 0.020406
v -0.020871 -0.102430 0.021039
v -0.020871 -0.105554 0.021039
v -0.019063 -0.102430 0.022649
v -0.019315 -0.105554 0.022440
v -0.017665 -0.102430 0.023729
v -0.017665 -0.105554 0.023729
v -0.016931 -0.105554 0.024246
v 0.001464 -0.105554 -0.030503
v 0.002909 -0.102430 -0.030396
v 0.004144 -0.105554 -0.030248
v 0.004144 -0.102430 -0.030248
v 0.004440 -0.105554 -0.030205
v 0.005821 -0.102430 -0.029964
v 0.007371 -0.105554 -0.029613
v 0.008238 -0.102430 -0.029378
v 0.008238 -0.105554 -0.029378
v 0.008677 -0.102430 -0.029249
v 0.010229 -0.105554 -0.028731
v 0.011449 -0.102430 -0.028257
v 0.012171 -0.105554 -0.027947
v 0.012171 -0.102430 -0.027947
v 0.012985 -0.105554 -0.027569
v 0.014110 -0.102430 -0.026998
v 0.015611 -0.105554 -0.026139
v 0.015866 -0.102430 -0.025982
v 0.015866 -0.105554 -0.025982
v 0.016635 -0.102430 -0.025485
v 0.018082 -0.105554 -0.024454
v 0.019000 -0.102430 -0.023731
v 0.019252 -0.105554 -0.023522
v 0.019252 -0.102430 -0.023522
v 0.020373 -0.105554 -0.022532
v 0.021181 -0.102430 -0.021754
v 0.022263 -0.105554 -0.020614
v 0.022263 -0.102430 -0.020614
v 0.022462 -0.105554 -0.020391
v 0.023159 -0.102430 -0.019572
v 0.024326 -0.105554 -0.018053
v 0.024839 -0.102430 -0.017316
v 0.024839 -0.105554 -0.017316
v 0.024912 -0.102430 -0.017208
v 0.025949 -0.105554 -0.015541
v 0.026426 -0.102430 -0.014682
v 0.026932 -0.105554 -0.013692
v 0.026932 -0.102430 -0.013692
v 0.027313 -0.105554 -0.012879
v 0.027685 -0.102430 -0.012021
v 0.028406 -0.105554 -0.010095
v 0.028500 -0.102430 -0.009811
v 0.028500 -0.105554 -0.009811
v 0.028676 -0.102430 -0.009249
v 0.029216 -0.105554 -0.007216
v 0.029392 -0.102430 -0.006393
v 0.029512 -0.105554 -0.005750
v 0.029512 -0.102430 -0.005750
v 0.029735 -0.105554 -0.004271
v 0.029824 -0.102430 -0.003481
v 0.029950 -0.105554 -0.001588
v 0.029950 -0.102430 -0.001588
v 0.029959 -0.105554 -0.001289
v 0.029968 -0.102430 -0.000541
v 0.029884 -0.105554 0.001701
v 0.029824 -0.102430 0.002400
v 0.029804 -0.105554 0.002595
v 0.029804 -0.102430 0.002595
v 0.029512 -0.105554 0.004669
v 0.029392 -0.102430 0.005312
v 0.029077 -0.105554 0.006717
v 0.029077 -0.102430 0.006717
v 0.028847 -0.105554 0.007584
v 0.028676 -0.102430 0.008168
v 0.027894 -0.105554 0.010419
v 0.027784 -0.102430 0.010697
v 0.027784 -0.105554 0.010697
v 0.027685 -0.102430 0.010940
v 0.026664 -0.105554 0.013145
v 0.026426 -0.102430 0.013601
v 0.025949 -0.105554 0.014459
v 0.025949 -0.102430 0.014459
v 0.025169 -0.105554 0.015735
v 0.024912 -0.102430 0.016126
v 0.023609 -0.105554 0.017929
v 0.023609 -0.102430 0.017929
v 0.023423 -0.105554 0.018164
v 0.023159 -0.102430 0.018491
v 0.021444 -0.105554 0.020406
v 0.021181 -0.102430 0.020672
v 0.020808 -0.105554 0.021039
v 0.020808 -0.102430 0.021039
v 0.019252 -0.105554 0.022440
v 0.019000 -0.102430 0.022649
v 0.017602 -0.105554 0.023729
v 0.017602 -0.102430 0.023729
v 0.016868 -0.105554 0.024246
v 0.016635 -0.102430 0.024403
v 0.014316 -0.105554 0.025806
v 0.014110 -0.102430 0.025917
v 0.014053 -0.105554 0.025947
v 0.014053 -0.102430 0.025947
v 0.011621 -0.105554 0.027103
v 0.011449 -0.102430 0.027175
v 0.010229 -0.105554 0.027650
v 0.010229 -0.102430 0.027650
v 0.008811 -0.105554 0.028126
v 0.008677 -0.102430 0.028167
v 0.006206 -0.105554 0.028803
v 0.006206 -0.102430 0.028803
v 0.005913 -0.105554 0.028864
v 0.005821 -0.102430 0.028882
v 0.002956 -0.105554 0.029310
v 0.002909 -0.102430 0.029314
v 0.002061 -0.105554 0.029386
v 0.002061 -0.102430 0.029386
v -0.000031 -0.105554 0.029459
v -0.000031 -0.102430 0.029459
v -0.002124 -0.105554 0.029386
v -0.002124 -0.102430 0.029386
v -0.003018 -0.105554 0.029310
v -0.002972 -0.102430 0.029314
v -0.005976 -0.105554 0.028864
v -0.005884 -0.102430 0.028882
v -0.006269 -0.105554 0.028803
v -0.006269 -0.102430 0.028803
v -0.008874 -0.105554 0.028126
v -0.008740 -0.102430 0.028167
v -0.010292 -0.105554 0.027650
v -0.010292 -0.102430 0.027650
v -0.011684 -0.105554 0.027103
v -0.011512 -0.102430 0.027175
v -0.014115 -0.102430 0.025947
v -0.005957 -0.115647 0.020124
v -0.008801 -0.106212 0.027890
v -0.007384 -0.115647 0.019660
v -0.011588 -0.106212 0.026875
v -0.008775 -0.115647 0.019098
v -0.012133 -0.106212 0.026639
v -0.009679 -0.115647 0.018670
v -0.014261 -0.106212 0.025588
v -0.011423 -0.115647 0.017690
v -0.015798 -0.106212 0.024691
v -0.011844 -0.115647 0.017420
v -0.016791 -0.106212 0.024042
v -0.013850 -0.115647 0.015927
v -0.019156 -0.106212 0.022251
v -0.015668 -0.115647 0.014211
v -0.021330 -0.106212 0.020233
v -0.016007 -0.115647 0.013844
v -0.022142 -0.106212 0.019367
v -0.017275 -0.115647 0.012296
v -0.023293 -0.106212 0.018009
v -0.017853 -0.115647 0.011480
v -0.024697 -0.106212 0.016096
v -0.025024 -0.106212 0.015601
v -0.018649 -0.115647 0.010208
v -0.026507 -0.106212 0.013033
v -0.019353 -0.115647 0.008883
v -0.026773 -0.106212 0.012502
v -0.019770 -0.115647 0.007974
v -0.027727 -0.106212 0.010329
v -0.020476 -0.115647 0.006102
v -0.028327 -0.106212 0.008653
v -0.020625 -0.115647 0.005625
v -0.028672 -0.106212 0.007517
v -0.021202 -0.115647 0.003192
v -0.029332 -0.106212 0.004626
v -0.021492 -0.115647 0.000709
v -0.029700 -0.106212 0.001683
v -0.021515 -0.115647 0.000209
v -0.029766 -0.106212 0.000498
v -0.021492 -0.115647 -0.001791
v -0.029774 -0.106212 -0.001283
v -0.021411 -0.115647 -0.002788
v -0.029621 -0.106212 -0.003651
v -0.021202 -0.115647 -0.004274
v -0.029553 -0.106212 -0.004240
v -0.029038 -0.106212 -0.007161
v -0.020890 -0.115647 -0.005741
v -0.028900 -0.106212 -0.007738
v -0.020625 -0.115647 -0.006706
v -0.028234 -0.106212 -0.010016
v -0.019963 -0.115647 -0.008594
v -0.027617 -0.106212 -0.011686
v -0.019770 -0.115647 -0.009055
v -0.027151 -0.106212 -0.012777
v -0.018649 -0.115647 -0.011289
v -0.025798 -0.106212 -0.015417
v -0.017275 -0.115647 -0.013378
v -0.024188 -0.106212 -0.017908
v -0.016971 -0.115647 -0.013776
v -0.023476 -0.106212 -0.018858
v -0.015668 -0.115647 -0.015293
v -0.022339 -0.106212 -0.020227
v -0.014965 -0.115647 -0.016005
v -0.020699 -0.106212 -0.021943
v -0.013850 -0.115647 -0.017009
v -0.020268 -0.106212 -0.022351
v -0.017996 -0.106212 -0.024257
v -0.012667 -0.115647 -0.017932
v -0.017519 -0.106212 -0.024611
v -0.011844 -0.115647 -0.018501
v -0.015545 -0.106212 -0.025928
v -0.010124 -0.115647 -0.019522
v -0.013999 -0.106212 -0.026810
v -0.009679 -0.115647 -0.019751
v -0.012940 -0.106212 -0.027347
v -0.007384 -0.115647 -0.020741
v -0.010207 -0.106212 -0.028499
v -0.004989 -0.115647 -0.021458
v -0.007373 -0.106212 -0.029373
v -0.004501 -0.115647 -0.021568
v -0.006217 -0.106212 -0.029643
v -0.002527 -0.115647 -0.021893
v -0.004466 -0.106212 -0.029961
v -0.001531 -0.115647 -0.021986
v -0.002107 -0.106212 -0.030220
v -0.001514 -0.106212 -0.030256
v -0.000031 -0.115647 -0.022038
v -0.000031 -0.106212 -0.030293
v 0.001452 -0.106212 -0.030256
v 0.001468 -0.115647 -0.021986
v 0.002044 -0.106212 -0.030220
v 0.002464 -0.115647 -0.021893
v 0.004403 -0.106212 -0.029961
v 0.004438 -0.115647 -0.021568
v 0.006154 -0.106212 -0.029643
v 0.004926 -0.115647 -0.021458
v 0.007310 -0.106212 -0.029373
v 0.007321 -0.115647 -0.020741
v 0.010144 -0.106212 -0.028499
v 0.009616 -0.115647 -0.019751
v 0.012878 -0.106212 -0.027347
v 0.010061 -0.115647 -0.019522
v 0.013936 -0.106212 -0.026810
v 0.011781 -0.115647 -0.018501
v 0.015482 -0.106212 -0.025928
v 0.012604 -0.115647 -0.017932
v 0.017456 -0.106212 -0.024611
v 0.013787 -0.115647 -0.017009
v 0.017933 -0.106212 -0.024257
v 0.020205 -0.106212 -0.022351
v 0.014902 -0.115647 -0.016005
v 0.020636 -0.106212 -0.021943
v 0.015605 -0.115647 -0.015293
v 0.022276 -0.106212 -0.020227
v 0.016909 -0.115647 -0.013776
v 0.023414 -0.106212 -0.018858
v 0.017212 -0.115647 -0.013378
v 0.024125 -0.106212 -0.017908
v 0.018586 -0.115647 -0.011289
v 0.025735 -0.106212 -0.015417
v 0.019708 -0.115647 -0.009055
v 0.027088 -0.106212 -0.012777
v 0.019900 -0.115647 -0.008594
v 0.027554 -0.106212 -0.011686
v 0.020563 -0.115647 -0.006706
v 0.028171 -0.106212 -0.010016
v 0.020827 -0.115647 -0.005741
v 0.028837 -0.106212 -0.007738
v 0.021139 -0.115647 -0.004274
v 0.028975 -0.106212 -0.007161
v 0.029490 -0.106212 -0.004240
v 0.021348 -0.115647 -0.002788
v 0.029558 -0.106212 -0.003651
v 0.021429 -0.115647 -0.001791
v 0.029712 -0.106212 -0.001283
v 0.021453 -0.115647 0.000209
v 0.029703 -0.106212 0.000498
v 0.021429 -0.115647 0.000709
v 0.029638 -0.106212 0.001683
v 0.021139 -0.115647 0.003192
v 0.029269 -0.106212 0.004626
v 0.020563 -0.115647 0.005625
v 0.028609 -0.106212 0.007517
v 0.020414 -0.115647 0.006102
v 0.028265 -0.106212 0.008653
v 0.019708 -0.115647 0.007974
v 0.027664 -0.106212 0.010329
v 0.019290 -0.115647 0.008883
v 0.026710 -0.106212 0.012502
v 0.018586 -0.115647 0.010208
v 0.026444 -0.106212 0.013033
v 0.024961 -0.106212 0.015601
v 0.017791 -0.115647 0.011480
v 0.024634 -0.106212 0.016096
v 0.017212 -0.115647 0.012296
v 0.023230 -0.106212 0.018009
v 0.015944 -0.115647 0.013844
v 0.022079 -0.106212 0.019367
v 0.015605 -0.115647 0.014211
v 0.021267 -0.106212 0.020233
v 0.013787 -0.115647 0.015927
v 0.019093 -0.106212 0.022251
v 0.011781 -0.115647 0.017420
v 0.016729 -0.106212 0.024042
v 0.011360 -0.115647 0.017690
v 0.015735 -0.106212 0.024691
v 0.009616 -0.115647 0.018670
v 0.014198 -0.106212 0.025588
v 0.008712 -0.115647 0.019098
v 0.012070 -0.106212 0.026639
v 0.007321 -0.115647 0.019660
v 0.011525 -0.106212 0.026875
v 0.008738 -0.106212 0.027890
v 0.005894 -0.115647 0.020124
v 0.008169 -0.106212 0.028059
v 0.004926 -0.115647 0.020377
v 0.005864 -0.106212 0.028622
v 0.002960 -0.115647 0.020747
v 0.004109 -0.106212 0.028922
v 0.002464 -0.115647 0.020811
v 0.002931 -0.106212 0.029064
v -0.000031 -0.115647 0.020956
v -0.000031 -0.106212 0.029211
v -0.002527 -0.115647 0.020811
v -0.002994 -0.106212 0.029064
v -0.003023 -0.115647 0.020747
v -0.004172 -0.106212 0.028922
v -0.004989 -0.115647 0.020377
v -0.005927 -0.106212 0.028622
v -0.008232 -0.106212 0.028059
v 0.020895 -0.116305 0.003149
v 0.020568 -0.116305 0.004676
v 0.020568 -0.119429 0.004676
v 0.004869 -0.116305 0.020136
v 0.003466 -0.116305 0.020419
v 0.003466 -0.119429 0.020419
v 0.002436 -0.116305 0.020565
v 0.001227 -0.119429 0.020672
v -0.000031 -0.116305 0.020709
v 0.011645 -0.116305 0.017213
v 0.010082 -0.116305 0.018148
v 0.010082 -0.119429 0.018148
v 0.009505 -0.116305 0.018449
v 0.008535 -0.119429 0.018906
v 0.007236 -0.116305 0.019427
v 0.006868 -0.119429 0.019558
v 0.006868 -0.116305 0.019558
v 0.006175 -0.119429 0.019782
v 0.003727 -0.119429 0.020374
v 0.010775 -0.119429 0.017756
v 0.012863 -0.119429 0.016350
v 0.013020 -0.116305 0.016228
v 0.013020 -0.119429 0.016228
v 0.013628 -0.116305 0.015737
v 0.014770 -0.119429 0.014706
v 0.015425 -0.116305 0.014042
v 0.015602 -0.119429 0.013851
v 0.015602 -0.116305 0.013851
v 0.017013 -0.116305 0.012149
v 0.016469 -0.119429 0.012848
v 0.017758 -0.116305 0.011082
v 0.017758 -0.119429 0.011082
v 0.018371 -0.116305 0.010084
v 0.020099 -0.119429 0.006265
v 0.017937 -0.119429 0.010803
v 0.019153 -0.119429 0.008598
v 0.019428 -0.116305 0.007995
v 0.019428 -0.119429 0.007995
v 0.019480 -0.116305 0.007876
v 0.020326 -0.116305 0.005554
v 0.020763 -0.119429 0.003836
v 0.021134 -0.119429 0.001346
v 0.021146 -0.116305 0.001214
v 0.021146 -0.119429 0.001214
v 0.021182 -0.116305 0.000695
v 0.021209 -0.119429 -0.001170
v 0.021182 -0.116305 -0.001776
v 0.021146 -0.119429 -0.002296
v 0.021146 -0.116305 -0.002296
v 0.020326 -0.116305 -0.006635
v 0.019660 -0.119429 -0.008527
v 0.019480 -0.116305 -0.008957
v 0.019428 -0.119429 -0.009077
v 0.019428 -0.116305 -0.009077
v 0.020895 -0.116305 -0.004231
v 0.020985 -0.119429 -0.003678
v 0.020568 -0.116305 -0.005757
v 0.020568 -0.119429 -0.005757
v 0.020467 -0.119429 -0.006142
v 0.018371 -0.116305 -0.011166
v 0.018578 -0.119429 -0.010800
v 0.017758 -0.116305 -0.012163
v 0.017758 -0.119429 -0.012163
v 0.017013 -0.116305 -0.013230
v 0.017234 -0.119429 -0.012929
v 0.015647 -0.119429 -0.014884
v 0.015602 -0.116305 -0.014933
v 0.015602 -0.119429 -0.014933
v 0.015425 -0.116305 -0.015123
v 0.013841 -0.119429 -0.016638
v 0.013628 -0.116305 -0.016819
v 0.013020 -0.116305 -0.017310
v 0.013020 -0.119429 -0.017310
v 0.011645 -0.116305 -0.018295
v 0.011840 -0.119429 -0.018165
v 0.010082 -0.116305 -0.019229
v 0.010082 -0.119429 -0.019229
v 0.009505 -0.116305 -0.019530
v 0.009672 -0.119429 -0.019446
v 0.007236 -0.116305 -0.020509
v 0.007368 -0.119429 -0.020461
v 0.006868 -0.116305 -0.020639
v 0.006868 -0.119429 -0.020639
v 0.004869 -0.116305 -0.021218
v 0.004960 -0.119429 -0.021196
v 0.003466 -0.116305 -0.021501
v 0.003466 -0.119429 -0.021501
v 0.002436 -0.116305 -0.021647
v 0.002482 -0.119429 -0.021641
v -0.000031 -0.116305 -0.021790
v -0.000031 -0.119429 -0.021790
v -0.002498 -0.116305 -0.021647
v -0.002545 -0.119429 -0.021641
v -0.003529 -0.116305 -0.021501
v -0.003529 -0.119429 -0.021501
v -0.004932 -0.116305 -0.021218
v -0.005023 -0.119429 -0.021196
v -0.006931 -0.116305 -0.020639
v -0.006931 -0.119429 -0.020639
v -0.007299 -0.116305 -0.020509
v -0.007431 -0.119429 -0.020461
v -0.009568 -0.116305 -0.019530
v -0.009735 -0.119429 -0.019446
v -0.010145 -0.116305 -0.019229
v -0.010145 -0.119429 -0.019229
v -0.011708 -0.116305 -0.018295
v -0.011903 -0.119429 -0.018165
v -0.013083 -0.116305 -0.017310
v -0.013083 -0.119429 -0.017310
v -0.013691 -0.116305 -0.016819
v -0.013904 -0.119429 -0.016638
v -0.015488 -0.116305 -0.015123
v -0.015665 -0.119429 -0.014933
v -0.015665 -0.116305 -0.014933
v -0.015710 -0.119429 -0.014884
v -0.017076 -0.116305 -0.013230
v -0.017297 -0.119429 -0.012929
v -0.017821 -0.116305 -0.012163
v -0.017821 -0.119429 -0.012163
v -0.018434 -0.116305 -0.011166
v -0.018641 -0.119429 -0.010800
v -0.019491 -0.116305 -0.009077
v -0.019491 -0.119429 -0.009077
v -0.019543 -0.116305 -0.008957
v -0.019723 -0.119429 -0.008527
v -0.020388 -0.116305 -0.006635
v -0.020530 -0.119429 -0.006142
v -0.020631 -0.116305 -0.005757
v -0.020631 -0.119429 -0.005757
v -0.020958 -0.116305 -0.004231
v -0.021048 -0.119429 -0.003678
v -0.021209 -0.116305 -0.002296
v -0.021209 -0.119429 -0.002296
v -0.021245 -0.116305 -0.001776
v -0.021272 -0.119429 -0.001170
v -0.021245 -0.116305 0.000695
v -0.021209 -0.119429 0.001214
v -0.021209 -0.116305 0.001214
v -0.021197 -0.119429 0.001346
v -0.020958 -0.116305 0.003149
v -0.020825 -0.119429 0.003836
v -0.020631 -0.116305 0.004676
v -0.020631 -0.119429 0.004676
v -0.020388 -0.116305 0.005554
v -0.020162 -0.119429 0.006265
v -0.019543 -0.116305 0.007876
v -0.019491 -0.119429 0.007995
v -0.019491 -0.116305 0.007995
v -0.019216 -0.119429 0.008598
v -0.018434 -0.116305 0.010084
v -0.018000 -0.119429 0.010803
v -0.017821 -0.116305 0.011082
v -0.017821 -0.119429 0.011082
v -0.017076 -0.116305 0.012149
v -0.016532 -0.119429 0.012848
v -0.015665 -0.116305 0.013851
v -0.015665 -0.119429 0.013851
v -0.015488 -0.116305 0.014042
v -0.014833 -0.119429 0.014706
v -0.013691 -0.116305 0.015737
v -0.013083 -0.119429 0.016228
v -0.013083 -0.116305 0.016228
v -0.012926 -0.119429 0.016350
v -0.011708 -0.116305 0.017213
v -0.010838 -0.119429 0.017756
v -0.010145 -0.116305 0.018148
v -0.010145 -0.119429 0.018148
v -0.009568 -0.116305 0.018449
v -0.008598 -0.119429 0.018906
v -0.007299 -0.116305 0.019427
v -0.006931 -0.119429 0.019558
v -0.006931 -0.116305 0.019558
v -0.006238 -0.119429 0.019782
v -0.004932 -0.116305 0.020136
v -0.003790 -0.119429 0.020374
v -0.003529 -0.116305 0.020419
v -0.003529 -0.119429 0.020419
v -0.002498 -0.116305 0.020565
v -0.001290 -0.119429 0.020672
v -0.000031 -0.119429 0.020709
v -0.003374 -0.120429 -0.019498
v -0.002426 -0.120429 -0.020648
v -0.000031 -0.120429 -0.019791
v -0.000031 -0.120429 -0.020791
v 0.003311 -0.120429 -0.019498
v -0.009656 -0.120429 -0.017212
v -0.009278 -0.120429 -0.018556
v -0.006615 -0.120429 -0.018630
v -0.007082 -0.120429 -0.019523
v -0.004788 -0.120429 -0.020224
v -0.018120 -0.120429 -0.007125
v -0.018797 -0.120429 -0.008151
v -0.016702 -0.120429 -0.010166
v -0.017765 -0.120429 -0.010317
v -0.014778 -0.120429 -0.012914
v -0.016702 -0.120429 0.009084
v -0.018313 -0.120429 0.008168
v -0.018120 -0.120429 0.006043
v -0.019215 -0.120429 0.005945
v -0.018989 -0.120429 0.002802
v -0.016484 -0.120429 -0.012346
v -0.014972 -0.120429 -0.014209
v -0.012405 -0.120429 -0.015287
v -0.013251 -0.120429 -0.015880
v -0.011344 -0.120429 -0.017336
v -0.012405 -0.120429 0.014205
v -0.014136 -0.120429 0.013989
v -0.014778 -0.120429 0.011833
v -0.015756 -0.120429 0.012218
v -0.017155 -0.120429 0.010269
v -0.006615 -0.120429 0.017548
v -0.008195 -0.120429 0.017991
v -0.009656 -0.120429 0.016130
v -0.010329 -0.120429 0.016895
v -0.012319 -0.120429 0.015555
v -0.000031 -0.120429 0.018709
v -0.001231 -0.120429 0.019673
v -0.003374 -0.120429 0.018417
v -0.003613 -0.120429 0.019390
v -0.005946 -0.120429 0.018826
v -0.019847 -0.120429 0.003630
v -0.020201 -0.120429 0.001257
v -0.019281 -0.120429 -0.000541
v -0.020272 -0.120429 -0.001141
v -0.018989 -0.120429 -0.003883
v -0.020059 -0.120429 -0.003531
v -0.019565 -0.120429 -0.005878
v 0.012342 -0.120429 0.014205
v 0.012256 -0.120429 0.015555
v 0.009593 -0.120429 0.016130
v 0.010266 -0.120429 0.016895
v 0.006552 -0.120429 0.017548
v 0.008132 -0.120429 0.017991
v 0.005883 -0.120429 0.018826
v 0.003311 -0.120429 0.018417
v 0.003551 -0.120429 0.019390
v 0.001168 -0.120429 0.019673
v 0.018926 -0.120429 0.002802
v 0.019784 -0.120429 0.003630
v 0.018057 -0.120429 0.006043
v 0.019152 -0.120429 0.005945
v 0.016639 -0.120429 0.009084
v 0.018250 -0.120429 0.008168
v 0.017092 -0.120429 0.010269
v 0.014715 -0.120429 0.011833
v 0.015693 -0.120429 0.012218
v 0.014074 -0.120429 0.013989
v 0.018057 -0.120429 -0.007125
v 0.019502 -0.120429 -0.005878
v 0.018926 -0.120429 -0.003883
v 0.019996 -0.120429 -0.003531
v 0.019218 -0.120429 -0.000541
v 0.020209 -0.120429 -0.001141
v 0.020138 -0.120429 0.001257
v 0.009593 -0.120429 -0.017212
v 0.011281 -0.120429 -0.017336
v 0.012342 -0.120429 -0.015287
v 0.013188 -0.120429 -0.015880
v 0.014715 -0.120429 -0.012914
v 0.014909 -0.120429 -0.014209
v 0.016421 -0.120429 -0.012346
v 0.016639 -0.120429 -0.010166
v 0.017702 -0.120429 -0.010317
v 0.018734 -0.120429 -0.008151
v 0.002364 -0.120429 -0.020648
v 0.004725 -0.120429 -0.020224
v 0.006552 -0.120429 -0.018630
v 0.007020 -0.120429 -0.019523
v 0.009215 -0.120429 -0.018556
v -0.002397 -0.122929 -0.019645
v -0.006615 -0.122929 -0.018630
v -0.004727 -0.122929 -0.019209
v -0.003374 -0.122929 -0.019498
v -0.006985 -0.122929 -0.018491
v -0.009138 -0.122929 -0.017500
v -0.009656 -0.122929 -0.017212
v -0.011153 -0.122929 -0.016252
v -0.012405 -0.122929 -0.015287
v -0.013000 -0.122929 -0.014767
v -0.014650 -0.122929 -0.013065
v -0.014778 -0.122929 -0.012914
v -0.016078 -0.122929 -0.011174
v -0.018120 -0.122929 -0.007125
v -0.017263 -0.122929 -0.009121
v -0.016702 -0.122929 -0.010166
v -0.018187 -0.122929 -0.006939
v -0.018836 -0.122929 -0.004659
v -0.019281 -0.122929 -0.000541
v -0.019199 -0.122929 -0.002317
v -0.018989 -0.122929 -0.003883
v -0.019272 -0.122929 0.000052
v -0.019053 -0.122929 0.002412
v -0.018989 -0.122929 0.002802
v -0.018546 -0.122929 0.004727
v -0.018120 -0.122929 0.006043
v -0.017759 -0.122929 0.006963
v -0.016702 -0.122929 0.009084
v -0.015393 -0.122929 0.011060
v -0.012405 -0.122929 0.014205
v -0.013851 -0.122929 0.012860
v -0.014778 -0.122929 0.011833
v -0.012100 -0.122929 0.014456
v -0.010165 -0.122929 0.015826
v -0.009656 -0.122929 0.016130
v -0.008077 -0.122929 0.016947
v -0.006615 -0.122929 0.017548
v -0.005867 -0.122929 0.017803
v -0.003569 -0.122929 0.018381
v -0.003374 -0.122929 0.018417
v -0.001216 -0.122929 0.018672
v 0.003311 -0.122929 0.018417
v 0.001154 -0.122929 0.018672
v -0.000031 -0.122929 0.018709
v 0.003506 -0.122929 0.018381
v 0.005804 -0.122929 0.017803
v 0.009593 -0.122929 0.016130
v 0.008014 -0.122929 0.016947
v 0.006552 -0.122929 0.017548
v 0.010102 -0.122929 0.015826
v 0.012037 -0.122929 0.014456
v 0.012342 -0.122929 0.014205
v 0.013788 -0.122929 0.012860
v 0.014715 -0.122929 0.011833
v 0.015330 -0.122929 0.011060
v 0.016639 -0.122929 0.009084
v 0.017696 -0.122929 0.006963
v 0.018926 -0.122929 0.002802
v 0.018483 -0.122929 0.004727
v 0.018057 -0.122929 0.006043
v 0.018990 -0.122929 0.002412
v 0.019209 -0.122929 0.000052
v 0.019218 -0.122929 -0.000541
v 0.019136 -0.122929 -0.002317
v 0.018926 -0.122929 -0.003883
v 0.018773 -0.122929 -0.004659
v 0.018124 -0.122929 -0.006939
v 0.018057 -0.122929 -0.007125
v 0.017200 -0.122929 -0.009121
v 0.014715 -0.122929 -0.012914
v 0.016015 -0.122929 -0.011174
v 0.016639 -0.122929 -0.010166
v 0.014587 -0.122929 -0.013065
v 0.012937 -0.122929 -0.014767
v 0.009593 -0.122929 -0.017212
v 0.011091 -0.122929 -0.016252
v 0.012342 -0.122929 -0.015287
v 0.009075 -0.122929 -0.017500
v 0.006922 -0.122929 -0.018491
v 0.006552 -0.122929 -0.018630
v 0.004664 -0.122929 -0.019209
v 0.003311 -0.122929 -0.019498
v 0.002334 -0.122929 -0.019645
v -0.000031 -0.122929 -0.019791
v -0.014872 -0.123929 0.004734
v -0.017585 -0.123929 0.004454
v -0.015452 -0.123929 0.002664
v -0.018065 -0.123929 0.002259
v -0.015745 -0.123929 0.000534
v -0.018273 -0.123929 0.000021
v -0.015745 -0.123929 -0.001616
v -0.018203 -0.123929 -0.002225
v -0.015452 -0.123929 -0.003745
v -0.017859 -0.123929 -0.004445
v -0.014872 -0.123929 -0.005815
v -0.017244 -0.123929 -0.006606
v -0.014015 -0.123929 -0.007787
v -0.016368 -0.123929 -0.008675
v -0.012899 -0.123929 -0.009623
v -0.015244 -0.123929 -0.010621
v -0.011542 -0.123929 -0.011291
v -0.013890 -0.123929 -0.012414
v -0.009971 -0.123929 -0.012758
v -0.012326 -0.123929 -0.014028
v -0.010576 -0.123929 -0.015436
v -0.008215 -0.123929 -0.013998
v -0.008665 -0.123929 -0.016619
v -0.006306 -0.123929 -0.014987
v -0.006624 -0.123929 -0.017558
v -0.004281 -0.123929 -0.015707
v -0.004483 -0.123929 -0.018239
v -0.002176 -0.123929 -0.016144
v -0.002274 -0.123929 -0.018652
v -0.000031 -0.123929 -0.016291
v -0.000031 -0.123929 -0.018791
v 0.002113 -0.123929 -0.016144
v 0.002211 -0.123929 -0.018652
v 0.004218 -0.123929 -0.015707
v 0.004420 -0.123929 -0.018239
v 0.006243 -0.123929 -0.014987
v 0.006561 -0.123929 -0.017558
v 0.008152 -0.123929 -0.013998
v -0.000031 -0.123929 0.015209
v -0.001155 -0.123929 0.017674
v -0.002176 -0.123929 0.015062
v -0.003385 -0.123929 0.017398
v -0.004281 -0.123929 0.014625
v -0.005564 -0.123929 0.016850
v -0.006306 -0.123929 0.013905
v -0.007659 -0.123929 0.016039
v -0.008215 -0.123929 0.012916
v -0.009639 -0.123929 0.014975
v -0.009971 -0.123929 0.011677
v -0.011473 -0.123929 0.013677
v -0.011542 -0.123929 0.010209
v -0.013133 -0.123929 0.012164
v -0.012899 -0.123929 0.008542
v -0.014595 -0.123929 0.010457
v -0.014015 -0.123929 0.006705
v -0.015836 -0.123929 0.008584
v -0.016838 -0.123929 0.006573
v 0.008602 -0.123929 -0.016619
v 0.010513 -0.123929 -0.015436
v 0.009908 -0.123929 -0.012758
v 0.012263 -0.123929 -0.014028
v 0.011479 -0.123929 -0.011291
v 0.013828 -0.123929 -0.012414
v 0.012836 -0.123929 -0.009623
v 0.015182 -0.123929 -0.010621
v 0.013953 -0.123929 -0.007787
v 0.016305 -0.123929 -0.008675
v 0.014809 -0.123929 -0.005815
v 0.017181 -0.123929 -0.006606
v 0.015389 -0.123929 -0.003745
v 0.017796 -0.123929 -0.004445
v 0.015682 -0.123929 -0.001616
v 0.018140 -0.123929 -0.002225
v 0.015682 -0.123929 0.000534
v 0.018210 -0.123929 0.000021
v 0.015389 -0.123929 0.002664
v 0.018002 -0.123929 0.002259
v 0.017522 -0.123929 0.004454
v 0.014809 -0.123929 0.004734
v 0.016775 -0.123929 0.006573
v 0.013953 -0.123929 0.006705
v 0.015773 -0.123929 0.008584
v 0.012836 -0.123929 0.008542
v 0.014532 -0.123929 0.010457
v 0.011479 -0.123929 0.010209
v 0.013070 -0.123929 0.012164
v 0.009908 -0.123929 0.011677
v 0.011410 -0.123929 0.013677
v 0.008152 -0.123929 0.012916
v 0.009576 -0.123929 0.014975
v 0.006243 -0.123929 0.013905
v 0.007596 -0.123929 0.016039
v 0.004218 -0.123929 0.014625
v 0.005501 -0.123929 0.016850
v 0.002113 -0.123929 0.015062
v 0.003322 -0.123929 0.017398
v 0.001092 -0.123929 0.017674
v -0.014557 -0.136429 -0.003102
v -0.014473 -0.124929 -0.003542
v -0.014059 -0.136429 -0.005099
v -0.013930 -0.124929 -0.005480
v -0.013892 -0.136429 -0.005585
v -0.013892 -0.124929 -0.005585
v -0.013288 -0.136429 -0.007007
v -0.013128 -0.124929 -0.007327
v -0.012805 -0.136429 -0.007916
v -0.012805 -0.124929 -0.007916
v -0.012260 -0.136429 -0.008789
v -0.012082 -0.124929 -0.009047
v -0.011330 -0.136429 -0.010022
v -0.011330 -0.124929 -0.010022
v -0.010993 -0.136429 -0.010410
v -0.010811 -0.124929 -0.010608
v -0.009512 -0.136429 -0.011840
v -0.012805 -0.136429 0.006834
v -0.013128 -0.124929 0.006245
v -0.013707 -0.136429 0.004985
v -0.013892 -0.124929 0.004504
v -0.013892 -0.136429 0.004504
v -0.013930 -0.124929 0.004399
v -0.014343 -0.136429 0.003028
v -0.014473 -0.124929 0.002460
v -0.014557 -0.136429 0.002021
v -0.014557 -0.124929 0.002021
v -0.014700 -0.136429 0.001001
v -0.014747 -0.124929 0.000466
v -0.014781 -0.136429 -0.000541
v -0.014781 -0.124929 -0.000541
v -0.014772 -0.136429 -0.001056
v -0.014747 -0.124929 -0.001547
v -0.014557 -0.124929 -0.003102
v -0.005076 -0.136429 0.013320
v -0.005076 -0.124929 0.013320
v -0.005908 -0.124929 0.012988
v -0.006956 -0.136429 0.012483
v -0.007406 -0.124929 0.012233
v -0.007406 -0.136429 0.012233
v -0.007695 -0.124929 0.012062
v -0.008701 -0.136429 0.011392
v -0.009340 -0.124929 0.010901
v -0.009512 -0.136429 0.010758
v -0.009512 -0.124929 0.010758
v -0.010278 -0.136429 0.010069
v -0.010811 -0.124929 0.009527
v -0.011330 -0.136429 0.008940
v -0.011330 -0.124929 0.008940
v -0.011654 -0.136429 0.008540
v -0.012082 -0.124929 0.007965
v -0.012805 -0.124929 0.006834
v -0.004011 -0.124929 0.013662
v -0.003098 -0.136429 0.013887
v -0.002593 -0.124929 0.013985
v -0.002593 -0.136429 0.013985
v -0.002040 -0.124929 0.014072
v -0.001060 -0.136429 0.014173
v -0.000031 -0.124929 0.014209
v 0.002530 -0.136429 0.013985
v 0.001977 -0.124929 0.014072
v 0.000997 -0.136429 0.014173
v -0.000031 -0.136429 0.014209
v 0.009450 -0.136429 0.010758
v 0.009277 -0.124929 0.010901
v 0.008638 -0.136429 0.011392
v 0.007632 -0.124929 0.012062
v 0.007343 -0.136429 0.012233
v 0.007343 -0.124929 0.012233
v 0.006893 -0.136429 0.012483
v 0.005845 -0.124929 0.012988
v 0.005013 -0.136429 0.013320
v 0.005013 -0.124929 0.013320
v 0.003035 -0.136429 0.013887
v 0.003948 -0.124929 0.013662
v 0.002530 -0.124929 0.013985
v 0.014494 -0.136429 0.002021
v 0.014410 -0.124929 0.002460
v 0.014280 -0.136429 0.003028
v 0.013867 -0.124929 0.004399
v 0.013829 -0.136429 0.004504
v 0.013829 -0.124929 0.004504
v 0.013644 -0.136429 0.004985
v 0.013065 -0.124929 0.006245
v 0.012742 -0.136429 0.006834
v 0.012742 -0.124929 0.006834
v 0.011592 -0.136429 0.008540
v 0.012019 -0.124929 0.007965
v 0.011268 -0.136429 0.008940
v 0.011268 -0.124929 0.008940
v 0.010215 -0.136429 0.010069
v 0.010748 -0.124929 0.009527
v 0.009450 -0.124929 0.010758
v 0.013829 -0.136429 -0.005585
v 0.013867 -0.124929 -0.005480
v 0.013996 -0.136429 -0.005099
v 0.014410 -0.124929 -0.003542
v 0.014494 -0.136429 -0.003102
v 0.014494 -0.124929 -0.003102
v 0.014709 -0.136429 -0.001056
v 0.014684 -0.124929 -0.001547
v 0.014718 -0.136429 -0.000541
v 0.014718 -0.124929 -0.000541
v 0.014638 -0.136429 0.001001
v 0.014684 -0.124929 0.000466
v 0.014494 -0.124929 0.002021
v 0.007785 -0.136429 -0.013049
v 0.009277 -0.124929 -0.011982
v 0.009450 -0.136429 -0.011840
v 0.009450 -0.124929 -0.011840
v 0.010930 -0.136429 -0.010410
v 0.010748 -0.124929 -0.010608
v 0.011268 -0.136429 -0.010022
v 0.011268 -0.124929 -0.010022
v 0.012197 -0.136429 -0.008789
v 0.012019 -0.124929 -0.009047
v 0.012742 -0.136429 -0.007916
v 0.012742 -0.124929 -0.007916
v 0.013226 -0.136429 -0.007007
v 0.013065 -0.124929 -0.007327
v 0.013829 -0.124929 -0.005585
v -0.009512 -0.124929 -0.011840
v -0.009340 -0.124929 -0.011982
v -0.007848 -0.136429 -0.013049
v -0.007695 -0.124929 -0.013143
v -0.007406 -0.136429 -0.013314
v -0.007406 -0.124929 -0.013314
v -0.006031 -0.136429 -0.014015
v -0.005908 -0.124929 -0.014069
v -0.005076 -0.136429 -0.014401
v -0.005076 -0.124929 -0.014401
v -0.004097 -0.136429 -0.014719
v -0.004011 -0.124929 -0.014744
v -0.002593 -0.136429 -0.015066
v -0.002593 -0.124929 -0.015066
v -0.002084 -0.136429 -0.015147
v -0.002040 -0.124929 -0.015153
v -0.000031 -0.136429 -0.015291
v -0.000031 -0.124929 -0.015291
v 0.002021 -0.136429 -0.015147
v 0.001977 -0.124929 -0.015153
v 0.002530 -0.136429 -0.015066
v 0.002530 -0.124929 -0.015066
v 0.004034 -0.136429 -0.014719
v 0.003948 -0.124929 -0.014744
v 0.005013 -0.136429 -0.014401
v 0.005013 -0.124929 -0.014401
v 0.005968 -0.136429 -0.014015
v 0.005845 -0.124929 -0.014069
v 0.007343 -0.136429 -0.013314
v 0.007343 -0.124929 -0.013314
v 0.007632 -0.124929 -0.013143
v -0.010121 -0.137429 -0.006366
v -0.011431 -0.137429 -0.008230
v -0.008956 -0.137429 -0.008029
v -0.010250 -0.137429 -0.009741
v -0.007520 -0.137429 -0.009465
v -0.008870 -0.137429 -0.011074
v -0.005856 -0.137429 -0.010630
v -0.007318 -0.137429 -0.012201
v -0.004016 -0.137429 -0.011488
v -0.011504 -0.137429 0.001482
v -0.013706 -0.137429 0.000896
v -0.011681 -0.137429 -0.000541
v -0.013773 -0.137429 -0.001021
v -0.011504 -0.137429 -0.002564
v -0.013572 -0.137429 -0.002928
v -0.010979 -0.137429 -0.004525
v -0.013108 -0.137429 -0.004790
v -0.012390 -0.137429 -0.006568
v -0.007520 -0.137429 0.008384
v -0.009583 -0.137429 0.009350
v -0.008956 -0.137429 0.006948
v -0.010866 -0.137429 0.007924
v -0.010121 -0.137429 0.005284
v -0.011939 -0.137429 0.006334
v -0.010979 -0.137429 0.003444
v -0.012780 -0.137429 0.004610
v -0.013373 -0.137429 0.002786
v -0.000031 -0.137429 0.011109
v -0.000991 -0.137429 0.013176
v -0.002054 -0.137429 0.010932
v -0.002890 -0.137429 0.012909
v -0.004016 -0.137429 0.010407
v -0.004734 -0.137429 0.012380
v -0.005856 -0.137429 0.009548
v -0.006487 -0.137429 0.011600
v -0.008113 -0.137429 0.010583
v -0.005624 -0.137429 -0.013102
v -0.003821 -0.137429 -0.013758
v -0.002054 -0.137429 -0.012014
v -0.001945 -0.137429 -0.014157
v -0.000031 -0.137429 -0.012191
v -0.000031 -0.137429 -0.014291
v 0.001992 -0.137429 -0.012014
v 0.001882 -0.137429 -0.014157
v 0.003953 -0.137429 -0.011488
v 0.007457 -0.137429 0.008384
v 0.008051 -0.137429 0.010583
v 0.005793 -0.137429 0.009548
v 0.006424 -0.137429 0.011600
v 0.003953 -0.137429 0.010407
v 0.004671 -0.137429 0.012380
v 0.001992 -0.137429 0.010932
v 0.002827 -0.137429 0.012909
v 0.000928 -0.137429 0.013176
v 0.010058 -0.137429 -0.006366
v 0.012327 -0.137429 -0.006568
v 0.010916 -0.137429 -0.004525
v 0.013045 -0.137429 -0.004790
v 0.011441 -0.137429 -0.002564
v 0.013509 -0.137429 -0.002928
v 0.011618 -0.137429 -0.000541
v 0.013710 -0.137429 -0.001021
v 0.011441 -0.137429 0.001482
v 0.003759 -0.137429 -0.013758
v 0.005561 -0.137429 -0.013102
v 0.005793 -0.137429 -0.010630
v 0.007255 -0.137429 -0.012201
v 0.007457 -0.137429 -0.009465
v 0.008807 -0.137429 -0.011074
v 0.008893 -0.137429 -0.008029
v 0.010187 -0.137429 -0.009741
v 0.011368 -0.137429 -0.008230
v 0.013643 -0.137429 0.000896
v 0.013310 -0.137429 0.002786
v 0.010916 -0.137429 0.003444
v 0.012717 -0.137429 0.004610
v 0.010058 -0.137429 0.005284
v 0.011876 -0.137429 0.006334
v 0.008893 -0.137429 0.006948
v 0.010804 -0.137429 0.007924
v 0.009520 -0.137429 0.009350
v -0.000031 -0.136929 -0.012191
v 0.001992 -0.136929 -0.012014
v 0.003953 -0.136929 -0.011488
v 0.005793 -0.136929 -0.010630
v 0.007457 -0.136929 -0.009465
v 0.008893 -0.136929 -0.008029
v 0.010058 -0.136929 -0.006366
v 0.010916 -0.136929 -0.004525
v 0.011441 -0.136929 -0.002564
v 0.011618 -0.136929 -0.000541
v 0.011441 -0.136929 0.001482
v 0.010916 -0.136929 0.003444
v 0.010058 -0.136929 0.005284
v 0.008893 -0.136929 0.006948
v 0.007457 -0.136929 0.008384
v 0.005793 -0.136929 0.009548
v 0.003953 -0.136929 0.010407
v 0.001992 -0.136929 0.010932
v -0.000031 -0.136929 0.011109
v -0.002054 -0.136929 0.010932
v -0.004016 -0.136929 0.010407
v -0.005856 -0.136929 0.009548
v -0.007520 -0.136929 0.008384
v -0.008956 -0.136929 0.006948
v -0.010121 -0.136929 0.005284
v -0.010979 -0.136929 0.003444
v -0.011504 -0.136929 0.001482
v -0.011681 -0.136929 -0.000541
v -0.011504 -0.136929 -0.002564
v -0.010979 -0.136929 -0.004525
v -0.010121 -0.136929 -0.006366
v -0.008956 -0.136929 -0.008029
v -0.007520 -0.136929 -0.009465
v -0.005856 -0.136929 -0.010630
v -0.004016 -0.136929 -0.011488
v -0.002054 -0.136929 -0.012014
v -0.000031 -0.001131 0.019591
v -0.003181 -0.001131 0.019343
v -0.000031 -0.001131 -0.000541
v 0.009108 -0.001131 0.017397
v 0.006190 -0.001131 0.018605
v 0.003118 -0.001131 0.019343
v 0.016255 -0.001131 0.011292
v 0.014204 -0.001131 0.013694
v 0.011802 -0.001131 0.015746
v 0.019852 -0.001131 0.002609
v 0.019115 -0.001131 0.005680
v 0.017906 -0.001131 0.008599
v 0.019115 -0.001131 -0.006762
v 0.019852 -0.001131 -0.003690
v 0.020100 -0.001131 -0.000541
v 0.014204 -0.001131 -0.014776
v 0.016255 -0.001131 -0.012374
v 0.017906 -0.001131 -0.009680
v 0.006190 -0.001131 -0.019687
v 0.009108 -0.001131 -0.018478
v 0.011802 -0.001131 -0.016828
v -0.003181 -0.001131 -0.020424
v -0.000031 -0.001131 -0.020672
v 0.003118 -0.001131 -0.020424
v -0.011864 -0.001131 -0.016828
v -0.009171 -0.001131 -0.018478
v -0.006252 -0.001131 -0.019687
v -0.017969 -0.001131 -0.009680
v -0.016318 -0.001131 -0.012374
v -0.014267 -0.001131 -0.014776
v -0.020163 -0.001131 -0.000541
v -0.019915 -0.001131 -0.003690
v -0.019178 -0.001131 -0.006762
v -0.017969 -0.001131 0.008599
v -0.019178 -0.001131 0.005680
v -0.019915 -0.001131 0.002609
v -0.011864 -0.001131 0.015746
v -0.014267 -0.001131 0.013694
v -0.016318 -0.001131 0.011292
v -0.006252 -0.001131 0.018605
v -0.009171 -0.001131 0.017397
v -0.000031 0.000569 0.022591
v 0.003587 0.000569 0.022306
v 0.007117 0.000569 0.021459
v 0.010470 0.000569 0.020070
v 0.013565 0.000569 0.018173
v 0.016325 0.000569 0.015816
v 0.018682 0.000569 0.013056
v 0.020579 0.000569 0.009961
v 0.021968 0.000569 0.006607
v 0.022815 0.000569 0.003078
v 0.023100 0.000569 -0.000541
v 0.022815 0.000569 -0.004159
v 0.021968 0.000569 -0.007689
v 0.020579 0.000569 -0.011042
v 0.018682 0.000569 -0.014137
v 0.016325 0.000569 -0.016897
v 0.013565 0.000569 -0.019255
v 0.010470 0.000569 -0.021151
v 0.007117 0.000569 -0.022540
v 0.003587 0.000569 -0.023387
v -0.000031 0.000569 -0.023672
v -0.003650 0.000569 -0.023387
v -0.007179 0.000569 -0.022540
v -0.010533 0.000569 -0.021151
v -0.013628 0.000569 -0.019255
v -0.016388 0.000569 -0.016897
v -0.018745 0.000569 -0.014137
v -0.020642 0.000569 -0.011042
v -0.022031 0.000569 -0.007689
v -0.022878 0.000569 -0.004159
v -0.023163 0.000569 -0.000541
v -0.022878 0.000569 0.003078
v -0.022031 0.000569 0.006607
v -0.020642 0.000569 0.009961
v -0.018745 0.000569 0.013056
v -0.016388 0.000569 0.015816
v -0.013628 0.000569 0.018173
v -0.010533 0.000569 0.020070
v -0.007179 0.000569 0.021459
v -0.003650 0.000569 0.022306
v -0.027847 0.000569 0.010697
v -0.029140 0.000569 0.006717
v -0.029867 0.000569 0.002595
v -0.030013 0.000569 -0.001588
v -0.029575 0.000569 -0.005750
v -0.028563 0.000569 -0.009811
v -0.026995 0.000569 -0.013692
v -0.024902 0.000569 -0.017316
v -0.022325 0.000569 -0.020614
v -0.019315 0.000569 -0.023522
v -0.015929 0.000569 -0.025982
v -0.012233 0.000569 -0.027947
v -0.008300 0.000569 -0.029378
v -0.004207 0.000569 -0.030248
v -0.000031 0.000569 -0.030540
v 0.004144 0.000569 -0.030248
v 0.008238 0.000569 -0.029378
v 0.002061 0.000569 0.029386
v -0.000031 0.000569 0.029459
v -0.002124 0.000569 0.029386
v -0.006269 0.000569 0.028803
v -0.010292 0.000569 0.027650
v -0.014115 0.000569 0.025947
v -0.017665 0.000569 0.023729
v -0.020871 0.000569 0.021039
v -0.023671 0.000569 0.017929
v -0.026012 0.000569 0.014459
v 0.029077 0.000569 0.006717
v 0.027784 0.000569 0.010697
v 0.025949 0.000569 0.014459
v 0.023609 0.000569 0.017929
v 0.020808 0.000569 0.021039
v 0.017602 0.000569 0.023729
v 0.014053 0.000569 0.025947
v 0.010229 0.000569 0.027650
v 0.006206 0.000569 0.028803
v 0.012171 0.000569 -0.027947
v 0.015866 0.000569 -0.025982
v 0.019252 0.000569 -0.023522
v 0.022263 0.000569 -0.020614
v 0.024839 0.000569 -0.017316
v 0.026932 0.000569 -0.013692
v 0.028500 0.000569 -0.009811
v 0.029512 0.000569 -0.005750
v 0.029950 0.000569 -0.001588
v 0.029804 0.000569 0.002595
v -0.002124 -0.009931 0.029386
v 0.002061 -0.009931 0.029386
v 0.006206 -0.009931 0.028803
v 0.010229 -0.009931 0.027650
v 0.014053 -0.009931 0.025947
v 0.017602 -0.009931 0.023729
v 0.020808 -0.009931 0.021039
v 0.023609 -0.009931 0.017929
v 0.025949 -0.009931 0.014459
v 0.027784 -0.009931 0.010697
v 0.029077 -0.009931 0.006717
v 0.029804 -0.009931 0.002595
v 0.029950 -0.009931 -0.001588
v 0.029512 -0.009931 -0.005750
v 0.028500 -0.009931 -0.009811
v 0.026932 -0.009931 -0.013692
v 0.024839 -0.009931 -0.017316
v 0.022263 -0.009931 -0.020614
v 0.019252 -0.009931 -0.023522
v 0.015866 -0.009931 -0.025982
v 0.012171 -0.009931 -0.027947
v 0.008238 -0.009931 -0.029378
v 0.004144 -0.009931 -0.030248
v -0.000031 -0.009931 -0.030540
v -0.004207 -0.009931 -0.030248
v -0.008300 -0.009931 -0.029378
v -0.012233 -0.009931 -0.027947
v -0.015929 -0.009931 -0.025982
v -0.019315 -0.009931 -0.023522
v -0.022325 -0.009931 -0.020614
v -0.024902 -0.009931 -0.017316
v -0.026995 -0.009931 -0.013692
v -0.028563 -0.009931 -0.009811
v -0.029575 -0.009931 -0.005750
v -0.030013 -0.009931 -0.001588
v -0.029867 -0.009931 0.002595
v -0.029140 -0.009931 0.006717
v -0.027847 -0.009931 0.010697
v -0.026012 -0.009931 0.014459
v -0.023671 -0.009931 0.017929
v -0.020871 -0.009931 0.021039
v -0.017665 -0.009931 0.023729
v -0.014115 -0.009931 0.025947
v -0.010292 -0.009931 0.027650
v -0.006269 -0.009931 0.028803
v 0.011967 -0.009931 -0.027490
v 0.008100 -0.009931 -0.028898
v 0.004074 -0.009931 -0.029753
v -0.000031 -0.009931 -0.030040
v -0.004137 -0.009931 -0.029753
v -0.008163 -0.009931 -0.028898
v -0.012030 -0.009931 -0.027490
v -0.015664 -0.009931 -0.025558
v -0.018993 -0.009931 -0.023139
v -0.021954 -0.009931 -0.020280
v -0.024488 -0.009931 -0.017037
v -0.026546 -0.009931 -0.013473
v -0.028087 -0.009931 -0.009657
v -0.029083 -0.009931 -0.005663
v -0.029513 -0.009931 -0.001570
v -0.029369 -0.009931 0.002543
v -0.028655 -0.009931 0.006596
v -0.027383 -0.009931 0.010510
v -0.025579 -0.009931 0.014209
v -0.023277 -0.009931 0.017621
v -0.020524 -0.009931 0.020679
v -0.017371 -0.009931 0.023325
v -0.013881 -0.009931 0.025506
v -0.010121 -0.009931 0.027180
v -0.006165 -0.009931 0.028314
v -0.002089 -0.009931 0.028887
v 0.002026 -0.009931 0.028887
v 0.006102 -0.009931 0.028314
v 0.010058 -0.009931 0.027180
v 0.013818 -0.009931 0.025506
v 0.017308 -0.009931 0.023325
v 0.020461 -0.009931 0.020679
v 0.023215 -0.009931 0.017621
v 0.025516 -0.009931 0.014209
v 0.027320 -0.009931 0.010510
v 0.028592 -0.009931 0.006596
v 0.029307 -0.009931 0.002543
v 0.029450 -0.009931 -0.001570
v 0.029020 -0.009931 -0.005663
v 0.028024 -0.009931 -0.009657
v 0.026483 -0.009931 -0.013473
v 0.024425 -0.009931 -0.017037
v 0.021891 -0.009931 -0.020280
v 0.018931 -0.009931 -0.023139
v 0.015601 -0.009931 -0.025558
v 0.006102 -0.097430 0.028314
v 0.002026 -0.097430 0.028887
v -0.000031 -0.097430 0.028959
v -0.002089 -0.097430 0.028887
v -0.006165 -0.097430 0.028314
v -0.010121 -0.097430 0.027180
v -0.013881 -0.097430 0.025506
v -0.017371 -0.097430 0.023325
v -0.020524 -0.097430 0.020679
v -0.023277 -0.097430 0.017621
v -0.025579 -0.097430 0.014209
v -0.027383 -0.097430 0.010510
v -0.028655 -0.097430 0.006596
v -0.029369 -0.097430 0.002543
v -0.029513 -0.097430 -0.001570
v -0.029083 -0.097430 -0.005663
v -0.028087 -0.097430 -0.009657
v -0.026546 -0.097430 -0.013473
v -0.024488 -0.097430 -0.017037
v -0.021954 -0.097430 -0.020280
v -0.018993 -0.097430 -0.023139
v -0.015664 -0.097430 -0.025558
v -0.012030 -0.097430 -0.027490
v -0.008163 -0.097430 -0.028898
v -0.004137 -0.097430 -0.029753
v -0.000031 -0.097430 -0.030040
v 0.004074 -0.097430 -0.029753
v 0.008100 -0.097430 -0.028898
v 0.011967 -0.097430 -0.027490
v 0.015601 -0.097430 -0.025558
v 0.018931 -0.097430 -0.023139
v 0.021891 -0.097430 -0.020280
v 0.024425 -0.097430 -0.017037
v 0.026483 -0.097430 -0.013473
v 0.028024 -0.097430 -0.009657
v 0.029020 -0.097430 -0.005663
v 0.029450 -0.097430 -0.001570
v 0.029307 -0.097430 0.002543
v 0.028592 -0.097430 0.006596
v 0.027320 -0.097430 0.010510
v 0.025516 -0.097430 0.014209
v 0.023215 -0.097430 0.017621
v 0.020461 -0.097430 0.020679
v 0.017308 -0.097430 0.023325
v 0.013818 -0.097430 0.025506
v 0.010058 -0.097430 0.027180
v -0.000031 -0.097430 0.029459
v -0.002124 -0.097430 0.029386
v -0.006269 -0.097430 0.028803
v -0.010292 -0.097430 0.027650
v -0.014115 -0.097430 0.025947
v -0.017665 -0.097430 0.023729
v -0.020871 -0.097430 0.021039
v -0.023671 -0.097430 0.017929
v -0.026012 -0.097430 0.014459
v -0.027847 -0.097430 0.010697
v -0.029140 -0.097430 0.006717
v -0.029867 -0.097430 0.002595
v -0.030013 -0.097430 -0.001588
v -0.029575 -0.097430 -0.005750
v -0.028563 -0.097430 -0.009811
v -0.026995 -0.097430 -0.013692
v -0.024902 -0.097430 -0.017316
v -0.022325 -0.097430 -0.020614
v -0.019315 -0.097430 -0.023522
v -0.015929 -0.097430 -0.025982
v -0.012233 -0.097430 -0.027947
v -0.008300 -0.097430 -0.029378
v -0.004207 -0.097430 -0.030248
v -0.000031 -0.097430 -0.030540
v 0.004144 -0.097430 -0.030248
v 0.008238 -0.097430 -0.029378
v 0.012171 -0.097430 -0.027947
v 0.015866 -0.097430 -0.025982
v 0.019252 -0.097430 -0.023522
v 0.022263 -0.097430 -0.020614
v 0.024839 -0.097430 -0.017316
v 0.026932 -0.097430 -0.013692
v 0.028500 -0.097430 -0.009811
v 0.029512 -0.097430 -0.005750
v 0.029950 -0.097430 -0.001588
v 0.029804 -0.097430 0.002595
v 0.029077 -0.097430 0.006717
v 0.027784 -0.097430 0.010697
v 0.025949 -0.097430 0.014459
v 0.023609 -0.097430 0.017929
v 0.020808 -0.097430 0.021039
v 0.017602 -0.097430 0.023729
v 0.014053 -0.097430 0.025947
v 0.010229 -0.097430 0.027650
v 0.006206 -0.097430 0.028803
v 0.002061 -0.097430 0.029386
v -0.002124 -0.101930 0.029386
v 0.002061 -0.101930 0.029386
v 0.006206 -0.101930 0.028803
v 0.010229 -0.101930 0.027650
v 0.014053 -0.101930 0.025947
v 0.017602 -0.101930 0.023729
v 0.020808 -0.101930 0.021039
v 0.023609 -0.101930 0.017929
v 0.025949 -0.101930 0.014459
v 0.027784 -0.101930 0.010697
v 0.029077 -0.101930 0.006717
v 0.029804 -0.101930 0.002595
v 0.029950 -0.101930 -0.001588
v 0.029512 -0.101930 -0.005750
v 0.028500 -0.101930 -0.009811
v 0.026932 -0.101930 -0.013692
v 0.024839 -0.101930 -0.017316
v 0.022263 -0.101930 -0.020614
v 0.019252 -0.101930 -0.023522
v 0.015866 -0.101930 -0.025982
v 0.012171 -0.101930 -0.027947
v 0.008238 -0.101930 -0.029378
v 0.004144 -0.101930 -0.030248
v -0.000031 -0.101930 -0.030540
v -0.004207 -0.101930 -0.030248
v -0.008300 -0.101930 -0.029378
v -0.012233 -0.101930 -0.027947
v -0.015929 -0.101930 -0.025982
v -0.019315 -0.101930 -0.023522
v -0.022325 -0.101930 -0.020614
v -0.024902 -0.101930 -0.017316
v -0.026995 -0.101930 -0.013692
v -0.028563 -0.101930 -0.009811
v -0.029575 -0.101930 -0.005750
v -0.030013 -0.101930 -0.001588
v -0.029867 -0.101930 0.002595
v -0.029140 -0.101930 0.006717
v -0.027847 -0.101930 0.010697
v -0.026012 -0.101930 0.014459
v -0.023671 -0.101930 0.017929
v -0.020871 -0.101930 0.021039
v -0.017665 -0.101930 0.023729
v -0.014115 -0.101930 0.025947
v -0.010292 -0.101930 0.027650
v -0.006269 -0.101930 0.028803
v 0.011967 -0.101930 -0.027490
v 0.008100 -0.101930 -0.028898
v 0.004074 -0.101930 -0.029753
v -0.000031 -0.101930 -0.030040
v -0.004137 -0.101930 -0.029753
v -0.008163 -0.101930 -0.028898
v -0.012030 -0.101930 -0.027490
v -0.015664 -0.101930 -0.025558
v -0.018993 -0.101930 -0.023139
v -0.021954 -0.101930 -0.020280
v -0.024488 -0.101930 -0.017037
v -0.026546 -0.101930 -0.013473
v -0.028087 -0.101930 -0.009657
v -0.029083 -0.101930 -0.005663
v -0.029513 -0.101930 -0.001570
v -0.029369 -0.101930 0.002543
v -0.028655 -0.101930 0.006596
v -0.027383 -0.101930 0.010510
v -0.025579 -0.101930 0.014209
v -0.023277 -0.101930 0.017621
v -0.020524 -0.101930 0.020679
v -0.017371 -0.101930 0.023325
v -0.013881 -0.101930 0.025506
v -0.010121 -0.101930 0.027180
v -0.006165 -0.101930 0.028314
v -0.002089 -0.101930 0.028887
v 0.002026 -0.101930 0.028887
v 0.006102 -0.101930 0.028314
v 0.010058 -0.101930 0.027180
v 0.013818 -0.101930 0.025506
v 0.017308 -0.101930 0.023325
v 0.020461 -0.101930 0.020679
v 0.023215 -0.101930 0.017621
v 0.025516 -0.101930 0.014209
v 0.027320 -0.101930 0.010510
v 0.028592 -0.101930 0.006596
v 0.029307 -0.101930 0.002543
v 0.029450 -0.101930 -0.001570
v 0.029020 -0.101930 -0.005663
v 0.028024 -0.101930 -0.009657
v 0.026483 -0.101930 -0.013473
v 0.024425 -0.101930 -0.017037
v 0.021891 -0.101930 -0.020280
v 0.018931 -0.101930 -0.023139
v 0.015601 -0.101930 -0.025558
v 0.006102 -0.105742 0.028314
v 0.002026 -0.105742 0.028887
v -0.000031 -0.105742 0.028959
v -0.002089 -0.105742 0.028887
v -0.006165 -0.105742 0.028314
v -0.010121 -0.105742 0.027180
v -0.013881 -0.105742 0.025506
v -0.017371 -0.105742 0.023325
v -0.020524 -0.105742 0.020679
v -0.023277 -0.105742 0.017621
v -0.025579 -0.105742 0.014209
v -0.027383 -0.105742 0.010510
v -0.028655 -0.105742 0.006596
v -0.029369 -0.105742 0.002543
v -0.029513 -0.105742 -0.001570
v -0.029083 -0.105742 -0.005663
v -0.028087 -0.105742 -0.009657
v -0.026546 -0.105742 -0.013473
v -0.024488 -0.105742 -0.017037
v -0.021954 -0.105742 -0.020280
v -0.018993 -0.105742 -0.023139
v -0.015664 -0.105742 -0.025558
v -0.012030 -0.105742 -0.027490
v -0.008163 -0.105742 -0.028898
v -0.004137 -0.105742 -0.029753
v -0.000031 -0.105742 -0.030040
v 0.004074 -0.105742 -0.029753
v 0.008100 -0.105742 -0.028898
v 0.011967 -0.105742 -0.027490
v 0.015601 -0.105742 -0.025558
v 0.018931 -0.105742 -0.023139
v 0.021891 -0.105742 -0.020280
v 0.024425 -0.105742 -0.017037
v 0.026483 -0.105742 -0.013473
v 0.028024 -0.105742 -0.009657
v 0.029020 -0.105742 -0.005663
v 0.029450 -0.105742 -0.001570
v 0.029307 -0.105742 0.002543
v 0.028592 -0.105742 0.006596
v 0.027320 -0.105742 0.010510
v 0.025516 -0.105742 0.014209
v 0.023215 -0.105742 0.017621
v 0.020461 -0.105742 0.020679
v 0.017308 -0.105742 0.023325
v 0.013818 -0.105742 0.025506
v 0.010058 -0.105742 0.027180
v -0.001791 -0.115742 0.020134
v -0.004346 -0.115742 0.019756
v -0.005260 -0.115742 0.019539
v -0.007128 -0.115742 0.018958
v -0.008578 -0.115742 0.018367
v -0.009773 -0.115742 0.017780
v -0.011651 -0.115742 0.016651
v -0.012228 -0.115742 0.016246
v -0.014389 -0.115742 0.014440
v -0.014445 -0.115742 0.014385
v -0.016382 -0.115742 0.012234
v -0.016714 -0.115742 0.011798
v -0.018001 -0.115742 0.009834
v -0.018559 -0.115742 0.008801
v -0.019270 -0.115742 0.007232
v -0.019872 -0.115742 0.005535
v -0.020165 -0.115742 0.004479
v -0.020613 -0.115742 0.002095
v -0.020668 -0.115742 0.001628
v -0.020769 -0.115742 -0.001265
v -0.020762 -0.115742 -0.001421
v -0.020466 -0.115742 -0.004144
v -0.020315 -0.115742 -0.004912
v -0.019766 -0.115742 -0.006953
v -0.019285 -0.115742 -0.008277
v -0.018681 -0.115742 -0.009637
v -0.017700 -0.115742 -0.011420
v -0.017234 -0.115742 -0.012144
v -0.015608 -0.115742 -0.014250
v -0.015451 -0.115742 -0.014425
v -0.013369 -0.115742 -0.016436
v -0.013067 -0.115742 -0.016685
v -0.011027 -0.115742 -0.018138
v -0.010151 -0.115742 -0.018656
v -0.008471 -0.115742 -0.019497
v -0.006944 -0.115742 -0.020105
v -0.005751 -0.115742 -0.020487
v -0.003538 -0.115742 -0.020992
v -0.002919 -0.115742 -0.021089
v -0.000031 -0.115742 -0.021290
v 0.002856 -0.115742 -0.021089
v 0.003475 -0.115742 -0.020992
v 0.005688 -0.115742 -0.020487
v 0.006881 -0.115742 -0.020105
v 0.008408 -0.115742 -0.019497
v 0.010088 -0.115742 -0.018656
v 0.010964 -0.115742 -0.018138
v 0.013004 -0.115742 -0.016685
v 0.013306 -0.115742 -0.016436
v 0.015389 -0.115742 -0.014425
v 0.015545 -0.115742 -0.014250
v 0.017171 -0.115742 -0.012144
v 0.017638 -0.115742 -0.011420
v 0.018618 -0.115742 -0.009637
v 0.019222 -0.115742 -0.008277
v 0.019703 -0.115742 -0.006953
v 0.020253 -0.115742 -0.004912
v 0.020403 -0.115742 -0.004144
v 0.020700 -0.115742 -0.001421
v 0.020706 -0.115742 -0.001265
v 0.020605 -0.115742 0.001628
v 0.020550 -0.115742 0.002095
v 0.020102 -0.115742 0.004479
v 0.019809 -0.115742 0.005535
v 0.019207 -0.115742 0.007232
v 0.018497 -0.115742 0.008801
v 0.017938 -0.115742 0.009834
v 0.016651 -0.115742 0.011798
v 0.016320 -0.115742 0.012234
v 0.014383 -0.115742 0.014385
v 0.014326 -0.115742 0.014440
v 0.012165 -0.115742 0.016246
v 0.011588 -0.115742 0.016651
v 0.009710 -0.115742 0.017780
v 0.008515 -0.115742 0.018367
v 0.007065 -0.115742 0.018958
v 0.005197 -0.115742 0.019539
v 0.004283 -0.115742 0.019756
v 0.001728 -0.115742 0.020134
v 0.001416 -0.115742 0.020158
v -0.000031 -0.115742 0.020209
v -0.001479 -0.115742 0.020158
v 0.003475 -0.119929 -0.020992
v -0.000031 -0.119929 -0.021290
v 0.006881 -0.119929 -0.020105
v 0.010088 -0.119929 -0.018656
v 0.013004 -0.119929 -0.016685
v 0.015545 -0.119929 -0.014250
v 0.017638 -0.119929 -0.011420
v 0.019222 -0.119929 -0.008277
v 0.020253 -0.119929 -0.004912
v 0.020700 -0.119929 -0.001421
v 0.020550 -0.119929 0.002095
v 0.019809 -0.119929 0.005535
v 0.018497 -0.119929 0.008801
v 0.016651 -0.119929 0.011798
v 0.014326 -0.119929 0.014440
v 0.011588 -0.119929 0.016651
v 0.008515 -0.119929 0.018367
v 0.005197 -0.119929 0.019539
v 0.001728 -0.119929 0.020134
v -0.001791 -0.119929 0.020134
v -0.005260 -0.119929 0.019539
v -0.008578 -0.119929 0.018367
v -0.011651 -0.119929 0.016651
v -0.014389 -0.119929 0.014440
v -0.016714 -0.119929 0.011798
v -0.018559 -0.119929 0.008801
v -0.019872 -0.119929 0.005535
v -0.020613 -0.119929 0.002095
v -0.020762 -0.119929 -0.001421
v -0.020315 -0.119929 -0.004912
v -0.019285 -0.119929 -0.008277
v -0.017700 -0.119929 -0.011420
v -0.015608 -0.119929 -0.014250
v -0.013067 -0.119929 -0.016685
v -0.010151 -0.119929 -0.018656
v -0.006944 -0.119929 -0.020105
v -0.003538 -0.119929 -0.020992
v -0.000031 -0.119929 0.018209
v 0.003224 -0.119929 0.017924
v 0.006381 -0.119929 0.017078
v 0.009343 -0.119929 0.015697
v 0.012021 -0.119929 0.013822
v 0.014332 -0.119929 0.011511
v 0.016206 -0.119929 0.008834
v 0.017588 -0.119929 0.005872
v 0.018433 -0.119929 0.002715
v 0.018718 -0.119929 -0.000541
v 0.018433 -0.119929 -0.003797
v 0.017588 -0.119929 -0.006954
v 0.016206 -0.119929 -0.009916
v 0.014332 -0.119929 -0.012593
v 0.012021 -0.119929 -0.014904
v 0.009343 -0.119929 -0.016779
v 0.006381 -0.119929 -0.018160
v 0.003224 -0.119929 -0.019006
v -0.000031 -0.119929 -0.019291
v -0.003287 -0.119929 -0.019006
v -0.006444 -0.119929 -0.018160
v -0.009406 -0.119929 -0.016779
v -0.012084 -0.119929 -0.014904
v -0.014395 -0.119929 -0.012593
v -0.016269 -0.119929 -0.009916
v -0.017650 -0.119929 -0.006954
v -0.018496 -0.119929 -0.003797
v -0.018781 -0.119929 -0.000541
v -0.018496 -0.119929 0.002715
v -0.017650 -0.119929 0.005872
v -0.016269 -0.119929 0.008834
v -0.014395 -0.119929 0.011511
v -0.012084 -0.119929 0.013822
v -0.009406 -0.119929 0.015697
v -0.006444 -0.119929 0.017078
v -0.003287 -0.119929 0.017924
v -0.000031 -0.123429 -0.019291
v 0.003224 -0.123429 -0.019006
v 0.006381 -0.123429 -0.018160
v 0.009343 -0.123429 -0.016779
v 0.012021 -0.123429 -0.014904
v 0.014332 -0.123429 -0.012593
v 0.016206 -0.123429 -0.009916
v 0.017588 -0.123429 -0.006954
v 0.018433 -0.123429 -0.003797
v 0.018718 -0.123429 -0.000541
v 0.018433 -0.123429 0.002715
v 0.017588 -0.123429 0.005872
v 0.016206 -0.123429 0.008834
v 0.014332 -0.123429 0.011511
v 0.012021 -0.123429 0.013822
v 0.009343 -0.123429 0.015697
v 0.006381 -0.123429 0.017078
v 0.003224 -0.123429 0.017924
v -0.000031 -0.123429 0.018209
v -0.003287 -0.123429 0.017924
v -0.006444 -0.123429 0.017078
v -0.009406 -0.123429 0.015697
v -0.012084 -0.123429 0.013822
v -0.014395 -0.123429 0.011511
v -0.016269 -0.123429 0.008834
v -0.017650 -0.123429 0.005872
v -0.018496 -0.123429 0.002715
v -0.018781 -0.123429 -0.000541
v -0.018496 -0.123429 -0.003797
v -0.017650 -0.123429 -0.006954
v -0.016269 -0.123429 -0.009916
v -0.014395 -0.123429 -0.012593
v -0.012084 -0.123429 -0.014904
v -0.009406 -0.123429 -0.016779
v -0.006444 -0.123429 -0.018160
v -0.003287 -0.123429 -0.019006
v 0.009128 -0.123429 0.010375
v 0.010885 -0.123429 0.008619
v 0.012309 -0.123429 0.006584
v 0.013359 -0.123429 0.004333
v 0.014002 -0.123429 0.001934
v 0.014218 -0.123429 -0.000541
v 0.014002 -0.123429 -0.003015
v 0.013359 -0.123429 -0.005414
v 0.012309 -0.123429 -0.007666
v 0.010885 -0.123429 -0.009700
v 0.009128 -0.123429 -0.011457
v 0.007093 -0.123429 -0.012881
v 0.004842 -0.123429 -0.013931
v 0.002443 -0.123429 -0.014574
v -0.000031 -0.123429 -0.014791
v -0.002506 -0.123429 -0.014574
v -0.004905 -0.123429 -0.013931
v -0.007156 -0.123429 -0.012881
v -0.009191 -0.123429 -0.011457
v -0.010947 -0.123429 -0.009700
v -0.012372 -0.123429 -0.007666
v -0.013422 -0.123429 -0.005414
v -0.014065 -0.123429 -0.003015
v -0.014281 -0.123429 -0.000541
v -0.014065 -0.123429 0.001934
v -0.013422 -0.123429 0.004333
v -0.012372 -0.123429 0.006584
v -0.010947 -0.123429 0.008619
v -0.009191 -0.123429 0.010375
v -0.007156 -0.123429 0.011800
v -0.004905 -0.123429 0.012850
v -0.002506 -0.123429 0.013493
v -0.000031 -0.123429 0.013709
v 0.002443 -0.123429 0.013493
v 0.004842 -0.123429 0.012850
v 0.007093 -0.123429 0.011800
v -0.000031 -0.136929 -0.014791
v 0.002443 -0.136929 -0.014574
v 0.004842 -0.136929 -0.013931
v 0.007093 -0.136929 -0.012881
v 0.009128 -0.136929 -0.011457
v 0.010885 -0.136929 -0.009700
v 0.012309 -0.136929 -0.007666
v 0.013359 -0.136929 -0.005414
v 0.014002 -0.136929 -0.003015
v 0.014218 -0.136929 -0.000541
v 0.014002 -0.136929 0.001934
v 0.013359 -0.136929 0.004333
v 0.012309 -0.136929 0.006584
v 0.010885 -0.136929 0.008619
v 0.009128 -0.136929 0.010375
v 0.007093 -0.136929 0.011800
v 0.004842 -0.136929 0.012850
v 0.002443 -0.136929 0.013493
v -0.000031 -0.136929 0.013709
v -0.002506 -0.136929 0.013493
v -0.004905 -0.136929 0.012850
v -0.007156 -0.136929 0.011800
v -0.009191 -0.136929 0.010375
v -0.010947 -0.136929 0.008619
v -0.012372 -0.136929 0.006584
v -0.013422 -0.136929 0.004333
v -0.014065 -0.136929 0.001934
v -0.014281 -0.136929 -0.000541
v -0.014065 -0.136929 -0.003015
v -0.013422 -0.136929 -0.005414
v -0.012372 -0.136929 -0.007666
v -0.010947 -0.136929 -0.009700
v -0.009191 -0.136929 -0.011457
v -0.007156 -0.136929 -0.012881
v -0.004905 -0.136929 -0.013931
v -0.002506 -0.136929 -0.014574
v 0.001813 0.001010 0.022311
v 0.003646 0.001010 0.022089
v 0.005455 0.001010 0.021719
v 0.007229 0.001010 0.021206
v 0.008955 0.001010 0.020551
v 0.010623 0.001010 0.019760
v 0.012222 0.001010 0.018836
v 0.013741 0.001010 0.017788
v 0.015172 0.001010 0.016620
v 0.016503 0.001010 0.015341
v 0.017727 0.001010 0.013959
v 0.018837 0.001010 0.012483
v 0.019823 0.001010 0.010922
v 0.020681 0.001010 0.009288
v 0.021405 0.001010 0.007589
v 0.021990 0.001010 0.005838
v 0.022432 0.001010 0.004045
v 0.022728 0.001010 0.002223
v 0.022876 0.001010 0.000382
v 0.022876 0.001010 -0.001464
v 0.022728 0.001010 -0.003304
v 0.022432 0.001010 -0.005127
v 0.021990 0.001010 -0.006919
v 0.021405 0.001010 -0.008671
v 0.020681 0.001010 -0.010369
v 0.019823 0.001010 -0.012004
v 0.018837 0.001010 -0.013564
v 0.017727 0.001010 -0.015040
v 0.016503 0.001010 -0.016422
v 0.015172 0.001010 -0.017701
v 0.013741 0.001010 -0.018869
v 0.012222 0.001010 -0.019918
v 0.010623 0.001010 -0.020841
v 0.008955 0.001010 -0.021633
v 0.007229 0.001010 -0.022287
v 0.005455 0.001010 -0.022801
v 0.003646 0.001010 -0.023170
v 0.001813 0.001010 -0.023393
v -0.000031 0.001010 -0.023467
v -0.001876 0.001010 -0.023393
v -0.003709 0.001010 -0.023170
v -0.005518 0.001010 -0.022801
v -0.007291 0.001010 -0.022287
v -0.009018 0.001010 -0.021633
v -0.010686 0.001010 -0.020841
v -0.012285 0.001010 -0.019918
v -0.013804 0.001010 -0.018869
v -0.015234 0.001010 -0.017701
v -0.016566 0.001010 -0.016422
v -0.017790 0.001010 -0.015040
v -0.018899 0.001010 -0.013564
v -0.019886 0.001010 -0.012004
v -0.020744 0.001010 -0.010369
v -0.021468 0.001010 -0.008671
v -0.022053 0.001010 -0.006919
v -0.022494 0.001010 -0.005127
v -0.022791 0.001010 -0.003304
v -0.022939 0.001010 -0.001464
v -0.022939 0.001010 0.000382
v -0.022791 0.001010 0.002223
v -0.022494 0.001010 0.004045
v -0.022053 0.001010 0.005838
v -0.021468 0.001010 0.007589
v -0.020744 0.001010 0.009288
v -0.019886 0.001010 0.010922
v -0.018899 0.001010 0.012483
v -0.017790 0.001010 0.013959
v -0.016566 0.001010 0.015341
v -0.015234 0.001010 0.016620
v -0.013804 0.001010 0.017788
v -0.012285 0.001010 0.018836
v -0.010686 0.001010 0.019760
v -0.009018 0.001010 0.020551
v -0.007291 0.001010 0.021206
v -0.005518 0.001010 0.021719
v -0.003709 0.001010 0.022089
v -0.001876 0.001010 0.022311
v -0.000031 0.001010 0.022386
v 0.001827 0.001054 0.022477
v 0.003673 0.001054 0.022253
v 0.005495 0.001054 0.021881
v 0.007281 0.001054 0.021363
v 0.009020 0.001054 0.020704
v 0.010700 0.001054 0.019906
v 0.012311 0.001054 0.018977
v 0.013841 0.001054 0.017920
v 0.015282 0.001054 0.016744
v 0.016623 0.001054 0.015456
v 0.017856 0.001054 0.014064
v 0.018973 0.001054 0.012577
v 0.019967 0.001054 0.011005
v 0.020831 0.001054 0.009359
v 0.021560 0.001054 0.007648
v 0.022149 0.001054 0.005884
v 0.022594 0.001054 0.004078
v 0.022893 0.001054 0.002243
v 0.023042 0.001054 0.000389
v 0.023042 0.001054 -0.001471
v 0.022893 0.001054 -0.003324
v 0.022594 0.001054 -0.005160
v 0.022149 0.001054 -0.006965
v 0.021560 0.001054 -0.008729
v 0.020831 0.001054 -0.010440
v 0.019967 0.001054 -0.012087
v 0.018973 0.001054 -0.013659
v 0.017856 0.001054 -0.015145
v 0.016623 0.001054 -0.016537
v 0.015282 0.001054 -0.017826
v 0.013841 0.001054 -0.019002
v 0.012311 0.001054 -0.020058
v 0.010700 0.001054 -0.020988
v 0.009020 0.001054 -0.021785
v 0.007281 0.001054 -0.022445
v 0.005495 0.001054 -0.022962
v 0.003673 0.001054 -0.023334
v 0.001827 0.001054 -0.023558
v -0.000031 0.001054 -0.023633
v -0.001890 0.001054 -0.023558
v -0.003736 0.001054 -0.023334
v -0.005558 0.001054 -0.022962
v -0.007344 0.001054 -0.022445
v -0.009083 0.001054 -0.021785
v -0.010763 0.001054 -0.020988
v -0.012374 0.001054 -0.020058
v -0.013904 0.001054 -0.019002
v -0.015344 0.001054 -0.017826
v -0.016686 0.001054 -0.016537
v -0.017919 0.001054 -0.015145
v -0.019036 0.001054 -0.013659
v -0.020030 0.001054 -0.012087
v -0.020894 0.001054 -0.010440
v -0.021623 0.001054 -0.008729
v -0.022212 0.001054 -0.006965
v -0.022657 0.001054 -0.005160
v -0.022955 0.001054 -0.003324
v -0.023105 0.001054 -0.001471
v -0.023105 0.001054 0.000389
v -0.022955 0.001054 0.002243
v -0.022657 0.001054 0.004078
v -0.022212 0.001054 0.005884
v -0.021623 0.001054 0.007648
v -0.020894 0.001054 0.009359
v -0.020030 0.001054 0.011005
v -0.019036 0.001054 0.012577
v -0.017919 0.001054 0.014064
v -0.016686 0.001054 0.015456
v -0.015344 0.001054 0.016744
v -0.013904 0.001054 0.017920
v -0.012374 0.001054 0.018977
v -0.010763 0.001054 0.019906
v -0.009083 0.001054 0.020704
v -0.007344 0.001054 0.021363
v -0.005558 0.001054 0.021881
v -0.003736 0.001054 0.022253
v -0.001890 0.001054 0.022477
v -0.000031 0.001054 0.022552
v 0.001570 -0.000616 0.019302
v 0.003162 -0.000616 0.019109
v 0.004733 -0.000616 0.018788
v 0.006273 -0.000616 0.018342
v 0.007771 -0.000616 0.017773
v 0.009220 -0.000616 0.017086
v 0.010608 -0.000616 0.016285
v 0.011928 -0.000616 0.015374
v 0.013169 -0.000616 0.014360
v 0.014326 -0.000616 0.013249
v 0.015389 -0.000616 0.012049
v 0.016352 -0.000616 0.010768
v 0.017209 -0.000616 0.009413
v 0.017954 -0.000616 0.007993
v 0.018582 -0.000616 0.006518
v 0.019090 -0.000616 0.004998
v 0.019473 -0.000616 0.003441
v 0.019731 -0.000616 0.001859
v 0.019860 -0.000616 0.000261
v 0.019860 -0.000616 -0.001342
v 0.019731 -0.000616 -0.002940
v 0.019473 -0.000616 -0.004523
v 0.019090 -0.000616 -0.006079
v 0.018582 -0.000616 -0.007600
v 0.017954 -0.000616 -0.009075
v 0.017209 -0.000616 -0.010494
v 0.016352 -0.000616 -0.011849
v 0.015389 -0.000616 -0.013131
v 0.014326 -0.000616 -0.014331
v 0.013169 -0.000616 -0.015441
v 0.011928 -0.000616 -0.016455
v 0.010608 -0.000616 -0.017366
v 0.009220 -0.000616 -0.018168
v 0.007771 -0.000616 -0.018855
v 0.006273 -0.000616 -0.019423
v 0.004733 -0.000616 -0.019869
v 0.003162 -0.000616 -0.020190
v 0.001570 -0.000616 -0.020383
v -0.000031 -0.000616 -0.020448
v -0.001633 -0.000616 -0.020383
v -0.003225 -0.000616 -0.020190
v -0.004796 -0.000616 -0.019869
v -0.006335 -0.000616 -0.019423
v -0.007834 -0.000616 -0.018855
v -0.009283 -0.000616 -0.018168
v -0.010671 -0.000616 -0.017366
v -0.011990 -0.000616 -0.016455
v -0.013232 -0.000616 -0.015441
v -0.014388 -0.000616 -0.014331
v -0.015452 -0.000616 -0.013131
v -0.016415 -0.000616 -0.011849
v -0.017272 -0.000616 -0.010494
v -0.018017 -0.000616 -0.009075
v -0.018645 -0.000616 -0.007600
v -0.019153 -0.000616 -0.006079
v -0.019536 -0.000616 -0.004523
v -0.019793 -0.000616 -0.002940
v -0.019922 -0.000616 -0.001342
v -0.019922 -0.000616 0.000261
v -0.019793 -0.000616 0.001859
v -0.019536 -0.000616 0.003441
v -0.019153 -0.000616 0.004998
v -0.018645 -0.000616 0.006518
v -0.018017 -0.000616 0.007993
v -0.017272 -0.000616 0.009413
v -0.016415 -0.000616 0.010768
v -0.015452 -0.000616 0.012049
v -0.014388 -0.000616 0.013249
v -0.013232 -0.000616 0.014360
v -0.011990 -0.000616 0.015374
v -0.010671 -0.000616 0.016285
v -0.009283 -0.000616 0.017086
v -0.007834 -0.000616 0.017773
v -0.006335 -0.000616 0.018342
v -0.004796 -0.000616 0.018788
v -0.003225 -0.000616 0.019109
v -0.001633 -0.000616 0.019302
v -0.000031 -0.000616 0.019366
v 0.001584 -0.000573 0.019467
v 0.003189 -0.000573 0.019272
v 0.004772 -0.000573 0.018949
v 0.006325 -0.000573 0.018499
v 0.007837 -0.000573 0.017926
v 0.009297 -0.000573 0.017233
v 0.010697 -0.000573 0.016425
v 0.012027 -0.000573 0.015507
v 0.013279 -0.000573 0.014484
v 0.014445 -0.000573 0.013364
v 0.015517 -0.000573 0.012154
v 0.016488 -0.000573 0.010862
v 0.017352 -0.000573 0.009496
v 0.018104 -0.000573 0.008064
v 0.018737 -0.000573 0.006577
v 0.019249 -0.000573 0.005044
v 0.019636 -0.000573 0.003474
v 0.019895 -0.000573 0.001879
v 0.020025 -0.000573 0.000267
v 0.020025 -0.000573 -0.001349
v 0.019895 -0.000573 -0.002960
v 0.019636 -0.000573 -0.004556
v 0.019249 -0.000573 -0.006125
v 0.018737 -0.000573 -0.007659
v 0.018104 -0.000573 -0.009146
v 0.017352 -0.000573 -0.010577
v 0.016488 -0.000573 -0.011944
v 0.015517 -0.000573 -0.013236
v 0.014445 -0.000573 -0.014446
v 0.013279 -0.000573 -0.015566
v 0.012027 -0.000573 -0.016588
v 0.010697 -0.000573 -0.017506
v 0.009297 -0.000573 -0.018315
v 0.007837 -0.000573 -0.019008
v 0.006325 -0.000573 -0.019581
v 0.004772 -0.000573 -0.020031
v 0.003189 -0.000573 -0.020354
v 0.001584 -0.000573 -0.020549
v -0.000031 -0.000573 -0.020614
v -0.001647 -0.000573 -0.020549
v -0.003251 -0.000573 -0.020354
v -0.004835 -0.000573 -0.020031
v -0.006388 -0.000573 -0.019581
v -0.007899 -0.000573 -0.019008
v -0.009360 -0.000573 -0.018315
v -0.010760 -0.000573 -0.017506
v -0.012090 -0.000573 -0.016588
v -0.013342 -0.000573 -0.015566
v -0.014508 -0.000573 -0.014446
v -0.015580 -0.000573 -0.013236
v -0.016551 -0.000573 -0.011944
v -0.017415 -0.000573 -0.010577
v -0.018166 -0.000573 -0.009146
v -0.018800 -0.000573 -0.007659
v -0.019312 -0.000573 -0.006125
v -0.019699 -0.000573 -0.004556
v -0.019958 -0.000573 -0.002960
v -0.020088 -0.000573 -0.001349
v -0.020088 -0.000573 0.000267
v -0.019958 -0.000573 0.001879
v -0.019699 -0.000573 0.003474
v -0.019312 -0.000573 0.005044
v -0.018800 -0.000573 0.006577
v -0.018166 -0.000573 0.008064
v -0.017415 -0.000573 0.009496
v -0.016551 -0.000573 0.010862
v -0.015580 -0.000573 0.012154
v -0.014508 -0.000573 0.013364
v -0.013342 -0.000573 0.014484
v -0.012090 -0.000573 0.015507
v -0.010760 -0.000573 0.016425
v -0.009360 -0.000573 0.017233
v -0.007899 -0.000573 0.017926
v -0.006388 -0.000573 0.018499
v -0.004835 -0.000573 0.018949
v -0.003251 -0.000573 0.019272
v -0.001647 -0.000573 0.019467
v -0.000031 -0.000573 0.019532
v 0.005916 -0.009739 -0.030439
v 0.014339 -0.009739 -0.027426
v 0.016905 -0.009739 -0.025888
v 0.021524 -0.009739 -0.022097
v 0.023533 -0.009739 -0.019880
v 0.028132 -0.009739 -0.012207
v 0.029140 -0.009739 -0.009390
v 0.030306 -0.009739 -0.003529
v 0.030453 -0.009739 -0.000541
v 0.029867 -0.009739 0.005406
v 0.029140 -0.009739 0.008308
v 0.025315 -0.009739 0.016395
v 0.023533 -0.009739 0.018798
v 0.019308 -0.009739 0.023024
v 0.016905 -0.009739 0.024806
v 0.011634 -0.009739 0.027623
v 0.008818 -0.009739 0.028631
v -0.000031 -0.009739 0.029944
v -0.003019 -0.009739 0.029797
v -0.008881 -0.009739 0.028631
v -0.011697 -0.009739 0.027623
v -0.014402 -0.009739 0.026344
v -0.019371 -0.009739 0.023024
v -0.025378 -0.009739 0.016395
v -0.026916 -0.009739 0.013829
v -0.029203 -0.009739 0.008308
v -0.029930 -0.009739 0.005406
v -0.030369 -0.009739 -0.003529
v -0.029930 -0.009739 -0.006488
v -0.028195 -0.009739 -0.012207
v -0.026916 -0.009739 -0.014911
v -0.023596 -0.009739 -0.019880
v -0.021587 -0.009739 -0.022097
v -0.014402 -0.009739 -0.027426
v -0.011697 -0.009739 -0.028705
v -0.005979 -0.009739 -0.030439
v -0.003019 -0.009739 -0.030878
v 0.002923 -0.010331 -0.030538
v 0.005849 -0.010331 -0.030104
v 0.011504 -0.010331 -0.028389
v 0.014178 -0.010331 -0.027124
v 0.019091 -0.010331 -0.023841
v 0.023269 -0.010331 -0.019663
v 0.026552 -0.010331 -0.014750
v 0.027817 -0.010331 -0.012076
v 0.029532 -0.010331 -0.006421
v 0.029966 -0.010331 -0.003495
v 0.029966 -0.010331 0.002414
v 0.028813 -0.010331 0.008209
v 0.026552 -0.010331 0.013668
v 0.025031 -0.010331 0.016205
v 0.021282 -0.010331 0.020773
v 0.019091 -0.010331 0.022760
v 0.014178 -0.010331 0.026042
v 0.008718 -0.010331 0.028304
v 0.002923 -0.010331 0.029456
v -0.000031 -0.010331 0.029602
v -0.005912 -0.010331 0.029022
v -0.011566 -0.010331 0.027307
v -0.016778 -0.010331 0.024522
v -0.019154 -0.010331 0.022760
v -0.023332 -0.010331 0.018581
v -0.025094 -0.010331 0.016205
v -0.027879 -0.010331 0.010994
v -0.029595 -0.010331 0.005340
v -0.030174 -0.010331 -0.000541
v -0.030029 -0.010331 -0.003495
v -0.028876 -0.010331 -0.009291
v -0.027879 -0.010331 -0.012076
v -0.025094 -0.010331 -0.017287
v -0.021345 -0.010331 -0.021855
v -0.016778 -0.010331 -0.025603
v -0.014240 -0.010331 -0.027124
v -0.008781 -0.010331 -0.029385
v -0.019154 -0.010331 -0.023841
v -0.019232 -0.010208 -0.023936
v -0.021432 -0.010208 -0.021942
v -0.019295 -0.010065 -0.024014
v -0.021503 -0.010065 -0.022013
v -0.019342 -0.009907 -0.024071
v -0.021555 -0.009907 -0.022065
v -0.019371 -0.009739 -0.024106
v -0.030029 -0.010331 0.002414
v -0.030151 -0.010208 0.002426
v -0.029716 -0.010208 0.005364
v -0.030251 -0.010065 0.002436
v -0.029814 -0.010065 0.005383
v -0.030324 -0.009907 0.002443
v -0.029886 -0.009907 0.005398
v -0.030369 -0.009739 0.002447
v -0.021345 -0.010331 0.020773
v -0.021432 -0.010208 0.020860
v -0.019232 -0.010208 0.022855
v -0.021503 -0.010065 0.020931
v -0.019295 -0.010065 0.022932
v -0.021555 -0.009907 0.020983
v -0.019342 -0.009907 0.022989
v -0.021587 -0.009739 0.021015
v 0.005849 -0.010331 0.029022
v 0.005873 -0.010208 0.029143
v 0.008754 -0.010208 0.028422
v 0.005893 -0.010065 0.029241
v 0.008783 -0.010065 0.028517
v 0.005907 -0.009907 0.029314
v 0.008805 -0.009907 0.028588
v 0.005916 -0.009739 0.029358
v 0.027817 -0.010331 0.010994
v 0.027930 -0.010208 0.011041
v 0.028931 -0.010208 0.008245
v 0.028023 -0.010065 0.011080
v 0.029027 -0.010065 0.008274
v 0.028091 -0.009907 0.011108
v 0.029097 -0.009907 0.008295
v 0.028132 -0.009739 0.011125
v 0.025031 -0.010331 -0.017287
v 0.025134 -0.010208 -0.017355
v 0.023364 -0.010208 -0.019741
v 0.025217 -0.010065 -0.017411
v 0.023442 -0.010065 -0.019805
v 0.025278 -0.009907 -0.017452
v 0.023498 -0.009907 -0.019851
v 0.025315 -0.009739 -0.017477
v 0.008718 -0.010331 -0.029385
v 0.008754 -0.010208 -0.029503
v 0.005873 -0.010208 -0.030225
v 0.008783 -0.010065 -0.029599
v 0.005893 -0.010065 -0.030323
v 0.008805 -0.009907 -0.029669
v 0.005907 -0.009907 -0.030395
v 0.008818 -0.009739 -0.029713
v -0.000031 -0.010331 -0.030683
v -0.002986 -0.010331 -0.030538
v -0.000031 -0.010208 -0.030806
v -0.002998 -0.010208 -0.030661
v -0.000031 -0.010065 -0.030906
v -0.003008 -0.010065 -0.030760
v -0.000031 -0.009907 -0.030980
v -0.003015 -0.009907 -0.030833
v -0.000031 -0.009739 -0.031025
v -0.005912 -0.010331 -0.030104
v -0.005936 -0.010208 -0.030225
v -0.005955 -0.010065 -0.030323
v -0.005970 -0.009907 -0.030395
v -0.008881 -0.009739 -0.029713
v -0.008868 -0.009907 -0.029669
v -0.008846 -0.010065 -0.029599
v -0.008817 -0.010208 -0.029503
v -0.011566 -0.010331 -0.028389
v -0.011614 -0.010208 -0.028503
v -0.011652 -0.010065 -0.028595
v -0.011680 -0.009907 -0.028663
v -0.014299 -0.010208 -0.027233
v -0.014346 -0.010065 -0.027321
v -0.014380 -0.009907 -0.027386
v -0.016968 -0.009739 -0.025888
v -0.016943 -0.009907 -0.025850
v -0.016902 -0.010065 -0.025789
v -0.016846 -0.010208 -0.025706
v -0.023561 -0.009907 -0.019851
v -0.023504 -0.010065 -0.019805
v -0.023427 -0.010208 -0.019741
v -0.023332 -0.010331 -0.019663
v -0.025378 -0.009739 -0.017477
v -0.025341 -0.009907 -0.017452
v -0.025280 -0.010065 -0.017411
v -0.025196 -0.010208 -0.017355
v -0.026615 -0.010331 -0.014750
v -0.026723 -0.010208 -0.014808
v -0.026812 -0.010065 -0.014855
v -0.026877 -0.009907 -0.014890
v -0.027993 -0.010208 -0.012123
v -0.028086 -0.010065 -0.012161
v -0.028154 -0.009907 -0.012189
v -0.029203 -0.009739 -0.009390
v -0.029160 -0.009907 -0.009377
v -0.029090 -0.010065 -0.009355
v -0.028994 -0.010208 -0.009326
v -0.029595 -0.010331 -0.006421
v -0.029716 -0.010208 -0.006445
v -0.029814 -0.010065 -0.006465
v -0.029886 -0.009907 -0.006479
v -0.030151 -0.010208 -0.003507
v -0.030251 -0.010065 -0.003517
v -0.030324 -0.009907 -0.003524
v -0.030516 -0.009739 -0.000541
v -0.030471 -0.009907 -0.000541
v -0.030397 -0.010065 -0.000541
v -0.030297 -0.010208 -0.000541
v -0.028876 -0.010331 0.008209
v -0.028994 -0.010208 0.008245
v -0.029090 -0.010065 0.008274
v -0.029160 -0.009907 0.008295
v -0.028195 -0.009739 0.011125
v -0.028154 -0.009907 0.011108
v -0.028086 -0.010065 0.011080
v -0.027993 -0.010208 0.011041
v -0.026615 -0.010331 0.013668
v -0.026723 -0.010208 0.013726
v -0.026812 -0.010065 0.013773
v -0.026877 -0.009907 0.013808
v -0.025196 -0.010208 0.016274
v -0.025280 -0.010065 0.016329
v -0.025341 -0.009907 0.016370
v -0.023596 -0.009739 0.018798
v -0.023561 -0.009907 0.018770
v -0.023504 -0.010065 0.018723
v -0.023427 -0.010208 0.018660
v -0.016968 -0.009739 0.024806
v -0.016943 -0.009907 0.024769
v -0.016902 -0.010065 0.024707
v -0.016846 -0.010208 0.024624
v -0.014240 -0.010331 0.026042
v -0.014299 -0.010208 0.026151
v -0.014346 -0.010065 0.026239
v -0.014380 -0.009907 0.026304
v -0.011680 -0.009907 0.027581
v -0.011652 -0.010065 0.027513
v -0.011614 -0.010208 0.027421
v -0.008781 -0.010331 0.028304
v -0.008817 -0.010208 0.028422
v -0.008846 -0.010065 0.028517
v -0.008868 -0.009907 0.028588
v -0.005979 -0.009739 0.029358
v -0.005970 -0.009907 0.029314
v -0.005955 -0.010065 0.029241
v -0.005936 -0.010208 0.029143
v -0.002986 -0.010331 0.029456
v -0.002998 -0.010208 0.029579
v -0.003008 -0.010065 0.029679
v -0.003015 -0.009907 0.029752
v -0.000031 -0.010208 0.029725
v -0.000031 -0.010065 0.029825
v -0.000031 -0.009907 0.029899
v 0.002957 -0.009739 0.029797
v 0.002952 -0.009907 0.029752
v 0.002945 -0.010065 0.029679
v 0.002935 -0.010208 0.029579
v 0.011617 -0.009907 0.027581
v 0.011589 -0.010065 0.027513
v 0.011551 -0.010208 0.027421
v 0.011504 -0.010331 0.027307
v 0.014339 -0.009739 0.026344
v 0.014318 -0.009907 0.026304
v 0.014283 -0.010065 0.026239
v 0.014236 -0.010208 0.026151
v 0.016715 -0.010331 0.024522
v 0.016783 -0.010208 0.024624
v 0.016839 -0.010065 0.024707
v 0.016880 -0.009907 0.024769
v 0.019169 -0.010208 0.022855
v 0.019232 -0.010065 0.022932
v 0.019279 -0.009907 0.022989
v 0.021524 -0.009739 0.021015
v 0.021492 -0.009907 0.020983
v 0.021440 -0.010065 0.020931
v 0.021370 -0.010208 0.020860
v 0.023269 -0.010331 0.018581
v 0.023364 -0.010208 0.018660
v 0.023442 -0.010065 0.018723
v 0.023498 -0.009907 0.018770
v 0.025134 -0.010208 0.016274
v 0.025217 -0.010065 0.016329
v 0.025278 -0.009907 0.016370
v 0.026853 -0.009739 0.013829
v 0.026814 -0.009907 0.013808
v 0.026749 -0.010065 0.013773
v 0.026660 -0.010208 0.013726
v 0.029823 -0.009907 0.005398
v 0.029751 -0.010065 0.005383
v 0.029653 -0.010208 0.005364
v 0.029532 -0.010331 0.005340
v 0.030306 -0.009739 0.002447
v 0.030261 -0.009907 0.002443
v 0.030188 -0.010065 0.002436
v 0.030088 -0.010208 0.002426
v 0.030111 -0.010331 -0.000541
v 0.030234 -0.010208 -0.000541
v 0.030334 -0.010065 -0.000541
v 0.030408 -0.009907 -0.000541
v 0.030088 -0.010208 -0.003507
v 0.030188 -0.010065 -0.003517
v 0.030261 -0.009907 -0.003524
v 0.029867 -0.009739 -0.006488
v 0.029823 -0.009907 -0.006479
v 0.029751 -0.010065 -0.006465
v 0.029653 -0.010208 -0.006445
v 0.028813 -0.010331 -0.009291
v 0.028931 -0.010208 -0.009326
v 0.029027 -0.010065 -0.009355
v 0.029097 -0.009907 -0.009377
v 0.027930 -0.010208 -0.012123
v 0.028023 -0.010065 -0.012161
v 0.028091 -0.009907 -0.012189
v 0.026853 -0.009739 -0.014911
v 0.026814 -0.009907 -0.014890
v 0.026749 -0.010065 -0.014855
v 0.026660 -0.010208 -0.014808
v 0.021282 -0.010331 -0.021855
v 0.021370 -0.010208 -0.021942
v 0.021440 -0.010065 -0.022013
v 0.021492 -0.009907 -0.022065
v 0.019308 -0.009739 -0.024106
v 0.019279 -0.009907 -0.024071
v 0.019232 -0.010065 -0.024014
v 0.019169 -0.010208 -0.023936
v 0.016715 -0.010331 -0.025603
v 0.016783 -0.010208 -0.025706
v 0.016839 -0.010065 -0.025789
v 0.016880 -0.009907 -0.025850
v 0.014236 -0.010208 -0.027233
v 0.014283 -0.010065 -0.027321
v 0.014318 -0.009907 -0.027386
v 0.011634 -0.009739 -0.028705
v 0.011617 -0.009907 -0.028663
v 0.011589 -0.010065 -0.028595
v 0.011551 -0.010208 -0.028503
v 0.002957 -0.009739 -0.030878
v 0.002952 -0.009907 -0.030833
v 0.002945 -0.010065 -0.030760
v 0.002935 -0.010208 -0.030661
v -0.004015 -0.124756 -0.014758
v -0.002042 -0.124756 -0.015168
v -0.005914 -0.124756 -0.014083
v -0.007703 -0.124756 -0.013156
v -0.009349 -0.124756 -0.011994
v -0.010822 -0.124756 -0.010619
v -0.012094 -0.124756 -0.009055
v -0.013141 -0.124756 -0.007334
v -0.013944 -0.124756 -0.005485
v -0.014488 -0.124756 -0.003545
v -0.014762 -0.124756 -0.001548
v -0.014762 -0.124756 0.000467
v -0.014488 -0.124756 0.002463
v -0.013944 -0.124756 0.004404
v -0.013141 -0.124756 0.006252
v -0.012094 -0.124756 0.007974
v -0.010822 -0.124756 0.009537
v -0.009349 -0.124756 0.010913
v -0.007703 -0.124756 0.012075
v -0.005914 -0.124756 0.013002
v -0.004015 -0.124756 0.013677
v -0.002042 -0.124756 0.014087
v -0.000031 -0.124756 0.014224
v 0.001979 -0.124756 0.014087
v 0.003952 -0.124756 0.013677
v 0.005851 -0.124756 0.013002
v 0.007640 -0.124756 0.012075
v 0.009287 -0.124756 0.010913
v 0.010759 -0.124756 0.009537
v 0.012031 -0.124756 0.007974
v 0.013078 -0.124756 0.006252
v 0.013881 -0.124756 0.004404
v 0.014425 -0.124756 0.002463
v 0.014699 -0.124756 0.000467
v 0.014699 -0.124756 -0.001548
v 0.014425 -0.124756 -0.003545
v 0.013881 -0.124756 -0.005485
v 0.013078 -0.124756 -0.007334
v 0.012031 -0.124756 -0.009055
v 0.010759 -0.124756 -0.010619
v 0.009287 -0.124756 -0.011994
v 0.007640 -0.124756 -0.013156
v 0.005851 -0.124756 -0.014083
v 0.003952 -0.124756 -0.014758
v 0.001979 -0.124756 -0.015168
v -0.000031 -0.124756 -0.015306
v 0.001985 -0.124587 -0.015213
v 0.003964 -0.124587 -0.014802
v 0.005869 -0.124587 -0.014125
v 0.007664 -0.124587 -0.013195
v 0.009315 -0.124587 -0.012029
v 0.010792 -0.124587 -0.010649
v 0.012068 -0.124587 -0.009081
v 0.013118 -0.124587 -0.007354
v 0.013924 -0.124587 -0.005500
v 0.014469 -0.124587 -0.003554
v 0.014744 -0.124587 -0.001551
v 0.014744 -0.124587 0.000470
v 0.014469 -0.124587 0.002472
v 0.013924 -0.124587 0.004419
v 0.013118 -0.124587 0.006273
v 0.012068 -0.124587 0.008000
v 0.010792 -0.124587 0.009568
v 0.009315 -0.124587 0.010948
v 0.007664 -0.124587 0.012113
v 0.005869 -0.124587 0.013043
v 0.003964 -0.124587 0.013720
v 0.001985 -0.124587 0.014131
v -0.000031 -0.124587 0.014269
v -0.002048 -0.124587 0.014131
v -0.004027 -0.124587 0.013720
v -0.005932 -0.124587 0.013043
v -0.007727 -0.124587 0.012113
v -0.009378 -0.124587 0.010948
v -0.010855 -0.124587 0.009568
v -0.012131 -0.124587 0.008000
v -0.013181 -0.124587 0.006273
v -0.013986 -0.124587 0.004419
v -0.014532 -0.124587 0.002472
v -0.014807 -0.124587 0.000470
v -0.014807 -0.124587 -0.001551
v -0.014532 -0.124587 -0.003554
v -0.013986 -0.124587 -0.005500
v -0.013181 -0.124587 -0.007354
v -0.012131 -0.124587 -0.009081
v -0.010855 -0.124587 -0.010649
v -0.009378 -0.124587 -0.012029
v -0.007727 -0.124587 -0.013195
v -0.005932 -0.124587 -0.014125
v -0.004027 -0.124587 -0.014802
v -0.002048 -0.124587 -0.015213
v -0.000031 -0.124587 -0.015351
v 0.001995 -0.124429 -0.015286
v 0.003984 -0.124429 -0.014873
v 0.005898 -0.124429 -0.014192
v 0.007702 -0.124429 -0.013258
v 0.009362 -0.124429 -0.012086
v 0.010846 -0.124429 -0.010700
v 0.012128 -0.124429 -0.009124
v 0.013184 -0.124429 -0.007388
v 0.013993 -0.124429 -0.005525
v 0.014541 -0.124429 -0.003569
v 0.014818 -0.124429 -0.001556
v 0.014818 -0.124429 0.000475
v 0.014541 -0.124429 0.002487
v 0.013993 -0.124429 0.004444
v 0.013184 -0.124429 0.006307
v 0.012128 -0.124429 0.008042
v 0.010846 -0.124429 0.009618
v 0.009362 -0.124429 0.011005
v 0.007702 -0.124429 0.012176
v 0.005898 -0.124429 0.013111
v 0.003984 -0.124429 0.013791
v 0.001995 -0.124429 0.014204
v -0.000031 -0.124429 0.014343
v -0.002058 -0.124429 0.014204
v -0.004047 -0.124429 0.013791
v -0.005961 -0.124429 0.013111
v -0.007765 -0.124429 0.012176
v -0.009424 -0.124429 0.011005
v -0.010909 -0.124429 0.009618
v -0.012191 -0.124429 0.008042
v -0.013247 -0.124429 0.006307
v -0.014056 -0.124429 0.004444
v -0.014604 -0.124429 0.002487
v -0.014881 -0.124429 0.000475
v -0.014881 -0.124429 -0.001556
v -0.014604 -0.124429 -0.003569
v -0.014056 -0.124429 -0.005525
v -0.013247 -0.124429 -0.007388
v -0.012191 -0.124429 -0.009124
v -0.010909 -0.124429 -0.010700
v -0.009424 -0.124429 -0.012086
v -0.007765 -0.124429 -0.013258
v -0.005961 -0.124429 -0.014192
v -0.004047 -0.124429 -0.014873
v -0.002058 -0.124429 -0.015286
v -0.000031 -0.124429 -0.015425
v 0.002009 -0.124287 -0.015385
v 0.004011 -0.124287 -0.014969
v 0.005938 -0.124287 -0.014284
v 0.007754 -0.124287 -0.013343
v 0.009425 -0.124287 -0.012164
v 0.010919 -0.124287 -0.010768
v 0.012210 -0.124287 -0.009182
v 0.013272 -0.124287 -0.007434
v 0.014087 -0.124287 -0.005559
v 0.014639 -0.124287 -0.003589
v 0.014917 -0.124287 -0.001563
v 0.014917 -0.124287 0.000482
v 0.014639 -0.124287 0.002508
v 0.014087 -0.124287 0.004477
v 0.013272 -0.124287 0.006353
v 0.012210 -0.124287 0.008100
v 0.010919 -0.124287 0.009686
v 0.009425 -0.124287 0.011082
v 0.007754 -0.124287 0.012262
v 0.005938 -0.124287 0.013203
v 0.004011 -0.124287 0.013887
v 0.002009 -0.124287 0.014303
v -0.000031 -0.124287 0.014443
v -0.002072 -0.124287 0.014303
v -0.004074 -0.124287 0.013887
v -0.006001 -0.124287 0.013203
v -0.007817 -0.124287 0.012262
v -0.009488 -0.124287 0.011082
v -0.010982 -0.124287 0.009686
v -0.012273 -0.124287 0.008100
v -0.013335 -0.124287 0.006353
v -0.014150 -0.124287 0.004477
v -0.014702 -0.124287 0.002508
v -0.014980 -0.124287 0.000482
v -0.014980 -0.124287 -0.001563
v -0.014702 -0.124287 -0.003589
v -0.014150 -0.124287 -0.005559
v -0.013335 -0.124287 -0.007434
v -0.012273 -0.124287 -0.009182
v -0.010982 -0.124287 -0.010768
v -0.009488 -0.124287 -0.012164
v -0.007817 -0.124287 -0.013343
v -0.006001 -0.124287 -0.014284
v -0.004074 -0.124287 -0.014969
v -0.002072 -0.124287 -0.015385
v -0.000031 -0.124287 -0.015525
v 0.002026 -0.124163 -0.015507
v 0.004044 -0.124163 -0.015088
v 0.005987 -0.124163 -0.014397
v 0.007818 -0.124163 -0.013448
v 0.009502 -0.124163 -0.012259
v 0.011009 -0.124163 -0.010852
v 0.012311 -0.124163 -0.009253
v 0.013382 -0.124163 -0.007491
v 0.014203 -0.124163 -0.005600
v 0.014760 -0.124163 -0.003614
v 0.015040 -0.124163 -0.001572
v 0.015040 -0.124163 0.000490
v 0.014760 -0.124163 0.002533
v 0.014203 -0.124163 0.004518
v 0.013382 -0.124163 0.006409
v 0.012311 -0.124163 0.008171
v 0.011009 -0.124163 0.009771
v 0.009502 -0.124163 0.011178
v 0.007818 -0.124163 0.012367
v 0.005987 -0.124163 0.013316
v 0.004044 -0.124163 0.014006
v 0.002026 -0.124163 0.014426
v -0.000031 -0.124163 0.014566
v -0.002089 -0.124163 0.014426
v -0.004107 -0.124163 0.014006
v -0.006050 -0.124163 0.013316
v -0.007881 -0.124163 0.012367
v -0.009565 -0.124163 0.011178
v -0.011072 -0.124163 0.009771
v -0.012373 -0.124163 0.008171
v -0.013445 -0.124163 0.006409
v -0.014266 -0.124163 0.004518
v -0.014822 -0.124163 0.002533
v -0.015103 -0.124163 0.000490
v -0.015103 -0.124163 -0.001572
v -0.014822 -0.124163 -0.003614
v -0.014266 -0.124163 -0.005600
v -0.013445 -0.124163 -0.007491
v -0.012373 -0.124163 -0.009253
v -0.011072 -0.124163 -0.010852
v -0.009565 -0.124163 -0.012259
v -0.007881 -0.124163 -0.013448
v -0.006050 -0.124163 -0.014397
v -0.004107 -0.124163 -0.015088
v -0.002089 -0.124163 -0.015507
v -0.000031 -0.124163 -0.015648
v 0.002045 -0.124063 -0.015649
v 0.004083 -0.124063 -0.015225
v 0.006044 -0.124063 -0.014528
v 0.007892 -0.124063 -0.013570
v 0.009593 -0.124063 -0.012370
v 0.011114 -0.124063 -0.010950
v 0.012427 -0.124063 -0.009335
v 0.013509 -0.124063 -0.007557
v 0.014338 -0.124063 -0.005648
v 0.014899 -0.124063 -0.003643
v 0.015183 -0.124063 -0.001581
v 0.015183 -0.124063 0.000500
v 0.014899 -0.124063 0.002562
v 0.014338 -0.124063 0.004566
v 0.013509 -0.124063 0.006475
v 0.012427 -0.124063 0.008253
v 0.011114 -0.124063 0.009868
v 0.009593 -0.124063 0.011289
v 0.007892 -0.124063 0.012489
v 0.006044 -0.124063 0.013447
v 0.004083 -0.124063 0.014144
v 0.002045 -0.124063 0.014567
v -0.000031 -0.124063 0.014709
v -0.002108 -0.124063 0.014567
v -0.004146 -0.124063 0.014144
v -0.006107 -0.124063 0.013447
v -0.007955 -0.124063 0.012489
v -0.009655 -0.124063 0.011289
v -0.011177 -0.124063 0.009868
v -0.012490 -0.124063 0.008253
v -0.013572 -0.124063 0.006475
v -0.014401 -0.124063 0.004566
v -0.014962 -0.124063 0.002562
v -0.015246 -0.124063 0.000500
v -0.015246 -0.124063 -0.001581
v -0.014962 -0.124063 -0.003643
v -0.014401 -0.124063 -0.005648
v -0.013572 -0.124063 -0.007557
v -0.012490 -0.124063 -0.009335
v -0.011177 -0.124063 -0.010950
v -0.009655 -0.124063 -0.012370
v -0.007955 -0.124063 -0.013570
v -0.006107 -0.124063 -0.014528
v -0.004146 -0.124063 -0.015225
v -0.002108 -0.124063 -0.015649
v -0.000031 -0.124063 -0.015791
v 0.002067 -0.123990 -0.015805
v 0.004126 -0.123990 -0.015377
v 0.006107 -0.123990 -0.014673
v 0.007974 -0.123990 -0.013705
v 0.009692 -0.123990 -0.012493
v 0.011229 -0.123990 -0.011057
v 0.012556 -0.123990 -0.009426
v 0.013649 -0.123990 -0.007629
v 0.014487 -0.123990 -0.005701
v 0.015054 -0.123990 -0.003676
v 0.015340 -0.123990 -0.001592
v 0.015340 -0.123990 0.000511
v 0.015054 -0.123990 0.002594
v 0.014487 -0.123990 0.004619
v 0.013649 -0.123990 0.006548
v 0.012556 -0.123990 0.008345
v 0.011229 -0.123990 0.009976
v 0.009692 -0.123990 0.011411
v 0.007974 -0.123990 0.012624
v 0.006107 -0.123990 0.013591
v 0.004126 -0.123990 0.014296
v 0.002067 -0.123990 0.014724
v -0.000031 -0.123990 0.014867
v -0.002129 -0.123990 0.014724
v -0.004188 -0.123990 0.014296
v -0.006170 -0.123990 0.013591
v -0.008037 -0.123990 0.012624
v -0.009755 -0.123990 0.011411
v -0.011292 -0.123990 0.009976
v -0.012619 -0.123990 0.008345
v -0.013712 -0.123990 0.006548
v -0.014550 -0.123990 0.004619
v -0.015117 -0.123990 0.002594
v -0.015403 -0.123990 0.000511
v -0.015403 -0.123990 -0.001592
v -0.015117 -0.123990 -0.003676
v -0.014550 -0.123990 -0.005701
v -0.013712 -0.123990 -0.007629
v -0.012619 -0.123990 -0.009426
v -0.011292 -0.123990 -0.011057
v -0.009755 -0.123990 -0.012493
v -0.008037 -0.123990 -0.013705
v -0.006170 -0.123990 -0.014673
v -0.004188 -0.123990 -0.015377
v -0.002129 -0.123990 -0.015805
v -0.000031 -0.123990 -0.015949
v 0.002090 -0.123945 -0.015972
v 0.004171 -0.123945 -0.015539
v 0.006174 -0.123945 -0.014827
v 0.008062 -0.123945 -0.013849
v 0.009798 -0.123945 -0.012623
v 0.011352 -0.123945 -0.011172
v 0.012694 -0.123945 -0.009523
v 0.013798 -0.123945 -0.007707
v 0.014645 -0.123945 -0.005757
v 0.015219 -0.123945 -0.003710
v 0.015508 -0.123945 -0.001604
v 0.015508 -0.123945 0.000522
v 0.015219 -0.123945 0.002628
v 0.014645 -0.123945 0.004675
v 0.013798 -0.123945 0.006625
v 0.012694 -0.123945 0.008442
v 0.011352 -0.123945 0.010091
v 0.009798 -0.123945 0.011542
v 0.008062 -0.123945 0.012768
v 0.006174 -0.123945 0.013746
v 0.004171 -0.123945 0.014458
v 0.002090 -0.123945 0.014890
v -0.000031 -0.123945 0.015035
v -0.002152 -0.123945 0.014890
v -0.004234 -0.123945 0.014458
v -0.006237 -0.123945 0.013746
v -0.008125 -0.123945 0.012768
v -0.009861 -0.123945 0.011542
v -0.011415 -0.123945 0.010091
v -0.012757 -0.123945 0.008442
v -0.013861 -0.123945 0.006625
v -0.014708 -0.123945 0.004675
v -0.015282 -0.123945 0.002628
v -0.015571 -0.123945 0.000522
v -0.015571 -0.123945 -0.001604
v -0.015282 -0.123945 -0.003710
v -0.014708 -0.123945 -0.005757
v -0.013861 -0.123945 -0.007707
v -0.012757 -0.123945 -0.009523
v -0.011415 -0.123945 -0.011172
v -0.009861 -0.123945 -0.012623
v -0.008125 -0.123945 -0.013849
v -0.006237 -0.123945 -0.014827
v -0.004234 -0.123945 -0.015539
v -0.002152 -0.123945 -0.015972
v -0.000031 -0.123945 -0.016117
v 0.004030 -0.136603 -0.014705
v 0.005962 -0.136603 -0.014002
v 0.012184 -0.136603 -0.008780
v 0.013212 -0.136603 -0.007000
v 0.014622 -0.136603 0.000999
v 0.014265 -0.136603 0.003024
v 0.010204 -0.136603 0.010058
v 0.008629 -0.136603 0.011380
v 0.000996 -0.136603 0.014158
v -0.001059 -0.136603 0.014158
v -0.008692 -0.136603 0.011380
v -0.010267 -0.136603 0.010058
v -0.014328 -0.136603 0.003024
v -0.014685 -0.136603 0.000999
v -0.013275 -0.136603 -0.007000
v -0.012247 -0.136603 -0.008780
v -0.006025 -0.136603 -0.014002
v -0.004093 -0.136603 -0.014705
v -0.001969 -0.137414 -0.014329
v -0.003869 -0.137414 -0.013925
v -0.001993 -0.137369 -0.014495
v -0.003916 -0.137369 -0.014087
v -0.002015 -0.137295 -0.014652
v -0.003959 -0.137295 -0.014239
v -0.002035 -0.137195 -0.014793
v -0.003999 -0.137195 -0.014376
v -0.002052 -0.137072 -0.014915
v -0.004033 -0.137072 -0.014494
v -0.002066 -0.136929 -0.015014
v -0.004060 -0.136929 -0.014590
v -0.002076 -0.136771 -0.015087
v -0.004080 -0.136771 -0.014661
v -0.002082 -0.136603 -0.015132
v -0.010379 -0.137414 -0.009857
v -0.011575 -0.137414 -0.008327
v -0.010504 -0.137369 -0.009970
v -0.011714 -0.137369 -0.008421
v -0.010621 -0.137295 -0.010076
v -0.011845 -0.137295 -0.008509
v -0.010727 -0.137195 -0.010171
v -0.011963 -0.137195 -0.008589
v -0.010819 -0.137072 -0.010254
v -0.012066 -0.137072 -0.008658
v -0.010893 -0.136929 -0.010321
v -0.012149 -0.136929 -0.008714
v -0.010948 -0.136771 -0.010370
v -0.012210 -0.136771 -0.008755
v -0.010981 -0.136603 -0.010400
v -0.013946 -0.137414 -0.001027
v -0.013879 -0.137414 0.000915
v -0.014115 -0.137369 -0.001033
v -0.014046 -0.137369 0.000932
v -0.014273 -0.137295 -0.001038
v -0.014203 -0.137295 0.000949
v -0.014415 -0.137195 -0.001043
v -0.014345 -0.137195 0.000964
v -0.014538 -0.137072 -0.001047
v -0.014468 -0.137072 0.000977
v -0.014638 -0.136929 -0.001051
v -0.014567 -0.136929 0.000987
v -0.014712 -0.136771 -0.001053
v -0.014640 -0.136771 0.000995
v -0.014757 -0.136603 -0.001055
v -0.011003 -0.137414 0.008031
v -0.009703 -0.137414 0.009475
v -0.011136 -0.137369 0.008135
v -0.009820 -0.137369 0.009596
v -0.011260 -0.137295 0.008232
v -0.009930 -0.137295 0.009710
v -0.011373 -0.137195 0.008320
v -0.010029 -0.137195 0.009812
v -0.011470 -0.137072 0.008396
v -0.010115 -0.137072 0.009901
v -0.011549 -0.136929 0.008458
v -0.010184 -0.136929 0.009973
v -0.011607 -0.136771 0.008503
v -0.010236 -0.136771 0.010026
v -0.011642 -0.136603 0.008531
v -0.002926 -0.137414 0.013078
v -0.001003 -0.137414 0.013349
v -0.002961 -0.137369 0.013243
v -0.001014 -0.137369 0.013517
v -0.002994 -0.137295 0.013398
v -0.001025 -0.137295 0.013674
v -0.003024 -0.137195 0.013537
v -0.001035 -0.137195 0.013817
v -0.003049 -0.137072 0.013658
v -0.001044 -0.137072 0.013940
v -0.003070 -0.136929 0.013756
v -0.001051 -0.136929 0.014039
v -0.003086 -0.136771 0.013828
v -0.001056 -0.136771 0.014113
v -0.003095 -0.136603 0.013872
v 0.006505 -0.137414 0.011753
v 0.008153 -0.137414 0.010724
v 0.006584 -0.137369 0.011902
v 0.008252 -0.137369 0.010860
v 0.006658 -0.137295 0.012041
v 0.008344 -0.137295 0.010988
v 0.006725 -0.137195 0.012167
v 0.008428 -0.137195 0.011103
v 0.006783 -0.137072 0.012276
v 0.008501 -0.137072 0.011203
v 0.006830 -0.136929 0.012364
v 0.008560 -0.136929 0.011284
v 0.006865 -0.136771 0.012429
v 0.008603 -0.136771 0.011343
v 0.006886 -0.136603 0.012469
v 0.012878 -0.137414 0.004675
v 0.013478 -0.137414 0.002828
v 0.013034 -0.137369 0.004738
v 0.013642 -0.137369 0.002868
v 0.013181 -0.137295 0.004797
v 0.013795 -0.137295 0.002907
v 0.013313 -0.137195 0.004851
v 0.013934 -0.137195 0.002941
v 0.013427 -0.137072 0.004897
v 0.014053 -0.137072 0.002971
v 0.013520 -0.136929 0.004934
v 0.014150 -0.136929 0.002995
v 0.013588 -0.136771 0.004962
v 0.014222 -0.136771 0.003013
v 0.013630 -0.136603 0.004979
v 0.013211 -0.137414 -0.004843
v 0.012483 -0.137414 -0.006644
v 0.013371 -0.137369 -0.004895
v 0.012634 -0.137369 -0.006718
v 0.013521 -0.137295 -0.004944
v 0.012776 -0.137295 -0.006787
v 0.013657 -0.137195 -0.004988
v 0.012905 -0.137195 -0.006850
v 0.013774 -0.137072 -0.005026
v 0.013015 -0.137072 -0.006904
v 0.013869 -0.136929 -0.005057
v 0.013105 -0.136929 -0.006948
v 0.013939 -0.136771 -0.005080
v 0.013171 -0.136771 -0.006980
v 0.013982 -0.136603 -0.005094
v 0.007347 -0.137414 -0.012349
v 0.005632 -0.137414 -0.013260
v 0.007436 -0.137369 -0.012491
v 0.005700 -0.137369 -0.013414
v 0.007520 -0.137295 -0.012625
v 0.005764 -0.137295 -0.013559
v 0.007595 -0.137195 -0.012746
v 0.005823 -0.137195 -0.013689
v 0.007661 -0.137072 -0.012851
v 0.005873 -0.137072 -0.013802
v 0.007714 -0.136929 -0.012936
v 0.005913 -0.136929 -0.013893
v 0.007753 -0.136771 -0.012998
v 0.005943 -0.136771 -0.013960
v 0.007777 -0.136603 -0.013036
v -0.000031 -0.137414 -0.014464
v -0.000031 -0.137369 -0.014633
v -0.000031 -0.137295 -0.014791
v -0.000031 -0.137195 -0.014933
v -0.000031 -0.137072 -0.015057
v -0.000031 -0.136929 -0.015157
v -0.000031 -0.136771 -0.015230
v -0.000031 -0.136603 -0.015275
v -0.005695 -0.137414 -0.013260
v -0.005763 -0.137369 -0.013414
v -0.005827 -0.137295 -0.013559
v -0.005885 -0.137195 -0.013689
v -0.005936 -0.137072 -0.013802
v -0.005976 -0.136929 -0.013893
v -0.006006 -0.136771 -0.013960
v -0.007840 -0.136603 -0.013036
v -0.007816 -0.136771 -0.012998
v -0.007777 -0.136929 -0.012936
v -0.007724 -0.137072 -0.012851
v -0.007658 -0.137195 -0.012746
v -0.007583 -0.137295 -0.012625
v -0.007499 -0.137369 -0.012491
v -0.007410 -0.137414 -0.012349
v -0.008981 -0.137414 -0.011207
v -0.009089 -0.137369 -0.011336
v -0.009191 -0.137295 -0.011457
v -0.009283 -0.137195 -0.011566
v -0.009362 -0.137072 -0.011661
v -0.009426 -0.136929 -0.011737
v -0.009474 -0.136771 -0.011794
v -0.009503 -0.136603 -0.011828
v -0.012546 -0.137414 -0.006644
v -0.012697 -0.137369 -0.006718
v -0.012839 -0.137295 -0.006787
v -0.012967 -0.137195 -0.006850
v -0.013078 -0.137072 -0.006904
v -0.013168 -0.136929 -0.006948
v -0.013234 -0.136771 -0.006980
v -0.014045 -0.136603 -0.005094
v -0.014002 -0.136771 -0.005080
v -0.013932 -0.136929 -0.005057
v -0.013837 -0.137072 -0.005026
v -0.013720 -0.137195 -0.004988
v -0.013584 -0.137295 -0.004944
v -0.013434 -0.137369 -0.004895
v -0.013273 -0.137414 -0.004843
v -0.013743 -0.137414 -0.002959
v -0.013909 -0.137369 -0.002988
v -0.014065 -0.137295 -0.003015
v -0.014205 -0.137195 -0.003040
v -0.014327 -0.137072 -0.003061
v -0.014425 -0.136929 -0.003079
v -0.014498 -0.136771 -0.003092
v -0.014542 -0.136603 -0.003099
v -0.013541 -0.137414 0.002828
v -0.013705 -0.137369 0.002868
v -0.013858 -0.137295 0.002907
v -0.013997 -0.137195 0.002941
v -0.014116 -0.137072 0.002971
v -0.014213 -0.136929 0.002995
v -0.014285 -0.136771 0.003013
v -0.013693 -0.136603 0.004979
v -0.013651 -0.136771 0.004962
v -0.013583 -0.136929 0.004934
v -0.013490 -0.137072 0.004897
v -0.013376 -0.137195 0.004851
v -0.013244 -0.137295 0.004797
v -0.013097 -0.137369 0.004738
v -0.012941 -0.137414 0.004675
v -0.012090 -0.137414 0.006421
v -0.012235 -0.137369 0.006505
v -0.012372 -0.137295 0.006584
v -0.012496 -0.137195 0.006656
v -0.012603 -0.137072 0.006717
v -0.012689 -0.136929 0.006767
v -0.012753 -0.136771 0.006804
v -0.012792 -0.136603 0.006827
v -0.008666 -0.136771 0.011343
v -0.008622 -0.136929 0.011284
v -0.008564 -0.137072 0.011203
v -0.008491 -0.137195 0.011103
v -0.008407 -0.137295 0.010988
v -0.008314 -0.137369 0.010860
v -0.008215 -0.137414 0.010724
v -0.006949 -0.136603 0.012469
v -0.006928 -0.136771 0.012429
v -0.006893 -0.136929 0.012364
v -0.006846 -0.137072 0.012276
v -0.006788 -0.137195 0.012167
v -0.006721 -0.137295 0.012041
v -0.006647 -0.137369 0.011902
v -0.006568 -0.137414 0.011753
v -0.004794 -0.137414 0.012543
v -0.004851 -0.137369 0.012701
v -0.004905 -0.137295 0.012850
v -0.004954 -0.137195 0.012984
v -0.004996 -0.137072 0.013100
v -0.005030 -0.136929 0.013194
v -0.005056 -0.136771 0.013263
v -0.005071 -0.136603 0.013305
v 0.000940 -0.137414 0.013349
v 0.000952 -0.137369 0.013517
v 0.000963 -0.137295 0.013674
v 0.000973 -0.137195 0.013817
v 0.000981 -0.137072 0.013940
v 0.000988 -0.136929 0.014039
v 0.000993 -0.136771 0.014113
v 0.003032 -0.136603 0.013872
v 0.003023 -0.136771 0.013828
v 0.003007 -0.136929 0.013756
v 0.002987 -0.137072 0.013658
v 0.002961 -0.137195 0.013537
v 0.002931 -0.137295 0.013398
v 0.002898 -0.137369 0.013243
v 0.002863 -0.137414 0.013078
v 0.004731 -0.137414 0.012543
v 0.004788 -0.137369 0.012701
v 0.004842 -0.137295 0.012850
v 0.004891 -0.137195 0.012984
v 0.004933 -0.137072 0.013100
v 0.004967 -0.136929 0.013194
v 0.004993 -0.136771 0.013263
v 0.005008 -0.136603 0.013305
v 0.009641 -0.137414 0.009475
v 0.009758 -0.137369 0.009596
v 0.009867 -0.137295 0.009710
v 0.009967 -0.137195 0.009812
v 0.010052 -0.137072 0.009901
v 0.010122 -0.136929 0.009973
v 0.010173 -0.136771 0.010026
v 0.011580 -0.136603 0.008531
v 0.011544 -0.136771 0.008503
v 0.011486 -0.136929 0.008458
v 0.011407 -0.137072 0.008396
v 0.011310 -0.137195 0.008320
v 0.011198 -0.137295 0.008232
v 0.011073 -0.137369 0.008135
v 0.010940 -0.137414 0.008031
v 0.012027 -0.137414 0.006421
v 0.012172 -0.137369 0.006505
v 0.012309 -0.137295 0.006584
v 0.012433 -0.137195 0.006656
v 0.012540 -0.137072 0.006717
v 0.012626 -0.136929 0.006767
v 0.012690 -0.136771 0.006804
v 0.012729 -0.136603 0.006827
v 0.013816 -0.137414 0.000915
v 0.013983 -0.137369 0.000932
v 0.014140 -0.137295 0.000949
v 0.014282 -0.137195 0.000964
v 0.014405 -0.137072 0.000977
v 0.014504 -0.136929 0.000987
v 0.014578 -0.136771 0.000995
v 0.014694 -0.136603 -0.001055
v 0.014649 -0.136771 -0.001053
v 0.014575 -0.136929 -0.001051
v 0.014476 -0.137072 -0.001047
v 0.014352 -0.137195 -0.001043
v 0.014210 -0.137295 -0.001038
v 0.014052 -0.137369 -0.001033
v 0.013884 -0.137414 -0.001027
v 0.013681 -0.137414 -0.002959
v 0.013846 -0.137369 -0.002988
v 0.014002 -0.137295 -0.003015
v 0.014143 -0.137195 -0.003040
v 0.014264 -0.137072 -0.003061
v 0.014362 -0.136929 -0.003079
v 0.014435 -0.136771 -0.003092
v 0.014479 -0.136603 -0.003099
v 0.011512 -0.137414 -0.008327
v 0.011651 -0.137369 -0.008421
v 0.011782 -0.137295 -0.008509
v 0.011901 -0.137195 -0.008589
v 0.012003 -0.137072 -0.008658
v 0.012086 -0.136929 -0.008714
v 0.012147 -0.136771 -0.008755
v 0.010919 -0.136603 -0.010400
v 0.010885 -0.136771 -0.010370
v 0.010830 -0.136929 -0.010321
v 0.010756 -0.137072 -0.010254
v 0.010664 -0.137195 -0.010171
v 0.010558 -0.137295 -0.010076
v 0.010441 -0.137369 -0.009970
v 0.010316 -0.137414 -0.009857
v 0.008918 -0.137414 -0.011207
v 0.009027 -0.137369 -0.011336
v 0.009128 -0.137295 -0.011457
v 0.009220 -0.137195 -0.011566
v 0.009299 -0.137072 -0.011661
v 0.009363 -0.136929 -0.011737
v 0.009411 -0.136771 -0.011794
v 0.009440 -0.136603 -0.011828
v 0.003806 -0.137414 -0.013925
v 0.003853 -0.137369 -0.014087
v 0.003896 -0.137295 -0.014239
v 0.003936 -0.137195 -0.014376
v 0.003970 -0.137072 -0.014494
v 0.003997 -0.136929 -0.014590
v 0.004018 -0.136771 -0.014661
v 0.002019 -0.136603 -0.015132
v 0.002013 -0.136771 -0.015087
v 0.002003 -0.136929 -0.015014
v 0.001989 -0.137072 -0.014915
v 0.001972 -0.137195 -0.014793
v 0.001952 -0.137295 -0.014652
v 0.001930 -0.137369 -0.014495
v 0.001906 -0.137414 -0.014329
v 0.004660 -0.123103 -0.019194
v 0.011082 -0.123103 -0.016240
v 0.012927 -0.123103 -0.014755
v 0.016003 -0.123103 -0.011165
v 0.017187 -0.123103 -0.009114
v 0.019121 -0.123103 -0.002316
v 0.019194 -0.123103 0.000052
v 0.018469 -0.123103 0.004723
v 0.017682 -0.123103 0.006957
v 0.013777 -0.123103 0.012849
v 0.008008 -0.123103 0.016933
v 0.005800 -0.123103 0.017789
v 0.001153 -0.123103 0.018657
v -0.001216 -0.123103 0.018657
v -0.008071 -0.123103 0.016933
v -0.010157 -0.123103 0.015813
v -0.013840 -0.123103 0.012849
v -0.015381 -0.123103 0.011051
v -0.018532 -0.123103 0.004723
v -0.019184 -0.123103 -0.002316
v -0.018821 -0.123103 -0.004656
v -0.017250 -0.123103 -0.009114
v -0.016065 -0.123103 -0.011165
v -0.011145 -0.123103 -0.016240
v -0.009131 -0.123103 -0.017487
v -0.004723 -0.123103 -0.019194
v -0.002395 -0.123103 -0.019630
v -0.014022 -0.123914 -0.012527
v -0.015389 -0.123914 -0.010717
v -0.014150 -0.123869 -0.012637
v -0.015530 -0.123869 -0.010810
v -0.014270 -0.123795 -0.012740
v -0.015661 -0.123795 -0.010897
v -0.014379 -0.123695 -0.012833
v -0.015780 -0.123695 -0.010976
v -0.014472 -0.123572 -0.012913
v -0.015883 -0.123572 -0.011044
v -0.014548 -0.123429 -0.012978
v -0.015966 -0.123429 -0.011100
v -0.014604 -0.123271 -0.013026
v -0.016028 -0.123271 -0.011140
v -0.014638 -0.123103 -0.013055
v -0.018237 -0.123914 0.002285
v -0.017752 -0.123914 0.004501
v -0.018403 -0.123869 0.002311
v -0.017913 -0.123869 0.004547
v -0.018559 -0.123795 0.002335
v -0.018065 -0.123795 0.004590
v -0.018700 -0.123695 0.002357
v -0.018203 -0.123695 0.004629
v -0.018822 -0.123572 0.002376
v -0.018321 -0.123572 0.004663
v -0.018921 -0.123429 0.002391
v -0.018417 -0.123429 0.004691
v -0.018994 -0.123271 0.002403
v -0.018488 -0.123271 0.004711
v -0.019038 -0.123103 0.002410
v -0.003417 -0.123914 0.017569
v -0.001166 -0.123914 0.017848
v -0.003448 -0.123869 0.017734
v -0.001176 -0.123869 0.018016
v -0.003477 -0.123795 0.017890
v -0.001186 -0.123795 0.018173
v -0.003503 -0.123695 0.018030
v -0.001194 -0.123695 0.018316
v -0.003526 -0.123572 0.018151
v -0.001202 -0.123572 0.018439
v -0.003544 -0.123429 0.018250
v -0.001208 -0.123429 0.018539
v -0.003557 -0.123271 0.018322
v -0.001213 -0.123271 0.018612
v -0.003566 -0.123103 0.018366
v 0.011519 -0.123914 0.013813
v 0.013195 -0.123914 0.012284
v 0.011624 -0.123869 0.013944
v 0.013316 -0.123869 0.012402
v 0.011723 -0.123795 0.014067
v 0.013429 -0.123795 0.012512
v 0.011813 -0.123695 0.014178
v 0.013532 -0.123695 0.012611
v 0.011890 -0.123572 0.014274
v 0.013620 -0.123572 0.012697
v 0.011953 -0.123429 0.014352
v 0.013692 -0.123429 0.012766
v 0.011999 -0.123271 0.014409
v 0.013745 -0.123271 0.012818
v 0.012027 -0.123103 0.014445
v 0.017345 -0.123914 -0.006664
v 0.016461 -0.123914 -0.008753
v 0.017503 -0.123869 -0.006720
v 0.016611 -0.123869 -0.008828
v 0.017652 -0.123795 -0.006772
v 0.016753 -0.123795 -0.008898
v 0.017787 -0.123695 -0.006820
v 0.016880 -0.123695 -0.008962
v 0.017903 -0.123572 -0.006861
v 0.016991 -0.123572 -0.009017
v 0.017998 -0.123429 -0.006894
v 0.017080 -0.123429 -0.009061
v 0.018067 -0.123271 -0.006918
v 0.017146 -0.123271 -0.009094
v 0.018110 -0.123103 -0.006933
v 0.006624 -0.123914 -0.017720
v 0.004462 -0.123914 -0.018408
v 0.006685 -0.123869 -0.017877
v 0.004503 -0.123869 -0.018571
v 0.006742 -0.123795 -0.018024
v 0.004542 -0.123795 -0.018724
v 0.006793 -0.123695 -0.018158
v 0.004577 -0.123695 -0.018863
v 0.006838 -0.123572 -0.018272
v 0.004607 -0.123572 -0.018982
v 0.006874 -0.123429 -0.018366
v 0.004631 -0.123429 -0.019079
v 0.006901 -0.123271 -0.018434
v 0.004649 -0.123271 -0.019151
v 0.006917 -0.123103 -0.018476
v -0.000031 -0.123914 -0.018964
v -0.002295 -0.123914 -0.018825
v -0.000031 -0.123869 -0.019133
v -0.002316 -0.123869 -0.018992
v -0.000031 -0.123795 -0.019291
v -0.002336 -0.123795 -0.019148
v -0.000031 -0.123695 -0.019433
v -0.002353 -0.123695 -0.019290
v -0.000031 -0.123572 -0.019557
v -0.002368 -0.123572 -0.019412
v -0.000031 -0.123429 -0.019657
v -0.002381 -0.123429 -0.019512
v -0.000031 -0.123271 -0.019730
v -0.002390 -0.123271 -0.019585
v -0.000031 -0.123103 -0.019775
v -0.004525 -0.123914 -0.018408
v -0.004566 -0.123869 -0.018571
v -0.004605 -0.123795 -0.018724
v -0.004640 -0.123695 -0.018863
v -0.004670 -0.123572 -0.018982
v -0.004694 -0.123429 -0.019079
v -0.004712 -0.123271 -0.019151
v -0.006980 -0.123103 -0.018476
v -0.006963 -0.123271 -0.018434
v -0.006937 -0.123429 -0.018366
v -0.006901 -0.123572 -0.018272
v -0.006856 -0.123695 -0.018158
v -0.006805 -0.123795 -0.018024
v -0.006748 -0.123869 -0.017877
v -0.006687 -0.123914 -0.017720
v -0.008747 -0.123914 -0.016772
v -0.008827 -0.123869 -0.016920
v -0.008902 -0.123795 -0.017060
v -0.008969 -0.123695 -0.017185
v -0.009028 -0.123572 -0.017294
v -0.009075 -0.123429 -0.017382
v -0.009110 -0.123271 -0.017447
v -0.010676 -0.123914 -0.015578
v -0.010773 -0.123869 -0.015715
v -0.010865 -0.123795 -0.015844
v -0.010947 -0.123695 -0.015961
v -0.011018 -0.123572 -0.016061
v -0.011076 -0.123429 -0.016143
v -0.011119 -0.123271 -0.016203
v -0.012990 -0.123103 -0.014755
v -0.012959 -0.123271 -0.014722
v -0.012910 -0.123429 -0.014667
v -0.012842 -0.123572 -0.014594
v -0.012759 -0.123695 -0.014503
v -0.012663 -0.123795 -0.014397
v -0.012557 -0.123869 -0.014280
v -0.012443 -0.123914 -0.014156
v -0.017209 -0.123271 -0.009094
v -0.017143 -0.123429 -0.009061
v -0.017054 -0.123572 -0.009017
v -0.016943 -0.123695 -0.008962
v -0.016816 -0.123795 -0.008898
v -0.016674 -0.123869 -0.008828
v -0.016523 -0.123914 -0.008753
v -0.018173 -0.123103 -0.006933
v -0.018130 -0.123271 -0.006918
v -0.018061 -0.123429 -0.006894
v -0.017966 -0.123572 -0.006861
v -0.017850 -0.123695 -0.006820
v -0.017715 -0.123795 -0.006772
v -0.017566 -0.123869 -0.006720
v -0.017408 -0.123914 -0.006664
v -0.018028 -0.123914 -0.004482
v -0.018193 -0.123869 -0.004518
v -0.018347 -0.123795 -0.004552
v -0.018487 -0.123695 -0.004583
v -0.018607 -0.123572 -0.004609
v -0.018705 -0.123429 -0.004630
v -0.018777 -0.123271 -0.004646
v -0.018376 -0.123914 -0.002241
v -0.018544 -0.123869 -0.002256
v -0.018701 -0.123795 -0.002271
v -0.018843 -0.123695 -0.002284
v -0.018966 -0.123572 -0.002295
v -0.019066 -0.123429 -0.002305
v -0.019139 -0.123271 -0.002311
v -0.019257 -0.123103 0.000052
v -0.019212 -0.123271 0.000050
v -0.019138 -0.123429 0.000048
v -0.019038 -0.123572 0.000045
v -0.018915 -0.123695 0.000041
v -0.018772 -0.123795 0.000037
v -0.018614 -0.123869 0.000032
v -0.018446 -0.123914 0.000027
v -0.017745 -0.123103 0.006957
v -0.017703 -0.123271 0.006939
v -0.017635 -0.123429 0.006910
v -0.017543 -0.123572 0.006871
v -0.017430 -0.123695 0.006823
v -0.017298 -0.123795 0.006768
v -0.017153 -0.123869 0.006706
v -0.016998 -0.123914 0.006640
v -0.015987 -0.123914 0.008671
v -0.016132 -0.123869 0.008755
v -0.016269 -0.123795 0.008834
v -0.016393 -0.123695 0.008906
v -0.016500 -0.123572 0.008967
v -0.016586 -0.123429 0.009017
v -0.016650 -0.123271 0.009054
v -0.016689 -0.123103 0.009077
v -0.014734 -0.123914 0.010562
v -0.014868 -0.123869 0.010663
v -0.014994 -0.123795 0.010758
v -0.015108 -0.123695 0.010845
v -0.015206 -0.123572 0.010919
v -0.015286 -0.123429 0.010979
v -0.015345 -0.123271 0.011023
v -0.013258 -0.123914 0.012284
v -0.013379 -0.123869 0.012402
v -0.013492 -0.123795 0.012512
v -0.013595 -0.123695 0.012611
v -0.013683 -0.123572 0.012697
v -0.013755 -0.123429 0.012766
v -0.013808 -0.123271 0.012818
v -0.012090 -0.123103 0.014445
v -0.012062 -0.123271 0.014409
v -0.012016 -0.123429 0.014352
v -0.011953 -0.123572 0.014274
v -0.011876 -0.123695 0.014178
v -0.011786 -0.123795 0.014067
v -0.011687 -0.123869 0.013944
v -0.011582 -0.123914 0.013813
v -0.009730 -0.123914 0.015123
v -0.009819 -0.123869 0.015266
v -0.009902 -0.123795 0.015401
v -0.009977 -0.123695 0.015522
v -0.010042 -0.123572 0.015627
v -0.010095 -0.123429 0.015712
v -0.010133 -0.123271 0.015774
v -0.007732 -0.123914 0.016196
v -0.007802 -0.123869 0.016349
v -0.007868 -0.123795 0.016493
v -0.007928 -0.123695 0.016622
v -0.007979 -0.123572 0.016734
v -0.008021 -0.123429 0.016825
v -0.008052 -0.123271 0.016892
v -0.005862 -0.123103 0.017789
v -0.005849 -0.123271 0.017746
v -0.005826 -0.123429 0.017675
v -0.005796 -0.123572 0.017580
v -0.005759 -0.123695 0.017463
v -0.005715 -0.123795 0.017327
v -0.005668 -0.123869 0.017176
v -0.005617 -0.123914 0.017016
v 0.001150 -0.123271 0.018612
v 0.001145 -0.123429 0.018539
v 0.001139 -0.123572 0.018439
v 0.001132 -0.123695 0.018316
v 0.001123 -0.123795 0.018173
v 0.001113 -0.123869 0.018016
v 0.001103 -0.123914 0.017848
v 0.003503 -0.123103 0.018366
v 0.003495 -0.123271 0.018322
v 0.003481 -0.123429 0.018250
v 0.003463 -0.123572 0.018151
v 0.003440 -0.123695 0.018030
v 0.003414 -0.123795 0.017890
v 0.003385 -0.123869 0.017734
v 0.003354 -0.123914 0.017569
v 0.005554 -0.123914 0.017016
v 0.005605 -0.123869 0.017176
v 0.005653 -0.123795 0.017327
v 0.005696 -0.123695 0.017463
v 0.005733 -0.123572 0.017580
v 0.005764 -0.123429 0.017675
v 0.005786 -0.123271 0.017746
v 0.007669 -0.123914 0.016196
v 0.007739 -0.123869 0.016349
v 0.007805 -0.123795 0.016493
v 0.007865 -0.123695 0.016622
v 0.007916 -0.123572 0.016734
v 0.007958 -0.123429 0.016825
v 0.007989 -0.123271 0.016892
v 0.010094 -0.123103 0.015813
v 0.010071 -0.123271 0.015774
v 0.010032 -0.123429 0.015712
v 0.009979 -0.123572 0.015627
v 0.009914 -0.123695 0.015522
v 0.009839 -0.123795 0.015401
v 0.009756 -0.123869 0.015266
v 0.009667 -0.123914 0.015123
v 0.015318 -0.123103 0.011051
v 0.015282 -0.123271 0.011023
v 0.015223 -0.123429 0.010979
v 0.015143 -0.123572 0.010919
v 0.015045 -0.123695 0.010845
v 0.014931 -0.123795 0.010758
v 0.014805 -0.123869 0.010663
v 0.014671 -0.123914 0.010562
v 0.015924 -0.123914 0.008671
v 0.016070 -0.123869 0.008755
v 0.016206 -0.123795 0.008834
v 0.016330 -0.123695 0.008906
v 0.016437 -0.123572 0.008967
v 0.016523 -0.123429 0.009017
v 0.016587 -0.123271 0.009054
v 0.016626 -0.123103 0.009077
v 0.016935 -0.123914 0.006640
v 0.017090 -0.123869 0.006706
v 0.017235 -0.123795 0.006768
v 0.017367 -0.123695 0.006823
v 0.017480 -0.123572 0.006871
v 0.017572 -0.123429 0.006910
v 0.017640 -0.123271 0.006939
v 0.017689 -0.123914 0.004501
v 0.017851 -0.123869 0.004547
v 0.018003 -0.123795 0.004590
v 0.018140 -0.123695 0.004629
v 0.018258 -0.123572 0.004663
v 0.018355 -0.123429 0.004691
v 0.018425 -0.123271 0.004711
v 0.018975 -0.123103 0.002410
v 0.018931 -0.123271 0.002403
v 0.018858 -0.123429 0.002391
v 0.018759 -0.123572 0.002376
v 0.018638 -0.123695 0.002357
v 0.018496 -0.123795 0.002335
v 0.018340 -0.123869 0.002311
v 0.018174 -0.123914 0.002285
v 0.018383 -0.123914 0.000027
v 0.018552 -0.123869 0.000032
v 0.018709 -0.123795 0.000037
v 0.018852 -0.123695 0.000041
v 0.018975 -0.123572 0.000045
v 0.019075 -0.123429 0.000048
v 0.019149 -0.123271 0.000050
v 0.018313 -0.123914 -0.002241
v 0.018481 -0.123869 -0.002256
v 0.018638 -0.123795 -0.002271
v 0.018781 -0.123695 -0.002284
v 0.018903 -0.123572 -0.002295
v 0.019003 -0.123429 -0.002305
v 0.019076 -0.123271 -0.002311
v 0.018758 -0.123103 -0.004656
v 0.018714 -0.123271 -0.004646
v 0.018642 -0.123429 -0.004630
v 0.018544 -0.123572 -0.004609
v 0.018424 -0.123695 -0.004583
v 0.018284 -0.123795 -0.004552
v 0.018130 -0.123869 -0.004518
v 0.017965 -0.123914 -0.004482
v 0.015965 -0.123271 -0.011140
v 0.015904 -0.123429 -0.011100
v 0.015820 -0.123572 -0.011044
v 0.015717 -0.123695 -0.010976
v 0.015598 -0.123795 -0.010897
v 0.015467 -0.123869 -0.010810
v 0.015326 -0.123914 -0.010717
v 0.014575 -0.123103 -0.013055
v 0.014541 -0.123271 -0.013026
v 0.014485 -0.123429 -0.012978
v 0.014409 -0.123572 -0.012913
v 0.014316 -0.123695 -0.012833
v 0.014207 -0.123795 -0.012740
v 0.014087 -0.123869 -0.012637
v 0.013959 -0.123914 -0.012527
v 0.012380 -0.123914 -0.014156
v 0.012494 -0.123869 -0.014280
v 0.012600 -0.123795 -0.014397
v 0.012696 -0.123695 -0.014503
v 0.012779 -0.123572 -0.014594
v 0.012847 -0.123429 -0.014667
v 0.012896 -0.123271 -0.014722
v 0.010613 -0.123914 -0.015578
v 0.010710 -0.123869 -0.015715
v 0.010802 -0.123795 -0.015844
v 0.010884 -0.123695 -0.015961
v 0.010955 -0.123572 -0.016061
v 0.011013 -0.123429 -0.016143
v 0.011056 -0.123271 -0.016203
v 0.009068 -0.123103 -0.017487
v 0.009047 -0.123271 -0.017447
v 0.009012 -0.123429 -0.017382
v 0.008965 -0.123572 -0.017294
v 0.008907 -0.123695 -0.017185
v 0.008839 -0.123795 -0.017060
v 0.008764 -0.123869 -0.016920
v 0.008685 -0.123914 -0.016772
v 0.002332 -0.123103 -0.019630
v 0.002327 -0.123271 -0.019585
v 0.002318 -0.123429 -0.019512
v 0.002305 -0.123572 -0.019412
v 0.002290 -0.123695 -0.019290
v 0.002273 -0.123795 -0.019148
v 0.002253 -0.123869 -0.018992
v 0.002233 -0.123914 -0.018825
v 0.011734 -0.115761 -0.018429
v 0.013731 -0.115761 -0.016942
v 0.020480 -0.115761 -0.006681
v 0.021054 -0.115761 -0.004259
v 0.019628 -0.115761 0.007940
v 0.018511 -0.115761 0.010165
v 0.009578 -0.115761 0.018592
v 0.007291 -0.115761 0.019579
v -0.004969 -0.115761 0.020293
v -0.007354 -0.115761 0.019579
v -0.017205 -0.115761 0.012245
v -0.018574 -0.115761 0.010165
v -0.021406 -0.115761 -0.001786
v -0.021117 -0.115761 -0.004259
v -0.015605 -0.115761 -0.015234
v -0.013794 -0.115761 -0.016942
v -0.002517 -0.115761 -0.021807
v -0.000031 -0.115761 -0.021951
v 0.004871 -0.116162 -0.021228
v 0.007240 -0.116162 -0.020519
v 0.011651 -0.116162 -0.018303
v 0.013634 -0.116162 -0.016827
v 0.018380 -0.116162 -0.011171
v 0.019490 -0.116162 -0.008961
v 0.020906 -0.116162 -0.004233
v 0.021193 -0.116162 -0.001777
v 0.020906 -0.116162 0.003151
v 0.020335 -0.116162 0.005557
v 0.017022 -0.116162 0.012155
v 0.015433 -0.116162 0.014049
v 0.011651 -0.116162 0.017222
v 0.009510 -0.116162 0.018458
v 0.002437 -0.116162 0.020576
v -0.004934 -0.116162 0.020146
v -0.007303 -0.116162 0.019437
v -0.011714 -0.116162 0.017222
v -0.013697 -0.116162 0.015745
v -0.018443 -0.116162 0.010089
v -0.019553 -0.116162 0.007880
v -0.020968 -0.116162 0.003151
v -0.021256 -0.116162 0.000695
v -0.020968 -0.116162 -0.004233
v -0.020398 -0.116162 -0.006638
v -0.017085 -0.116162 -0.013236
v -0.015495 -0.116162 -0.015130
v -0.011714 -0.116162 -0.018303
v -0.009573 -0.116162 -0.019539
v -0.002500 -0.116162 -0.021657
v -0.007303 -0.116162 -0.020519
v -0.019553 -0.116162 -0.008961
v -0.015495 -0.116162 0.014049
v 0.007240 -0.116162 0.019437
v 0.019490 -0.116162 0.007880
v 0.015433 -0.116162 -0.015130
v 0.002437 -0.116162 -0.021657
v -0.000031 -0.116162 -0.021801
v -0.000031 -0.116022 -0.021832
v -0.002503 -0.116022 -0.021688
v -0.002509 -0.115887 -0.021738
v -0.004953 -0.115887 -0.021307
v -0.004969 -0.115761 -0.021374
v -0.007354 -0.115761 -0.020660
v -0.004941 -0.116022 -0.021258
v -0.007331 -0.115887 -0.020595
v -0.009640 -0.115761 -0.019674
v -0.013697 -0.116162 -0.016827
v -0.013717 -0.116022 -0.016850
v -0.015518 -0.116022 -0.015151
v -0.015555 -0.115887 -0.015186
v -0.017150 -0.115887 -0.013285
v -0.017205 -0.115761 -0.013326
v -0.018574 -0.115761 -0.011246
v -0.017109 -0.116022 -0.013255
v -0.018514 -0.115887 -0.011211
v -0.019691 -0.115761 -0.009021
v -0.020999 -0.116022 -0.004238
v -0.021286 -0.116022 -0.001779
v -0.021337 -0.115887 -0.001782
v -0.021337 -0.115887 0.000700
v -0.021406 -0.115761 0.000704
v -0.021117 -0.115761 0.003177
v -0.021256 -0.116162 -0.001777
v -0.021286 -0.116022 0.000697
v -0.021049 -0.115887 0.003165
v -0.020543 -0.115761 0.005600
v -0.018470 -0.116022 0.010105
v -0.017109 -0.116022 0.012173
v -0.017150 -0.115887 0.012203
v -0.015555 -0.115887 0.014105
v -0.015605 -0.115761 0.014152
v -0.013794 -0.115761 0.015861
v -0.017085 -0.116162 0.012155
v -0.015518 -0.116022 0.014070
v -0.013749 -0.115887 0.015808
v -0.011797 -0.115761 0.017348
v -0.009573 -0.116162 0.018458
v -0.007313 -0.116022 0.019466
v -0.004941 -0.116022 0.020176
v -0.004953 -0.115887 0.020225
v -0.002509 -0.115887 0.020656
v -0.002517 -0.115761 0.020725
v -0.000031 -0.115761 0.020870
v -0.002503 -0.116022 0.020606
v -0.000031 -0.115887 0.020801
v 0.002454 -0.115761 0.020725
v 0.004871 -0.116162 0.020146
v 0.007250 -0.116022 0.019466
v 0.009524 -0.116022 0.018485
v 0.009547 -0.115887 0.018531
v 0.011696 -0.115887 0.017290
v 0.011734 -0.115761 0.017348
v 0.013731 -0.115761 0.015861
v 0.011668 -0.116022 0.017247
v 0.013686 -0.115887 0.015808
v 0.015542 -0.115761 0.014152
v 0.018380 -0.116162 0.010089
v 0.018407 -0.116022 0.010105
v 0.019518 -0.116022 0.007892
v 0.019564 -0.115887 0.007912
v 0.020413 -0.115887 0.005580
v 0.020480 -0.115761 0.005600
v 0.021054 -0.115761 0.003177
v 0.020365 -0.116022 0.005566
v 0.020986 -0.115887 0.003165
v 0.021343 -0.115761 0.000704
v 0.020936 -0.116022 -0.004238
v 0.020365 -0.116022 -0.006647
v 0.020413 -0.115887 -0.006662
v 0.019564 -0.115887 -0.008994
v 0.019628 -0.115761 -0.009021
v 0.018511 -0.115761 -0.011246
v 0.020335 -0.116162 -0.006638
v 0.019518 -0.116022 -0.008974
v 0.018451 -0.115887 -0.011211
v 0.017142 -0.115761 -0.013326
v 0.013654 -0.116022 -0.016850
v 0.011668 -0.116022 -0.018329
v 0.011696 -0.115887 -0.018371
v 0.009547 -0.115887 -0.019612
v 0.009578 -0.115761 -0.019674
v 0.007291 -0.115761 -0.020660
v 0.009524 -0.116022 -0.019567
v 0.007268 -0.115887 -0.020595
v 0.004906 -0.115761 -0.021374
v -0.000031 -0.115887 -0.021882
v 0.002446 -0.115887 -0.021738
v 0.002440 -0.116022 -0.021688
v 0.004879 -0.116022 -0.021258
v -0.011797 -0.115761 -0.018429
v -0.009609 -0.115887 -0.019612
v -0.007313 -0.116022 -0.020548
v -0.004934 -0.116162 -0.021228
v -0.009587 -0.116022 -0.019567
v -0.011759 -0.115887 -0.018371
v -0.013749 -0.115887 -0.016889
v -0.011731 -0.116022 -0.018329
v -0.020543 -0.115761 -0.006681
v -0.019627 -0.115887 -0.008994
v -0.018470 -0.116022 -0.011186
v -0.018443 -0.116162 -0.011171
v -0.019581 -0.116022 -0.008974
v -0.020476 -0.115887 -0.006662
v -0.021049 -0.115887 -0.004247
v -0.020428 -0.116022 -0.006647
v -0.019691 -0.115761 0.007940
v -0.020476 -0.115887 0.005580
v -0.020999 -0.116022 0.003156
v -0.020428 -0.116022 0.005566
v -0.019627 -0.115887 0.007912
v -0.018514 -0.115887 0.010130
v -0.019581 -0.116022 0.007892
v -0.020398 -0.116162 0.005557
v -0.009640 -0.115761 0.018592
v -0.011759 -0.115887 0.017290
v -0.013717 -0.116022 0.015769
v -0.011731 -0.116022 0.017247
v -0.009609 -0.115887 0.018531
v -0.007331 -0.115887 0.019513
v -0.009587 -0.116022 0.018485
v 0.004906 -0.115761 0.020293
v 0.002446 -0.115887 0.020656
v -0.000031 -0.116022 0.020750
v -0.002500 -0.116162 0.020576
v -0.000031 -0.116162 0.020719
v 0.002440 -0.116022 0.020606
v 0.004890 -0.115887 0.020225
v 0.007268 -0.115887 0.019513
v 0.004879 -0.116022 0.020176
v 0.017142 -0.115761 0.012245
v 0.015492 -0.115887 0.014105
v 0.013654 -0.116022 0.015769
v 0.013634 -0.116162 0.015745
v 0.015455 -0.116022 0.014070
v 0.017087 -0.115887 0.012203
v 0.018451 -0.115887 0.010130
v 0.017046 -0.116022 0.012173
v 0.021343 -0.115761 -0.001786
v 0.021274 -0.115887 0.000700
v 0.020936 -0.116022 0.003156
v 0.021223 -0.116022 0.000697
v 0.021274 -0.115887 -0.001782
v 0.020986 -0.115887 -0.004247
v 0.021223 -0.116022 -0.001779
v 0.021193 -0.116162 0.000695
v 0.015542 -0.115761 -0.015234
v 0.017087 -0.115887 -0.013285
v 0.018407 -0.116022 -0.011186
v 0.017046 -0.116022 -0.013255
v 0.015492 -0.115887 -0.015186
v 0.013686 -0.115887 -0.016889
v 0.015455 -0.116022 -0.015151
v 0.017022 -0.116162 -0.013236
v 0.002454 -0.115761 -0.021807
v 0.004890 -0.115887 -0.021307
v 0.007250 -0.116022 -0.020548
v 0.009510 -0.116162 -0.019539
v 0.004956 -0.119603 -0.021181
v 0.011831 -0.119603 -0.018153
v 0.013831 -0.119603 -0.016626
v 0.015636 -0.119603 -0.014874
v 0.018564 -0.119603 -0.010793
v 0.019646 -0.119603 -0.008521
v 0.020970 -0.119603 -0.003676
v 0.021194 -0.119603 -0.001170
v 0.020085 -0.119603 0.006260
v 0.019139 -0.119603 0.008591
v 0.016458 -0.119603 0.012839
v 0.014759 -0.119603 0.014695
v 0.008529 -0.119603 0.018892
v 0.006170 -0.119603 0.019768
v 0.001227 -0.119603 0.020656
v -0.001289 -0.119603 0.020656
v -0.008592 -0.119603 0.018892
v -0.010830 -0.119603 0.017743
v -0.014822 -0.119603 0.014695
v -0.016521 -0.119603 0.012839
v -0.020147 -0.119603 0.006260
v -0.020811 -0.119603 0.003833
v -0.021257 -0.119603 -0.001170
v -0.021033 -0.119603 -0.003676
v -0.018627 -0.119603 -0.010793
v -0.017284 -0.119603 -0.012920
v -0.013894 -0.119603 -0.016626
v -0.011894 -0.119603 -0.018153
v -0.005019 -0.119603 -0.021181
v -0.002543 -0.119603 -0.021626
v -0.009357 -0.120414 -0.018711
v -0.011441 -0.120414 -0.017480
v -0.009434 -0.120369 -0.018860
v -0.011535 -0.120369 -0.017620
v -0.009506 -0.120296 -0.019001
v -0.011623 -0.120296 -0.017751
v -0.009572 -0.120196 -0.019128
v -0.011703 -0.120196 -0.017869
v -0.009628 -0.120072 -0.019238
v -0.011772 -0.120072 -0.017971
v -0.009674 -0.119929 -0.019327
v -0.011828 -0.119929 -0.018054
v -0.009707 -0.119772 -0.019392
v -0.011869 -0.119772 -0.018115
v -0.009728 -0.119603 -0.019432
v -0.019733 -0.120414 -0.005924
v -0.020231 -0.120414 -0.003556
v -0.019895 -0.120369 -0.005968
v -0.020398 -0.120369 -0.003581
v -0.020047 -0.120296 -0.006010
v -0.020554 -0.120296 -0.003604
v -0.020185 -0.120196 -0.006048
v -0.020695 -0.120196 -0.003625
v -0.020304 -0.120072 -0.006080
v -0.020817 -0.120072 -0.003644
v -0.020400 -0.119929 -0.006107
v -0.020916 -0.119929 -0.003658
v -0.020472 -0.119772 -0.006126
v -0.020989 -0.119772 -0.003669
v -0.020515 -0.119603 -0.006138
v -0.017301 -0.120414 0.010362
v -0.015891 -0.120414 0.012328
v -0.017444 -0.120369 0.010452
v -0.016021 -0.120369 0.012434
v -0.017577 -0.120296 0.010536
v -0.016144 -0.120296 0.012533
v -0.017698 -0.120196 0.010612
v -0.016255 -0.120196 0.012623
v -0.017802 -0.120072 0.010678
v -0.016351 -0.120072 0.012701
v -0.017887 -0.119929 0.010731
v -0.016428 -0.119929 0.012764
v -0.017949 -0.119772 0.010771
v -0.016486 -0.119772 0.012810
v -0.017987 -0.119603 0.010795
v -0.003644 -0.120414 0.019561
v -0.001241 -0.120414 0.019847
v -0.003674 -0.120369 0.019726
v -0.001251 -0.120369 0.020015
v -0.003702 -0.120296 0.019882
v -0.001261 -0.120296 0.020173
v -0.003727 -0.120196 0.020022
v -0.001269 -0.120196 0.020315
v -0.003749 -0.120072 0.020144
v -0.001276 -0.120072 0.020438
v -0.003767 -0.119929 0.020242
v -0.001282 -0.119929 0.020538
v -0.003780 -0.119772 0.020315
v -0.001287 -0.119772 0.020611
v -0.003788 -0.119603 0.020359
v 0.012361 -0.120414 0.015693
v 0.014194 -0.120414 0.014113
v 0.012464 -0.120369 0.015827
v 0.014312 -0.120369 0.014234
v 0.012560 -0.120296 0.015952
v 0.014422 -0.120296 0.014347
v 0.012646 -0.120196 0.016066
v 0.014521 -0.120196 0.014450
v 0.012721 -0.120072 0.016164
v 0.014607 -0.120072 0.014538
v 0.012782 -0.119929 0.016243
v 0.014677 -0.119929 0.014610
v 0.012826 -0.119772 0.016302
v 0.014728 -0.119772 0.014663
v 0.012854 -0.119603 0.016338
v 0.020311 -0.120414 0.001273
v 0.020383 -0.120414 -0.001146
v 0.020479 -0.120369 0.001288
v 0.020551 -0.120369 -0.001151
v 0.020636 -0.120296 0.001302
v 0.020709 -0.120296 -0.001156
v 0.020779 -0.120196 0.001314
v 0.020852 -0.120196 -0.001160
v 0.020901 -0.120072 0.001325
v 0.020975 -0.120072 -0.001164
v 0.021001 -0.119929 0.001334
v 0.021075 -0.119929 -0.001166
v 0.021074 -0.119772 0.001341
v 0.021149 -0.119772 -0.001169
v 0.021119 -0.119603 0.001345
v 0.007080 -0.120414 -0.019686
v 0.004766 -0.120414 -0.020393
v 0.007139 -0.120369 -0.019844
v 0.004805 -0.120369 -0.020556
v 0.007194 -0.120296 -0.019992
v 0.004842 -0.120296 -0.020710
v 0.007243 -0.120196 -0.020126
v 0.004876 -0.120196 -0.020849
v 0.007286 -0.120072 -0.020241
v 0.004905 -0.120072 -0.020969
v 0.007321 -0.119929 -0.020335
v 0.004928 -0.119929 -0.021066
v 0.007347 -0.119772 -0.020404
v 0.004946 -0.119772 -0.021137
v 0.007362 -0.119603 -0.020446
v -0.000031 -0.120414 -0.020964
v -0.002447 -0.120414 -0.020821
v -0.000031 -0.120369 -0.021133
v -0.002467 -0.120369 -0.020988
v -0.000031 -0.120296 -0.021290
v -0.002486 -0.120296 -0.021145
v -0.000031 -0.120196 -0.021433
v -0.002502 -0.120196 -0.021287
v -0.000031 -0.120072 -0.021557
v -0.002517 -0.120072 -0.021409
v -0.000031 -0.119929 -0.021657
v -0.002529 -0.119929 -0.021508
v -0.000031 -0.119772 -0.021730
v -0.002538 -0.119772 -0.021581
v -0.000031 -0.119603 -0.021775
v -0.004829 -0.120414 -0.020393
v -0.004868 -0.120369 -0.020556
v -0.004905 -0.120296 -0.020710
v -0.004939 -0.120196 -0.020849
v -0.004968 -0.120072 -0.020969
v -0.004991 -0.119929 -0.021066
v -0.005009 -0.119772 -0.021137
v -0.007425 -0.119603 -0.020446
v -0.007410 -0.119772 -0.020404
v -0.007384 -0.119929 -0.020335
v -0.007349 -0.120072 -0.020241
v -0.007306 -0.120196 -0.020126
v -0.007257 -0.120296 -0.019992
v -0.007202 -0.120369 -0.019844
v -0.007143 -0.120414 -0.019686
v -0.013864 -0.119772 -0.016592
v -0.013816 -0.119929 -0.016536
v -0.013751 -0.120072 -0.016460
v -0.013671 -0.120196 -0.016367
v -0.013577 -0.120296 -0.016259
v -0.013474 -0.120369 -0.016139
v -0.013364 -0.120414 -0.016012
v -0.015699 -0.119603 -0.014874
v -0.015666 -0.119772 -0.014843
v -0.015611 -0.119929 -0.014794
v -0.015538 -0.120072 -0.014726
v -0.015447 -0.120196 -0.014643
v -0.015341 -0.120296 -0.014546
v -0.015225 -0.120369 -0.014440
v -0.015100 -0.120414 -0.014326
v -0.016625 -0.120414 -0.012447
v -0.016762 -0.120369 -0.012545
v -0.016890 -0.120296 -0.012637
v -0.017006 -0.120196 -0.012721
v -0.017106 -0.120072 -0.012793
v -0.017188 -0.119929 -0.012851
v -0.017248 -0.119772 -0.012894
v -0.017917 -0.120414 -0.010401
v -0.018064 -0.120369 -0.010482
v -0.018203 -0.120296 -0.010559
v -0.018328 -0.120196 -0.010628
v -0.018436 -0.120072 -0.010687
v -0.018523 -0.119929 -0.010735
v -0.018588 -0.119772 -0.010771
v -0.019709 -0.119603 -0.008521
v -0.019667 -0.119772 -0.008504
v -0.019599 -0.119929 -0.008477
v -0.019507 -0.120072 -0.008439
v -0.019392 -0.120196 -0.008393
v -0.019260 -0.120296 -0.008339
v -0.019114 -0.120369 -0.008280
v -0.018958 -0.120414 -0.008216
v -0.021212 -0.119772 -0.001169
v -0.021138 -0.119929 -0.001166
v -0.021038 -0.120072 -0.001164
v -0.020915 -0.120196 -0.001160
v -0.020772 -0.120296 -0.001156
v -0.020614 -0.120369 -0.001151
v -0.020446 -0.120414 -0.001146
v -0.021182 -0.119603 0.001345
v -0.021137 -0.119772 0.001341
v -0.021064 -0.119929 0.001334
v -0.020964 -0.120072 0.001325
v -0.020841 -0.120196 0.001314
v -0.020699 -0.120296 0.001302
v -0.020542 -0.120369 0.001288
v -0.020374 -0.120414 0.001273
v -0.020017 -0.120414 0.003666
v -0.020182 -0.120369 0.003701
v -0.020336 -0.120296 0.003733
v -0.020476 -0.120196 0.003763
v -0.020597 -0.120072 0.003788
v -0.020694 -0.119929 0.003809
v -0.020766 -0.119772 0.003824
v -0.019379 -0.120414 0.006000
v -0.019539 -0.120369 0.006054
v -0.019688 -0.120296 0.006105
v -0.019823 -0.120196 0.006150
v -0.019940 -0.120072 0.006190
v -0.020035 -0.119929 0.006222
v -0.020105 -0.119772 0.006246
v -0.019202 -0.119603 0.008591
v -0.019161 -0.119772 0.008572
v -0.019095 -0.119929 0.008540
v -0.019004 -0.120072 0.008497
v -0.018893 -0.120196 0.008444
v -0.018764 -0.120296 0.008383
v -0.018622 -0.120369 0.008315
v -0.018470 -0.120414 0.008243
v -0.014791 -0.119772 0.014663
v -0.014740 -0.119929 0.014610
v -0.014670 -0.120072 0.014538
v -0.014584 -0.120196 0.014450
v -0.014485 -0.120296 0.014347
v -0.014375 -0.120369 0.014234
v -0.014257 -0.120414 0.014113
v -0.012917 -0.119603 0.016338
v -0.012889 -0.119772 0.016302
v -0.012844 -0.119929 0.016243
v -0.012784 -0.120072 0.016164
v -0.012709 -0.120196 0.016066
v -0.012622 -0.120296 0.015952
v -0.012527 -0.120369 0.015827
v -0.012424 -0.120414 0.015693
v -0.010417 -0.120414 0.017045
v -0.010503 -0.120369 0.017190
v -0.010583 -0.120296 0.017326
v -0.010656 -0.120196 0.017449
v -0.010719 -0.120072 0.017555
v -0.010769 -0.119929 0.017641
v -0.010807 -0.119772 0.017704
v -0.008265 -0.120414 0.018150
v -0.008332 -0.120369 0.018304
v -0.008396 -0.120296 0.018448
v -0.008454 -0.120196 0.018579
v -0.008503 -0.120072 0.018692
v -0.008544 -0.119929 0.018783
v -0.008573 -0.119772 0.018851
v -0.006233 -0.119603 0.019768
v -0.006220 -0.119772 0.019725
v -0.006198 -0.119929 0.019654
v -0.006169 -0.120072 0.019559
v -0.006133 -0.120196 0.019441
v -0.006092 -0.120296 0.019304
v -0.006045 -0.120369 0.019153
v -0.005996 -0.120414 0.018992
v 0.001224 -0.119772 0.020611
v 0.001219 -0.119929 0.020538
v 0.001214 -0.120072 0.020438
v 0.001206 -0.120196 0.020315
v 0.001198 -0.120296 0.020173
v 0.001188 -0.120369 0.020015
v 0.001178 -0.120414 0.019847
v 0.003725 -0.119603 0.020359
v 0.003717 -0.119772 0.020315
v 0.003704 -0.119929 0.020242
v 0.003686 -0.120072 0.020144
v 0.003664 -0.120196 0.020022
v 0.003639 -0.120296 0.019882
v 0.003611 -0.120369 0.019726
v 0.003581 -0.120414 0.019561
v 0.005933 -0.120414 0.018992
v 0.005983 -0.120369 0.019153
v 0.006029 -0.120296 0.019304
v 0.006070 -0.120196 0.019441
v 0.006106 -0.120072 0.019559
v 0.006136 -0.119929 0.019654
v 0.006157 -0.119772 0.019725
v 0.008202 -0.120414 0.018150
v 0.008270 -0.120369 0.018304
v 0.008333 -0.120296 0.018448
v 0.008391 -0.120196 0.018579
v 0.008441 -0.120072 0.018692
v 0.008481 -0.119929 0.018783
v 0.008511 -0.119772 0.018851
v 0.010767 -0.119603 0.017743
v 0.010744 -0.119772 0.017704
v 0.010707 -0.119929 0.017641
v 0.010656 -0.120072 0.017555
v 0.010593 -0.120196 0.017449
v 0.010520 -0.120296 0.017326
v 0.010440 -0.120369 0.017190
v 0.010354 -0.120414 0.017045
v 0.015828 -0.120414 0.012328
v 0.015959 -0.120369 0.012434
v 0.016081 -0.120296 0.012533
v 0.016192 -0.120196 0.012623
v 0.016288 -0.120072 0.012701
v 0.016365 -0.119929 0.012764
v 0.016423 -0.119772 0.012810
v 0.017924 -0.119603 0.010795
v 0.017886 -0.119772 0.010771
v 0.017824 -0.119929 0.010731
v 0.017739 -0.120072 0.010678
v 0.017635 -0.120196 0.010612
v 0.017514 -0.120296 0.010536
v 0.017381 -0.120369 0.010452
v 0.017238 -0.120414 0.010362
v 0.018407 -0.120414 0.008243
v 0.018559 -0.120369 0.008315
v 0.018701 -0.120296 0.008383
v 0.018830 -0.120196 0.008444
v 0.018942 -0.120072 0.008497
v 0.019032 -0.119929 0.008540
v 0.019098 -0.119772 0.008572
v 0.019316 -0.120414 0.006000
v 0.019476 -0.120369 0.006054
v 0.019625 -0.120296 0.006105
v 0.019761 -0.120196 0.006150
v 0.019877 -0.120072 0.006190
v 0.019972 -0.119929 0.006222
v 0.020042 -0.119772 0.006246
v 0.020748 -0.119603 0.003833
v 0.020704 -0.119772 0.003824
v 0.020632 -0.119929 0.003809
v 0.020534 -0.120072 0.003788
v 0.020413 -0.120196 0.003763
v 0.020273 -0.120296 0.003733
v 0.020119 -0.120369 0.003701
v 0.019954 -0.120414 0.003666
v 0.020168 -0.120414 -0.003556
v 0.020335 -0.120369 -0.003581
v 0.020491 -0.120296 -0.003604
v 0.020632 -0.120196 -0.003625
v 0.020754 -0.120072 -0.003644
v 0.020853 -0.119929 -0.003658
v 0.020926 -0.119772 -0.003669
v 0.020452 -0.119603 -0.006138
v 0.020409 -0.119772 -0.006126
v 0.020338 -0.119929 -0.006107
v 0.020241 -0.120072 -0.006080
v 0.020122 -0.120196 -0.006048
v 0.019984 -0.120296 -0.006010
v 0.019832 -0.120369 -0.005968
v 0.019670 -0.120414 -0.005924
v 0.018895 -0.120414 -0.008216
v 0.019051 -0.120369 -0.008280
v 0.019197 -0.120296 -0.008339
v 0.019329 -0.120196 -0.008393
v 0.019444 -0.120072 -0.008439
v 0.019536 -0.119929 -0.008477
v 0.019605 -0.119772 -0.008504
v 0.017854 -0.120414 -0.010401
v 0.018001 -0.120369 -0.010482
v 0.018140 -0.120296 -0.010559
v 0.018265 -0.120196 -0.010628
v 0.018373 -0.120072 -0.010687
v 0.018460 -0.119929 -0.010735
v 0.018525 -0.119772 -0.010771
v 0.017221 -0.119603 -0.012920
v 0.017185 -0.119772 -0.012894
v 0.017125 -0.119929 -0.012851
v 0.017044 -0.120072 -0.012793
v 0.016943 -0.120196 -0.012721
v 0.016827 -0.120296 -0.012637
v 0.016699 -0.120369 -0.012545
v 0.016562 -0.120414 -0.012447
v 0.015038 -0.120414 -0.014326
v 0.015162 -0.120369 -0.014440
v 0.015278 -0.120296 -0.014546
v 0.015384 -0.120196 -0.014643
v 0.015475 -0.120072 -0.014726
v 0.015548 -0.119929 -0.014794
v 0.015603 -0.119772 -0.014843
v 0.013801 -0.119772 -0.016592
v 0.013753 -0.119929 -0.016536
v 0.013688 -0.120072 -0.016460
v 0.013608 -0.120196 -0.016367
v 0.013514 -0.120296 -0.016259
v 0.013411 -0.120369 -0.016139
v 0.013301 -0.120414 -0.016012
v 0.011378 -0.120414 -0.017480
v 0.011472 -0.120369 -0.017620
v 0.011560 -0.120296 -0.017751
v 0.011640 -0.120196 -0.017869
v 0.011709 -0.120072 -0.017971
v 0.011765 -0.119929 -0.018054
v 0.011806 -0.119772 -0.018115
v 0.009665 -0.119603 -0.019432
v 0.009644 -0.119772 -0.019392
v 0.009611 -0.119929 -0.019327
v 0.009565 -0.120072 -0.019238
v 0.009509 -0.120196 -0.019128
v 0.009443 -0.120296 -0.019001
v 0.009371 -0.120369 -0.018860
v 0.009294 -0.120414 -0.018711
v 0.002480 -0.119603 -0.021626
v 0.002475 -0.119772 -0.021581
v 0.002466 -0.119929 -0.021508
v 0.002454 -0.120072 -0.021409
v 0.002440 -0.120196 -0.021287
v 0.002423 -0.120296 -0.021145
v 0.002404 -0.120369 -0.020988
v 0.002384 -0.120414 -0.020821
v 0.002957 -0.097647 0.029801
v 0.008819 -0.097647 0.028635
v 0.011636 -0.097647 0.027627
v 0.014341 -0.097647 0.026348
v 0.019310 -0.097647 0.023027
v 0.021527 -0.097647 0.021018
v 0.025319 -0.097647 0.016398
v 0.026857 -0.097647 0.013831
v 0.029144 -0.097647 0.008310
v 0.029871 -0.097647 0.005407
v 0.030310 -0.097647 -0.003529
v 0.029871 -0.097647 -0.006489
v 0.028136 -0.097647 -0.012208
v 0.026857 -0.097647 -0.014913
v 0.023536 -0.097647 -0.019882
v 0.021527 -0.097647 -0.022099
v 0.014341 -0.097647 -0.027429
v 0.011636 -0.097647 -0.028708
v 0.005917 -0.097647 -0.030443
v 0.002957 -0.097647 -0.030882
v -0.005979 -0.097647 -0.030443
v -0.014404 -0.097647 -0.027429
v -0.016970 -0.097647 -0.025891
v -0.021590 -0.097647 -0.022099
v -0.023599 -0.097647 -0.019882
v -0.028199 -0.097647 -0.012208
v -0.029207 -0.097647 -0.009391
v -0.030373 -0.097647 -0.003529
v -0.030520 -0.097647 -0.000541
v -0.029934 -0.097647 0.005407
v -0.029207 -0.097647 0.008310
v -0.025382 -0.097647 0.016398
v -0.023599 -0.097647 0.018801
v -0.019373 -0.097647 0.023027
v -0.016970 -0.097647 0.024809
v -0.011699 -0.097647 0.027627
v -0.008882 -0.097647 0.028635
v -0.000031 -0.097647 0.029948
v -0.000031 -0.097014 0.029582
v 0.005845 -0.097014 0.029004
v 0.011496 -0.097014 0.027289
v 0.016704 -0.097014 0.024506
v 0.019078 -0.097014 0.022745
v 0.023254 -0.097014 0.018569
v 0.025015 -0.097014 0.016195
v 0.027799 -0.097014 0.010987
v 0.029513 -0.097014 0.005336
v 0.030092 -0.097014 -0.000541
v 0.029947 -0.097014 -0.003493
v 0.028795 -0.097014 -0.009285
v 0.027799 -0.097014 -0.012068
v 0.025015 -0.097014 -0.017276
v 0.021269 -0.097014 -0.021841
v 0.016704 -0.097014 -0.025587
v 0.014168 -0.097014 -0.027107
v 0.008713 -0.097014 -0.029367
v 0.005845 -0.097014 -0.030085
v -0.002984 -0.097014 -0.030519
v -0.005908 -0.097014 -0.030085
v -0.011559 -0.097014 -0.028371
v -0.014231 -0.097014 -0.027107
v -0.019141 -0.097014 -0.023826
v -0.023317 -0.097014 -0.019651
v -0.026598 -0.097014 -0.014741
v -0.027862 -0.097014 -0.012068
v -0.029576 -0.097014 -0.006417
v -0.030009 -0.097014 -0.003493
v -0.030009 -0.097014 0.002412
v -0.028857 -0.097014 0.008204
v -0.026598 -0.097014 0.013659
v -0.025078 -0.097014 0.016195
v -0.021332 -0.097014 0.020759
v -0.019141 -0.097014 0.022745
v -0.014231 -0.097014 0.026025
v -0.008776 -0.097014 0.028285
v -0.002984 -0.097014 0.029437
v -0.005908 -0.097014 0.029004
v -0.005930 -0.097116 0.029111
v -0.008808 -0.097116 0.028390
v -0.005948 -0.097232 0.029202
v -0.008835 -0.097232 0.028479
v -0.005962 -0.097362 0.029276
v -0.008856 -0.097362 0.028551
v -0.005973 -0.097501 0.029329
v -0.008872 -0.097501 0.028603
v -0.005979 -0.097647 0.029362
v -0.027862 -0.097014 0.010987
v -0.027963 -0.097116 0.011029
v -0.028962 -0.097116 0.008235
v -0.028049 -0.097232 0.011064
v -0.029051 -0.097232 0.008262
v -0.028118 -0.097362 0.011093
v -0.029123 -0.097362 0.008284
v -0.028168 -0.097501 0.011114
v -0.029175 -0.097501 0.008300
v -0.028199 -0.097647 0.011127
v -0.025078 -0.097014 -0.017276
v -0.025169 -0.097116 -0.017337
v -0.023402 -0.097116 -0.019720
v -0.025246 -0.097232 -0.017389
v -0.023474 -0.097232 -0.019779
v -0.025309 -0.097362 -0.017430
v -0.023531 -0.097362 -0.019827
v -0.025354 -0.097501 -0.017461
v -0.023574 -0.097501 -0.019861
v -0.025382 -0.097647 -0.017479
v -0.008776 -0.097014 -0.029367
v -0.008808 -0.097116 -0.029472
v -0.005930 -0.097116 -0.030193
v -0.008835 -0.097232 -0.029561
v -0.005948 -0.097232 -0.030284
v -0.008856 -0.097362 -0.029632
v -0.005962 -0.097362 -0.030357
v -0.008872 -0.097501 -0.029685
v -0.005973 -0.097501 -0.030411
v -0.008882 -0.097647 -0.029716
v 0.019078 -0.097014 -0.023826
v 0.019148 -0.097116 -0.023911
v 0.021346 -0.097116 -0.021918
v 0.019207 -0.097232 -0.023983
v 0.021412 -0.097232 -0.021984
v 0.019254 -0.097362 -0.024041
v 0.021465 -0.097362 -0.022037
v 0.019289 -0.097501 -0.024083
v 0.021504 -0.097501 -0.022076
v 0.019310 -0.097647 -0.024109
v 0.029947 -0.097014 0.002412
v 0.030056 -0.097116 0.002423
v 0.029620 -0.097116 0.005357
v 0.030148 -0.097232 0.002432
v 0.029712 -0.097232 0.005376
v 0.030223 -0.097362 0.002439
v 0.029785 -0.097362 0.005390
v 0.030277 -0.097501 0.002444
v 0.029839 -0.097501 0.005401
v 0.030310 -0.097647 0.002448
v -0.003020 -0.097647 0.029801
v -0.003017 -0.097501 0.029768
v -0.000031 -0.097501 0.029914
v -0.003011 -0.097362 0.029713
v -0.000031 -0.097362 0.029860
v -0.003004 -0.097232 0.029639
v -0.000031 -0.097232 0.029785
v -0.002995 -0.097116 0.029546
v -0.000031 -0.097116 0.029692
v -0.011686 -0.097501 0.027596
v -0.011665 -0.097362 0.027546
v -0.011637 -0.097232 0.027477
v -0.011601 -0.097116 0.027391
v -0.011559 -0.097014 0.027289
v -0.014404 -0.097647 0.026348
v -0.014388 -0.097501 0.026318
v -0.014362 -0.097362 0.026270
v -0.014327 -0.097232 0.026204
v -0.014283 -0.097116 0.026122
v -0.016767 -0.097014 0.024506
v -0.016828 -0.097116 0.024597
v -0.016880 -0.097232 0.024674
v -0.016921 -0.097362 0.024736
v -0.016951 -0.097501 0.024782
v -0.019211 -0.097116 0.022829
v -0.019270 -0.097232 0.022901
v -0.019317 -0.097362 0.022959
v -0.019352 -0.097501 0.023001
v -0.021590 -0.097647 0.021018
v -0.021567 -0.097501 0.020994
v -0.021528 -0.097362 0.020956
v -0.021475 -0.097232 0.020903
v -0.021409 -0.097116 0.020837
v -0.023317 -0.097014 0.018569
v -0.023402 -0.097116 0.018639
v -0.023474 -0.097232 0.018698
v -0.023531 -0.097362 0.018745
v -0.023574 -0.097501 0.018780
v -0.025169 -0.097116 0.016256
v -0.025246 -0.097232 0.016307
v -0.025309 -0.097362 0.016349
v -0.025354 -0.097501 0.016379
v -0.026920 -0.097647 0.013831
v -0.026891 -0.097501 0.013816
v -0.026842 -0.097362 0.013790
v -0.026776 -0.097232 0.013755
v -0.026694 -0.097116 0.013711
v -0.029901 -0.097501 0.005401
v -0.029848 -0.097362 0.005390
v -0.029775 -0.097232 0.005376
v -0.029683 -0.097116 0.005357
v -0.029576 -0.097014 0.005336
v -0.030373 -0.097647 0.002448
v -0.030340 -0.097501 0.002444
v -0.030286 -0.097362 0.002439
v -0.030211 -0.097232 0.002432
v -0.030119 -0.097116 0.002423
v -0.030155 -0.097014 -0.000541
v -0.030264 -0.097116 -0.000541
v -0.030357 -0.097232 -0.000541
v -0.030432 -0.097362 -0.000541
v -0.030487 -0.097501 -0.000541
v -0.030119 -0.097116 -0.003504
v -0.030211 -0.097232 -0.003513
v -0.030286 -0.097362 -0.003521
v -0.030340 -0.097501 -0.003526
v -0.029934 -0.097647 -0.006489
v -0.029901 -0.097501 -0.006482
v -0.029848 -0.097362 -0.006472
v -0.029775 -0.097232 -0.006457
v -0.029683 -0.097116 -0.006439
v -0.028857 -0.097014 -0.009285
v -0.028962 -0.097116 -0.009317
v -0.029051 -0.097232 -0.009344
v -0.029123 -0.097362 -0.009366
v -0.029175 -0.097501 -0.009381
v -0.027963 -0.097116 -0.012110
v -0.028049 -0.097232 -0.012146
v -0.028118 -0.097362 -0.012175
v -0.028168 -0.097501 -0.012195
v -0.026920 -0.097647 -0.014913
v -0.026891 -0.097501 -0.014897
v -0.026842 -0.097362 -0.014871
v -0.026776 -0.097232 -0.014836
v -0.026694 -0.097116 -0.014792
v -0.021332 -0.097014 -0.021841
v -0.021409 -0.097116 -0.021918
v -0.021475 -0.097232 -0.021984
v -0.021528 -0.097362 -0.022037
v -0.021567 -0.097501 -0.022076
v -0.019373 -0.097647 -0.024109
v -0.019352 -0.097501 -0.024083
v -0.019317 -0.097362 -0.024041
v -0.019270 -0.097232 -0.023983
v -0.019211 -0.097116 -0.023911
v -0.016767 -0.097014 -0.025587
v -0.016828 -0.097116 -0.025678
v -0.016880 -0.097232 -0.025756
v -0.016921 -0.097362 -0.025818
v -0.016951 -0.097501 -0.025863
v -0.014283 -0.097116 -0.027204
v -0.014327 -0.097232 -0.027286
v -0.014362 -0.097362 -0.027352
v -0.014388 -0.097501 -0.027400
v -0.011699 -0.097647 -0.028708
v -0.011686 -0.097501 -0.028678
v -0.011665 -0.097362 -0.028627
v -0.011637 -0.097232 -0.028558
v -0.011601 -0.097116 -0.028472
v -0.003020 -0.097647 -0.030882
v -0.003017 -0.097501 -0.030849
v -0.003011 -0.097362 -0.030795
v -0.003004 -0.097232 -0.030721
v -0.002995 -0.097116 -0.030628
v -0.000031 -0.097014 -0.030664
v -0.000031 -0.097116 -0.030773
v -0.000031 -0.097232 -0.030867
v -0.000031 -0.097362 -0.030941
v -0.000031 -0.097501 -0.030996
v -0.000031 -0.097647 -0.031029
v 0.002921 -0.097014 -0.030519
v 0.002932 -0.097116 -0.030628
v 0.002941 -0.097232 -0.030721
v 0.002948 -0.097362 -0.030795
v 0.002954 -0.097501 -0.030849
v 0.005867 -0.097116 -0.030193
v 0.005885 -0.097232 -0.030284
v 0.005899 -0.097362 -0.030357
v 0.005910 -0.097501 -0.030411
v 0.008819 -0.097647 -0.029716
v 0.008809 -0.097501 -0.029685
v 0.008793 -0.097362 -0.029632
v 0.008772 -0.097232 -0.029561
v 0.008745 -0.097116 -0.029472
v 0.011496 -0.097014 -0.028371
v 0.011538 -0.097116 -0.028472
v 0.011574 -0.097232 -0.028558
v 0.011602 -0.097362 -0.028627
v 0.011623 -0.097501 -0.028678
v 0.014220 -0.097116 -0.027204
v 0.014264 -0.097232 -0.027286
v 0.014299 -0.097362 -0.027352
v 0.014325 -0.097501 -0.027400
v 0.016907 -0.097647 -0.025891
v 0.016889 -0.097501 -0.025863
v 0.016858 -0.097362 -0.025818
v 0.016817 -0.097232 -0.025756
v 0.016765 -0.097116 -0.025678
v 0.023511 -0.097501 -0.019861
v 0.023469 -0.097362 -0.019827
v 0.023411 -0.097232 -0.019779
v 0.023339 -0.097116 -0.019720
v 0.023254 -0.097014 -0.019651
v 0.025319 -0.097647 -0.017479
v 0.025291 -0.097501 -0.017461
v 0.025246 -0.097362 -0.017430
v 0.025184 -0.097232 -0.017389
v 0.025106 -0.097116 -0.017337
v 0.026535 -0.097014 -0.014741
v 0.026631 -0.097116 -0.014792
v 0.026714 -0.097232 -0.014836
v 0.026779 -0.097362 -0.014871
v 0.026828 -0.097501 -0.014897
v 0.027900 -0.097116 -0.012110
v 0.027986 -0.097232 -0.012146
v 0.028055 -0.097362 -0.012175
v 0.028105 -0.097501 -0.012195
v 0.029144 -0.097647 -0.009391
v 0.029112 -0.097501 -0.009381
v 0.029060 -0.097362 -0.009366
v 0.028989 -0.097232 -0.009344
v 0.028899 -0.097116 -0.009317
v 0.029513 -0.097014 -0.006417
v 0.029620 -0.097116 -0.006439
v 0.029712 -0.097232 -0.006457
v 0.029785 -0.097362 -0.006472
v 0.029839 -0.097501 -0.006482
v 0.030056 -0.097116 -0.003504
v 0.030148 -0.097232 -0.003513
v 0.030223 -0.097362 -0.003521
v 0.030277 -0.097501 -0.003526
v 0.030457 -0.097647 -0.000541
v 0.030424 -0.097501 -0.000541
v 0.030369 -0.097362 -0.000541
v 0.030294 -0.097232 -0.000541
v 0.030201 -0.097116 -0.000541
v 0.028795 -0.097014 0.008204
v 0.028899 -0.097116 0.008235
v 0.028989 -0.097232 0.008262
v 0.029060 -0.097362 0.008284
v 0.029112 -0.097501 0.008300
v 0.028136 -0.097647 0.011127
v 0.028105 -0.097501 0.011114
v 0.028055 -0.097362 0.011093
v 0.027986 -0.097232 0.011064
v 0.027900 -0.097116 0.011029
v 0.026535 -0.097014 0.013659
v 0.026631 -0.097116 0.013711
v 0.026714 -0.097232 0.013755
v 0.026779 -0.097362 0.013790
v 0.026828 -0.097501 0.013816
v 0.025106 -0.097116 0.016256
v 0.025184 -0.097232 0.016307
v 0.025246 -0.097362 0.016349
v 0.025291 -0.097501 0.016379
v 0.023536 -0.097647 0.018801
v 0.023511 -0.097501 0.018780
v 0.023469 -0.097362 0.018745
v 0.023411 -0.097232 0.018698
v 0.023339 -0.097116 0.018639
v 0.021269 -0.097014 0.020759
v 0.021346 -0.097116 0.020837
v 0.021412 -0.097232 0.020903
v 0.021465 -0.097362 0.020956
v 0.021504 -0.097501 0.020994
v 0.019148 -0.097116 0.022829
v 0.019207 -0.097232 0.022901
v 0.019254 -0.097362 0.022959
v 0.019289 -0.097501 0.023001
v 0.016907 -0.097647 0.024809
v 0.016889 -0.097501 0.024782
v 0.016858 -0.097362 0.024736
v 0.016817 -0.097232 0.024674
v 0.016765 -0.097116 0.024597
v 0.014168 -0.097014 0.026025
v 0.014220 -0.097116 0.026122
v 0.014264 -0.097232 0.026204
v 0.014299 -0.097362 0.026270
v 0.014325 -0.097501 0.026318
v 0.011623 -0.097501 0.027596
v 0.011602 -0.097362 0.027546
v 0.011574 -0.097232 0.027477
v 0.011538 -0.097116 0.027391
v 0.008713 -0.097014 0.028285
v 0.008745 -0.097116 0.028390
v 0.008772 -0.097232 0.028479
v 0.008793 -0.097362 0.028551
v 0.008809 -0.097501 0.028603
v 0.005917 -0.097647 0.029362
v 0.005910 -0.097501 0.029329
v 0.005899 -0.097362 0.029276
v 0.005885 -0.097232 0.029202
v 0.005867 -0.097116 0.029111
v 0.002921 -0.097014 0.029437
v 0.002932 -0.097116 0.029546
v 0.002941 -0.097232 0.029639
v 0.002948 -0.097362 0.029713
v 0.002954 -0.097501 0.029768
v 0.005917 -0.101713 -0.030443
v 0.014341 -0.101713 -0.027429
v 0.016907 -0.101713 -0.025891
v 0.021527 -0.101713 -0.022099
v 0.023536 -0.101713 -0.019882
v 0.028136 -0.101713 -0.012208
v 0.029144 -0.101713 -0.009391
v 0.030310 -0.101713 -0.003529
v 0.030457 -0.101713 -0.000541
v 0.029871 -0.101713 0.005407
v 0.029144 -0.101713 0.008310
v 0.025319 -0.101713 0.016398
v 0.023536 -0.101713 0.018801
v 0.019310 -0.101713 0.023027
v 0.016907 -0.101713 0.024809
v 0.011636 -0.101713 0.027627
v 0.008819 -0.101713 0.028635
v -0.000031 -0.101713 0.029948
v -0.003020 -0.101713 0.029801
v -0.008882 -0.101713 0.028635
v -0.011699 -0.101713 0.027627
v -0.014404 -0.101713 0.026348
v -0.019373 -0.101713 0.023027
v -0.021590 -0.101713 0.021018
v -0.025382 -0.101713 0.016398
v -0.026920 -0.101713 0.013831
v -0.029207 -0.101713 0.008310
v -0.029934 -0.101713 0.005407
v -0.030373 -0.101713 -0.003529
v -0.029934 -0.101713 -0.006489
v -0.028199 -0.101713 -0.012208
v -0.026920 -0.101713 -0.014913
v -0.023599 -0.101713 -0.019882
v -0.021590 -0.101713 -0.022099
v -0.014404 -0.101713 -0.027429
v -0.011699 -0.101713 -0.028708
v -0.005979 -0.101713 -0.030443
v -0.003020 -0.101713 -0.030882
v 0.002921 -0.102346 -0.030519
v 0.005845 -0.102346 -0.030085
v 0.011496 -0.102346 -0.028371
v 0.014168 -0.102346 -0.027107
v 0.019078 -0.102346 -0.023826
v 0.023254 -0.102346 -0.019651
v 0.026535 -0.102346 -0.014741
v 0.027799 -0.102346 -0.012068
v 0.029513 -0.102346 -0.006417
v 0.029947 -0.102346 -0.003493
v 0.029947 -0.102346 0.002412
v 0.028795 -0.102346 0.008204
v 0.026535 -0.102346 0.013659
v 0.025015 -0.102346 0.016195
v 0.021269 -0.102346 0.020759
v 0.019078 -0.102346 0.022745
v 0.014168 -0.102346 0.026025
v 0.008713 -0.102346 0.028285
v 0.002921 -0.102346 0.029437
v -0.000031 -0.102346 0.029582
v -0.005908 -0.102346 0.029004
v -0.011559 -0.102346 0.027289
v -0.016767 -0.102346 0.024506
v -0.019141 -0.102346 0.022745
v -0.023317 -0.102346 0.018569
v -0.025078 -0.102346 0.016195
v -0.027862 -0.102346 0.010987
v -0.029576 -0.102346 0.005336
v -0.030155 -0.102346 -0.000541
v -0.030009 -0.102346 -0.003493
v -0.028857 -0.102346 -0.009285
v -0.027862 -0.102346 -0.012068
v -0.025078 -0.102346 -0.017276
v -0.021332 -0.102346 -0.021841
v -0.016767 -0.102346 -0.025587
v -0.014231 -0.102346 -0.027107
v -0.008776 -0.102346 -0.029367
v -0.005908 -0.102346 -0.030085
v -0.019141 -0.102346 -0.023826
v -0.019211 -0.102244 -0.023911
v -0.021409 -0.102244 -0.021918
v -0.019270 -0.102127 -0.023983
v -0.021475 -0.102127 -0.021984
v -0.019317 -0.101998 -0.024041
v -0.021528 -0.101998 -0.022037
v -0.019352 -0.101858 -0.024083
v -0.021567 -0.101858 -0.022076
v -0.019373 -0.101713 -0.024109
v -0.030009 -0.102346 0.002412
v -0.030119 -0.102244 0.002423
v -0.029683 -0.102244 0.005357
v -0.030211 -0.102127 0.002432
v -0.029775 -0.102127 0.005376
v -0.030286 -0.101998 0.002439
v -0.029848 -0.101998 0.005390
v -0.030340 -0.101858 0.002444
v -0.029901 -0.101858 0.005401
v -0.030373 -0.101713 0.002448
v 0.005845 -0.102346 0.029004
v 0.005867 -0.102244 0.029111
v 0.008745 -0.102244 0.028390
v 0.005885 -0.102127 0.029202
v 0.008772 -0.102127 0.028479
v 0.005899 -0.101998 0.029276
v 0.008793 -0.101998 0.028551
v 0.005910 -0.101858 0.029329
v 0.008809 -0.101858 0.028603
v 0.005917 -0.101713 0.029362
v 0.027799 -0.102346 0.010987
v 0.027900 -0.102244 0.011029
v 0.028899 -0.102244 0.008235
v 0.027986 -0.102127 0.011064
v 0.028989 -0.102127 0.008262
v 0.028055 -0.101998 0.011093
v 0.029060 -0.101998 0.008284
v 0.028105 -0.101858 0.011114
v 0.029112 -0.101858 0.008300
v 0.028136 -0.101713 0.011127
v 0.025015 -0.102346 -0.017276
v 0.025106 -0.102244 -0.017337
v 0.023339 -0.102244 -0.019720
v 0.025184 -0.102127 -0.017389
v 0.023411 -0.102127 -0.019779
v 0.025246 -0.101998 -0.017430
v 0.023469 -0.101998 -0.019827
v 0.025291 -0.101858 -0.017461
v 0.023511 -0.101858 -0.019861
v 0.025319 -0.101713 -0.017479
v 0.008713 -0.102346 -0.029367
v 0.008745 -0.102244 -0.029472
v 0.005867 -0.102244 -0.030193
v 0.008772 -0.102127 -0.029561
v 0.005885 -0.102127 -0.030284
v 0.008793 -0.101998 -0.029632
v 0.005899 -0.101998 -0.030357
v 0.008809 -0.101858 -0.029685
v 0.005910 -0.101858 -0.030411
v 0.008819 -0.101713 -0.029716
v -0.000031 -0.102346 -0.030664
v -0.002984 -0.102346 -0.030519
v -0.000031 -0.102244 -0.030773
v -0.002995 -0.102244 -0.030628
v -0.000031 -0.102127 -0.030867
v -0.003004 -0.102127 -0.030721
v -0.000031 -0.101998 -0.030941
v -0.003011 -0.101998 -0.030795
v -0.000031 -0.101858 -0.030996
v -0.003017 -0.101858 -0.030849
v -0.000031 -0.101713 -0.031029
v -0.005930 -0.102244 -0.030193
v -0.005948 -0.102127 -0.030284
v -0.005962 -0.101998 -0.030357
v -0.005973 -0.101858 -0.030411
v -0.008882 -0.101713 -0.029716
v -0.008872 -0.101858 -0.029685
v -0.008856 -0.101998 -0.029632
v -0.008835 -0.102127 -0.029561
v -0.008808 -0.102244 -0.029472
v -0.011559 -0.102346 -0.028371
v -0.011601 -0.102244 -0.028472
v -0.011637 -0.102127 -0.028558
v -0.011665 -0.101998 -0.028627
v -0.011686 -0.101858 -0.028678
v -0.014283 -0.102244 -0.027204
v -0.014327 -0.102127 -0.027286
v -0.014362 -0.101998 -0.027352
v -0.014388 -0.101858 -0.027400
v -0.016970 -0.101713 -0.025891
v -0.016951 -0.101858 -0.025863
v -0.016921 -0.101998 -0.025818
v -0.016880 -0.102127 -0.025756
v -0.016828 -0.102244 -0.025678
v -0.023574 -0.101858 -0.019861
v -0.023531 -0.101998 -0.019827
v -0.023474 -0.102127 -0.019779
v -0.023402 -0.102244 -0.019720
v -0.023317 -0.102346 -0.019651
v -0.025382 -0.101713 -0.017479
v -0.025354 -0.101858 -0.017461
v -0.025309 -0.101998 -0.017430
v -0.025246 -0.102127 -0.017389
v -0.025169 -0.102244 -0.017337
v -0.026598 -0.102346 -0.014741
v -0.026694 -0.102244 -0.014792
v -0.026776 -0.102127 -0.014836
v -0.026842 -0.101998 -0.014871
v -0.026891 -0.101858 -0.014897
v -0.027963 -0.102244 -0.012110
v -0.028049 -0.102127 -0.012146
v -0.028118 -0.101998 -0.012175
v -0.028168 -0.101858 -0.012195
v -0.029207 -0.101713 -0.009391
v -0.029175 -0.101858 -0.009381
v -0.029123 -0.101998 -0.009366
v -0.029051 -0.102127 -0.009344
v -0.028962 -0.102244 -0.009317
v -0.029576 -0.102346 -0.006417
v -0.029683 -0.102244 -0.006439
v -0.029775 -0.102127 -0.006457
v -0.029848 -0.101998 -0.006472
v -0.029901 -0.101858 -0.006482
v -0.030119 -0.102244 -0.003504
v -0.030211 -0.102127 -0.003513
v -0.030286 -0.101998 -0.003521
v -0.030340 -0.101858 -0.003526
v -0.030520 -0.101713 -0.000541
v -0.030487 -0.101858 -0.000541
v -0.030432 -0.101998 -0.000541
v -0.030357 -0.102127 -0.000541
v -0.030264 -0.102244 -0.000541
v -0.028857 -0.102346 0.008204
v -0.028962 -0.102244 0.008235
v -0.029051 -0.102127 0.008262
v -0.029123 -0.101998 0.008284
v -0.029175 -0.101858 0.008300
v -0.028199 -0.101713 0.011127
v -0.028168 -0.101858 0.011114
v -0.028118 -0.101998 0.011093
v -0.028049 -0.102127 0.011064
v -0.027963 -0.102244 0.011029
v -0.026598 -0.102346 0.013659
v -0.026694 -0.102244 0.013711
v -0.026776 -0.102127 0.013755
v -0.026842 -0.101998 0.013790
v -0.026891 -0.101858 0.013816
v -0.025169 -0.102244 0.016256
v -0.025246 -0.102127 0.016307
v -0.025309 -0.101998 0.016349
v -0.025354 -0.101858 0.016379
v -0.023599 -0.101713 0.018801
v -0.023574 -0.101858 0.018780
v -0.023531 -0.101998 0.018745
v -0.023474 -0.102127 0.018698
v -0.023402 -0.102244 0.018639
v -0.021332 -0.102346 0.020759
v -0.021409 -0.102244 0.020837
v -0.021475 -0.102127 0.020903
v -0.021528 -0.101998 0.020956
v -0.021567 -0.101858 0.020994
v -0.019211 -0.102244 0.022829
v -0.019270 -0.102127 0.022901
v -0.019317 -0.101998 0.022959
v -0.019352 -0.101858 0.023001
v -0.016970 -0.101713 0.024809
v -0.016951 -0.101858 0.024782
v -0.016921 -0.101998 0.024736
v -0.016880 -0.102127 0.024674
v -0.016828 -0.102244 0.024597
v -0.014231 -0.102346 0.026025
v -0.014283 -0.102244 0.026122
v -0.014327 -0.102127 0.026204
v -0.014362 -0.101998 0.026270
v -0.014388 -0.101858 0.026318
v -0.011686 -0.101858 0.027596
v -0.011665 -0.101998 0.027546
v -0.011637 -0.102127 0.027477
v -0.011601 -0.102244 0.027391
v -0.008776 -0.102346 0.028285
v -0.008808 -0.102244 0.028390
v -0.008835 -0.102127 0.028479
v -0.008856 -0.101998 0.028551
v -0.008872 -0.101858 0.028603
v -0.005979 -0.101713 0.029362
v -0.005973 -0.101858 0.029329
v -0.005962 -0.101998 0.029276
v -0.005948 -0.102127 0.029202
v -0.005930 -0.102244 0.029111
v -0.002984 -0.102346 0.029437
v -0.002995 -0.102244 0.029546
v -0.003004 -0.102127 0.029639
v -0.003011 -0.101998 0.029713
v -0.003017 -0.101858 0.029768
v -0.000031 -0.102244 0.029692
v -0.000031 -0.102127 0.029785
v -0.000031 -0.101998 0.029860
v -0.000031 -0.101858 0.029914
v 0.002957 -0.101713 0.029801
v 0.002954 -0.101858 0.029768
v 0.002948 -0.101998 0.029713
v 0.002941 -0.102127 0.029639
v 0.002932 -0.102244 0.029546
v 0.011623 -0.101858 0.027596
v 0.011602 -0.101998 0.027546
v 0.011574 -0.102127 0.027477
v 0.011538 -0.102244 0.027391
v 0.011496 -0.102346 0.027289
v 0.014341 -0.101713 0.026348
v 0.014325 -0.101858 0.026318
v 0.014299 -0.101998 0.026270
v 0.014264 -0.102127 0.026204
v 0.014220 -0.102244 0.026122
v 0.016704 -0.102346 0.024506
v 0.016765 -0.102244 0.024597
v 0.016817 -0.102127 0.024674
v 0.016858 -0.101998 0.024736
v 0.016889 -0.101858 0.024782
v 0.019148 -0.102244 0.022829
v 0.019207 -0.102127 0.022901
v 0.019254 -0.101998 0.022959
v 0.019289 -0.101858 0.023001
v 0.021527 -0.101713 0.021018
v 0.021504 -0.101858 0.020994
v 0.021465 -0.101998 0.020956
v 0.021412 -0.102127 0.020903
v 0.021346 -0.102244 0.020837
v 0.023254 -0.102346 0.018569
v 0.023339 -0.102244 0.018639
v 0.023411 -0.102127 0.018698
v 0.023469 -0.101998 0.018745
v 0.023511 -0.101858 0.018780
v 0.025106 -0.102244 0.016256
v 0.025184 -0.102127 0.016307
v 0.025246 -0.101998 0.016349
v 0.025291 -0.101858 0.016379
v 0.026857 -0.101713 0.013831
v 0.026828 -0.101858 0.013816
v 0.026779 -0.101998 0.013790
v 0.026714 -0.102127 0.013755
v 0.026631 -0.102244 0.013711
v 0.029839 -0.101858 0.005401
v 0.029785 -0.101998 0.005390
v 0.029712 -0.102127 0.005376
v 0.029620 -0.102244 0.005357
v 0.029513 -0.102346 0.005336
v 0.030310 -0.101713 0.002448
v 0.030277 -0.101858 0.002444
v 0.030223 -0.101998 0.002439
v 0.030148 -0.102127 0.002432
v 0.030056 -0.102244 0.002423
v 0.030092 -0.102346 -0.000541
v 0.030201 -0.102244 -0.000541
v 0.030294 -0.102127 -0.000541
v 0.030369 -0.101998 -0.000541
v 0.030424 -0.101858 -0.000541
v 0.030056 -0.102244 -0.003504
v 0.030148 -0.102127 -0.003513
v 0.030223 -0.101998 -0.003521
v 0.030277 -0.101858 -0.003526
v 0.029871 -0.101713 -0.006489
v 0.029839 -0.101858 -0.006482
v 0.029785 -0.101998 -0.006472
v 0.029712 -0.102127 -0.006457
v 0.029620 -0.102244 -0.006439
v 0.028795 -0.102346 -0.009285
v 0.028899 -0.102244 -0.009317
v 0.028989 -0.102127 -0.009344
v 0.029060 -0.101998 -0.009366
v 0.029112 -0.101858 -0.009381
v 0.027900 -0.102244 -0.012110
v 0.027986 -0.102127 -0.012146
v 0.028055 -0.101998 -0.012175
v 0.028105 -0.101858 -0.012195
v 0.026857 -0.101713 -0.014913
v 0.026828 -0.101858 -0.014897
v 0.026779 -0.101998 -0.014871
v 0.026714 -0.102127 -0.014836
v 0.026631 -0.102244 -0.014792
v 0.021269 -0.102346 -0.021841
v 0.021346 -0.102244 -0.021918
v 0.021412 -0.102127 -0.021984
v 0.021465 -0.101998 -0.022037
v 0.021504 -0.101858 -0.022076
v 0.019310 -0.101713 -0.024109
v 0.019289 -0.101858 -0.024083
v 0.019254 -0.101998 -0.024041
v 0.019207 -0.102127 -0.023983
v 0.019148 -0.102244 -0.023911
v 0.016704 -0.102346 -0.025587
v 0.016765 -0.102244 -0.025678
v 0.016817 -0.102127 -0.025756
v 0.016858 -0.101998 -0.025818
v 0.016889 -0.101858 -0.025863
v 0.014220 -0.102244 -0.027204
v 0.014264 -0.102127 -0.027286
v 0.014299 -0.101998 -0.027352
v 0.014325 -0.101858 -0.027400
v 0.011636 -0.101713 -0.028708
v 0.011623 -0.101858 -0.028678
v 0.011602 -0.101998 -0.028627
v 0.011574 -0.102127 -0.028558
v 0.011538 -0.102244 -0.028472
v 0.002957 -0.101713 -0.030882
v 0.002954 -0.101858 -0.030849
v 0.002948 -0.101998 -0.030795
v 0.002941 -0.102127 -0.030721
v 0.002932 -0.102244 -0.030628
v 0.005881 -0.106098 0.028706
v 0.008764 -0.106098 0.027972
v 0.014239 -0.106098 0.025664
v 0.016777 -0.106098 0.024113
v 0.023297 -0.106098 0.018063
v 0.025034 -0.106098 0.015648
v 0.027745 -0.106098 0.010361
v 0.028692 -0.106098 0.007541
v 0.029798 -0.106098 -0.001285
v 0.029576 -0.106098 -0.004251
v 0.028254 -0.106098 -0.010044
v 0.027167 -0.106098 -0.012813
v 0.022341 -0.106098 -0.020285
v 0.020264 -0.106098 -0.022414
v 0.015528 -0.106098 -0.026002
v 0.012915 -0.106098 -0.027425
v 0.004416 -0.106098 -0.030046
v 0.001456 -0.106098 -0.030342
v -0.001519 -0.106098 -0.030342
v -0.004479 -0.106098 -0.030046
v -0.007394 -0.106098 -0.029457
v -0.015590 -0.106098 -0.026002
v -0.018048 -0.106098 -0.024326
v -0.022404 -0.106098 -0.020285
v -0.024259 -0.106098 -0.017959
v -0.028316 -0.106098 -0.010044
v -0.029122 -0.106098 -0.007181
v -0.029861 -0.106098 -0.001285
v -0.029787 -0.106098 0.001689
v -0.027808 -0.106098 0.010361
v -0.026584 -0.106098 0.013072
v -0.023360 -0.106098 0.018063
v -0.021392 -0.106098 0.020294
v -0.014302 -0.106098 0.025664
v -0.011622 -0.106098 0.026955
v -0.005944 -0.106098 0.028706
v -0.003002 -0.106098 0.029150
v -0.000031 -0.105697 0.029449
v 0.005911 -0.105697 0.028854
v 0.011617 -0.105697 0.027094
v 0.016862 -0.105697 0.024238
v 0.019245 -0.105697 0.022432
v 0.023415 -0.105697 0.018157
v 0.026655 -0.105697 0.013141
v 0.028837 -0.105697 0.007582
v 0.029502 -0.105697 0.004667
v 0.029949 -0.105697 -0.001288
v 0.029206 -0.105697 -0.007214
v 0.027304 -0.105697 -0.012875
v 0.025940 -0.105697 -0.015535
v 0.022454 -0.105697 -0.020384
v 0.018076 -0.105697 -0.024446
v 0.012980 -0.105697 -0.027560
v 0.010226 -0.105697 -0.028721
v 0.004438 -0.105697 -0.030195
v -0.001526 -0.105697 -0.030493
v -0.007432 -0.105697 -0.029603
v -0.010288 -0.105697 -0.028721
v -0.015669 -0.105697 -0.026130
v -0.020429 -0.105697 -0.022524
v -0.024381 -0.105697 -0.018047
v -0.026003 -0.105697 -0.015535
v -0.028459 -0.105697 -0.010092
v -0.029788 -0.105697 -0.004270
v -0.029937 -0.105697 0.001700
v -0.029565 -0.105697 0.004667
v -0.027948 -0.105697 0.010416
v -0.025223 -0.105697 0.015730
v -0.021500 -0.105697 0.020399
v -0.019308 -0.105697 0.022432
v -0.014374 -0.105697 0.025796
v -0.008871 -0.105697 0.028116
v -0.003017 -0.105697 0.029300
v -0.000031 -0.105838 0.029418
v -0.003014 -0.105838 0.029269
v -0.000031 -0.105972 0.029367
v -0.003009 -0.105972 0.029219
v -0.000031 -0.106098 0.029298
v -0.005974 -0.105697 0.028854
v -0.005968 -0.105838 0.028824
v -0.005958 -0.105972 0.028774
v -0.008827 -0.106098 0.027972
v -0.008847 -0.105972 0.028039
v -0.008862 -0.105838 0.028087
v -0.011680 -0.105697 0.027094
v -0.011668 -0.105838 0.027065
v -0.011649 -0.105972 0.027019
v -0.014359 -0.105838 0.025769
v -0.014335 -0.105972 0.025725
v -0.016840 -0.106098 0.024113
v -0.016879 -0.105972 0.024170
v -0.016908 -0.105838 0.024212
v -0.016925 -0.105697 0.024238
v -0.019288 -0.105838 0.022409
v -0.019256 -0.105972 0.022370
v -0.019211 -0.106098 0.022317
v -0.021478 -0.105838 0.020377
v -0.021442 -0.105972 0.020342
v -0.023478 -0.105697 0.018157
v -0.023454 -0.105838 0.018138
v -0.023414 -0.105972 0.018107
v -0.025097 -0.106098 0.015648
v -0.025155 -0.105972 0.015686
v -0.025197 -0.105838 0.015713
v -0.026718 -0.105697 0.013141
v -0.026691 -0.105838 0.013127
v -0.026646 -0.105972 0.013104
v -0.027919 -0.105838 0.010404
v -0.027872 -0.105972 0.010386
v -0.028755 -0.106098 0.007541
v -0.028822 -0.105972 0.007560
v -0.028870 -0.105838 0.007573
v -0.028900 -0.105697 0.007582
v -0.029535 -0.105838 0.004661
v -0.029485 -0.105972 0.004653
v -0.029417 -0.106098 0.004641
v -0.029906 -0.105838 0.001698
v -0.029856 -0.105972 0.001694
v -0.030011 -0.105697 -0.001288
v -0.029981 -0.105838 -0.001288
v -0.029930 -0.105972 -0.001286
v -0.029639 -0.106098 -0.004251
v -0.029707 -0.105972 -0.004260
v -0.029757 -0.105838 -0.004266
v -0.029269 -0.105697 -0.007214
v -0.029239 -0.105838 -0.007207
v -0.029190 -0.105972 -0.007196
v -0.028430 -0.105838 -0.010082
v -0.028382 -0.105972 -0.010066
v -0.027230 -0.106098 -0.012813
v -0.027293 -0.105972 -0.012842
v -0.027339 -0.105838 -0.012862
v -0.027367 -0.105697 -0.012875
v -0.025976 -0.105838 -0.015520
v -0.025933 -0.105972 -0.015495
v -0.025873 -0.106098 -0.015460
v -0.024356 -0.105838 -0.018029
v -0.024315 -0.105972 -0.017999
v -0.022517 -0.105697 -0.020384
v -0.022494 -0.105838 -0.020364
v -0.022456 -0.105972 -0.020330
v -0.020327 -0.106098 -0.022414
v -0.020374 -0.105972 -0.022465
v -0.020408 -0.105838 -0.022502
v -0.018139 -0.105697 -0.024446
v -0.018121 -0.105838 -0.024422
v -0.018090 -0.105972 -0.024381
v -0.015653 -0.105838 -0.026104
v -0.015627 -0.105972 -0.026061
v -0.012978 -0.106098 -0.027425
v -0.013008 -0.105972 -0.027487
v -0.013030 -0.105838 -0.027532
v -0.013043 -0.105697 -0.027560
v -0.010278 -0.105838 -0.028693
v -0.010261 -0.105972 -0.028645
v -0.010237 -0.106098 -0.028580
v -0.007424 -0.105838 -0.029573
v -0.007411 -0.105972 -0.029524
v -0.004501 -0.105697 -0.030195
v -0.004497 -0.105838 -0.030165
v -0.004489 -0.105972 -0.030115
v -0.001522 -0.105972 -0.030412
v -0.001525 -0.105838 -0.030462
v 0.001459 -0.105972 -0.030412
v 0.001462 -0.105838 -0.030462
v 0.001463 -0.105697 -0.030493
v 0.004434 -0.105838 -0.030165
v 0.004426 -0.105972 -0.030115
v 0.007332 -0.106098 -0.029457
v 0.007349 -0.105972 -0.029524
v 0.007361 -0.105838 -0.029573
v 0.007369 -0.105697 -0.029603
v 0.010215 -0.105838 -0.028693
v 0.010198 -0.105972 -0.028645
v 0.010174 -0.106098 -0.028580
v 0.012967 -0.105838 -0.027532
v 0.012945 -0.105972 -0.027487
v 0.015606 -0.105697 -0.026130
v 0.015590 -0.105838 -0.026104
v 0.015564 -0.105972 -0.026061
v 0.017985 -0.106098 -0.024326
v 0.018027 -0.105972 -0.024381
v 0.018058 -0.105838 -0.024422
v 0.020366 -0.105697 -0.022524
v 0.020346 -0.105838 -0.022502
v 0.020311 -0.105972 -0.022465
v 0.022431 -0.105838 -0.020364
v 0.022393 -0.105972 -0.020330
v 0.024196 -0.106098 -0.017959
v 0.024252 -0.105972 -0.017999
v 0.024293 -0.105838 -0.018029
v 0.024318 -0.105697 -0.018047
v 0.025913 -0.105838 -0.015520
v 0.025870 -0.105972 -0.015495
v 0.025810 -0.106098 -0.015460
v 0.027276 -0.105838 -0.012862
v 0.027230 -0.105972 -0.012842
v 0.028396 -0.105697 -0.010092
v 0.028367 -0.105838 -0.010082
v 0.028319 -0.105972 -0.010066
v 0.029059 -0.106098 -0.007181
v 0.029127 -0.105972 -0.007196
v 0.029176 -0.105838 -0.007207
v 0.029725 -0.105697 -0.004270
v 0.029695 -0.105838 -0.004266
v 0.029644 -0.105972 -0.004260
v 0.029918 -0.105838 -0.001288
v 0.029867 -0.105972 -0.001286
v 0.029724 -0.106098 0.001689
v 0.029793 -0.105972 0.001694
v 0.029843 -0.105838 0.001698
v 0.029874 -0.105697 0.001700
v 0.029472 -0.105838 0.004661
v 0.029422 -0.105972 0.004653
v 0.029354 -0.106098 0.004641
v 0.028807 -0.105838 0.007573
v 0.028759 -0.105972 0.007560
v 0.027885 -0.105697 0.010416
v 0.027856 -0.105838 0.010404
v 0.027809 -0.105972 0.010386
v 0.026521 -0.106098 0.013072
v 0.026583 -0.105972 0.013104
v 0.026628 -0.105838 0.013127
v 0.025160 -0.105697 0.015730
v 0.025135 -0.105838 0.015713
v 0.025092 -0.105972 0.015686
v 0.023391 -0.105838 0.018138
v 0.023352 -0.105972 0.018107
v 0.021329 -0.106098 0.020294
v 0.021379 -0.105972 0.020342
v 0.021415 -0.105838 0.020377
v 0.021437 -0.105697 0.020399
v 0.019226 -0.105838 0.022409
v 0.019193 -0.105972 0.022370
v 0.019149 -0.106098 0.022317
v 0.016845 -0.105838 0.024212
v 0.016816 -0.105972 0.024170
v 0.014311 -0.105697 0.025796
v 0.014296 -0.105838 0.025769
v 0.014272 -0.105972 0.025725
v 0.011559 -0.106098 0.026955
v 0.011586 -0.105972 0.027019
v 0.011606 -0.105838 0.027065
v 0.008808 -0.105697 0.028116
v 0.008799 -0.105838 0.028087
v 0.008784 -0.105972 0.028039
v 0.005905 -0.105838 0.028824
v 0.005895 -0.105972 0.028774
v 0.002940 -0.106098 0.029150
v 0.002946 -0.105972 0.029219
v 0.002951 -0.105838 0.029269
v 0.002955 -0.105697 0.029300
v 0.002954 -0.001410 0.029767
v 0.008809 -0.001410 0.028602
v 0.014324 -0.001410 0.026317
v 0.019288 -0.001410 0.023001
v 0.025290 -0.001410 0.016379
v 0.029111 -0.001410 0.008300
v 0.030276 -0.001410 0.002444
v 0.030276 -0.001410 -0.003526
v 0.028104 -0.001410 -0.012195
v 0.023510 -0.001410 -0.019861
v 0.021503 -0.001410 -0.022075
v 0.014324 -0.001410 -0.027399
v 0.005910 -0.001410 -0.030410
v -0.005973 -0.001410 -0.030410
v -0.014387 -0.001410 -0.027399
v -0.021566 -0.001410 -0.022075
v -0.025353 -0.001410 -0.017460
v -0.028167 -0.001410 -0.012195
v -0.030339 -0.001410 -0.003526
v -0.029900 -0.001410 0.005401
v -0.029174 -0.001410 0.008300
v -0.028167 -0.001410 0.011113
v -0.025353 -0.001410 0.016379
v -0.019351 -0.001410 0.023001
v -0.011686 -0.001410 0.027595
v -0.008872 -0.001410 0.028602
v -0.015599 0.001023 0.022757
v -0.013240 0.001023 0.024171
v -0.013478 0.000888 0.024617
v -0.010754 0.001023 0.025347
v -0.010948 0.000888 0.025814
v -0.011129 0.000667 0.026251
v -0.008165 0.001023 0.026273
v -0.008312 0.000888 0.026757
v -0.008450 0.000667 0.027210
v -0.008574 0.000367 0.027620
v -0.005498 0.001023 0.026941
v -0.005597 0.000888 0.027437
v -0.005689 0.000667 0.027902
v -0.005773 0.000367 0.028322
v -0.005845 -0.000003 0.028684
v -0.002778 0.001023 0.027345
v -0.002827 0.000888 0.027848
v -0.002874 0.000667 0.028319
v -0.002916 0.000367 0.028746
v -0.002952 -0.000003 0.029113
v -0.002982 -0.000431 0.029412
v -0.000031 0.001023 0.027480
v -0.000031 0.000888 0.027985
v -0.000031 0.000667 0.028459
v -0.000031 0.000367 0.028887
v -0.000031 -0.000003 0.029257
v -0.000031 -0.000431 0.029557
v -0.000031 -0.000905 0.029778
v 0.002715 0.001023 0.027345
v 0.002765 0.000888 0.027848
v 0.002811 0.000667 0.028319
v 0.002853 0.000367 0.028746
v 0.002889 -0.000003 0.029113
v 0.002919 -0.000431 0.029412
v 0.002940 -0.000905 0.029632
v -0.003003 -0.000905 0.029632
v -0.003016 -0.001410 0.029767
v -0.000031 -0.001410 0.029913
v -0.005973 -0.001410 0.029328
v -0.008832 -0.000905 0.028472
v -0.005946 -0.000905 0.029195
v -0.008768 -0.000431 0.028261
v -0.005903 -0.000431 0.028979
v -0.008681 -0.000003 0.027974
v -0.016951 -0.001410 0.024781
v -0.019265 -0.000905 0.022896
v -0.016876 -0.000905 0.024668
v -0.019125 -0.000431 0.022725
v -0.016753 -0.000431 0.024485
v -0.018935 -0.000003 0.022493
v -0.016586 -0.000003 0.024235
v -0.018700 0.000367 0.022207
v -0.016381 0.000367 0.023928
v -0.018429 0.000667 0.021876
v -0.016143 0.000667 0.023572
v -0.018128 0.000888 0.021510
v -0.015879 0.000888 0.023177
v -0.017808 0.001023 0.021119
v -0.021692 0.001023 0.017235
v -0.023330 0.001023 0.015027
v -0.022082 0.000888 0.017556
v -0.023750 0.000888 0.015307
v -0.022448 0.000667 0.017856
v -0.024144 0.000667 0.015571
v -0.022780 0.000367 0.018128
v -0.024500 0.000367 0.015809
v -0.023065 -0.000003 0.018363
v -0.024807 -0.000003 0.016014
v -0.023297 -0.000431 0.018553
v -0.025057 -0.000431 0.016181
v -0.023468 -0.000905 0.018693
v -0.025241 -0.000905 0.016303
v -0.023573 -0.001410 0.018779
v -0.028052 0.001023 -0.000541
v -0.027917 0.001023 -0.003287
v -0.028557 0.000888 -0.000541
v -0.028420 0.000888 -0.003337
v -0.029031 0.000667 -0.000541
v -0.028891 0.000667 -0.003383
v -0.029459 0.000367 -0.000541
v -0.029318 0.000367 -0.003425
v -0.029829 -0.000003 -0.000541
v -0.029686 -0.000003 -0.003461
v -0.030129 -0.000431 -0.000541
v -0.029984 -0.000431 -0.003491
v -0.030350 -0.000905 -0.000541
v -0.030204 -0.000905 -0.003513
v -0.030485 -0.001410 -0.000541
v -0.026845 0.001023 -0.008675
v -0.025919 0.001023 -0.011264
v -0.027329 0.000888 -0.008821
v -0.026386 0.000888 -0.011457
v -0.027782 0.000667 -0.008959
v -0.026824 0.000667 -0.011638
v -0.028192 0.000367 -0.009083
v -0.027219 0.000367 -0.011802
v -0.028546 -0.000003 -0.009191
v -0.027561 -0.000003 -0.011944
v -0.028833 -0.000431 -0.009278
v -0.027838 -0.000431 -0.012059
v -0.029045 -0.000905 -0.009342
v -0.028042 -0.000905 -0.012143
v -0.029174 -0.001410 -0.009381
v -0.021692 0.001023 -0.018317
v -0.019845 0.001023 -0.020354
v -0.022082 0.000888 -0.018637
v -0.020202 0.000888 -0.020711
v -0.022448 0.000667 -0.018938
v -0.020537 0.000667 -0.021047
v -0.022780 0.000367 -0.019210
v -0.020840 0.000367 -0.021349
v -0.023065 -0.000003 -0.019444
v -0.021102 -0.000003 -0.021611
v -0.023297 -0.000431 -0.019635
v -0.021314 -0.000431 -0.021823
v -0.023468 -0.000905 -0.019775
v -0.021470 -0.000905 -0.021979
v -0.023573 -0.001410 -0.019861
v -0.015599 0.001023 -0.023839
v -0.013240 0.001023 -0.025253
v -0.015879 0.000888 -0.024259
v -0.013478 0.000888 -0.025698
v -0.016143 0.000667 -0.024653
v -0.013702 0.000667 -0.026116
v -0.016381 0.000367 -0.025009
v -0.013904 0.000367 -0.026494
v -0.016586 -0.000003 -0.025317
v -0.014078 -0.000003 -0.026820
v -0.016753 -0.000431 -0.025566
v -0.014219 -0.000431 -0.027085
v -0.016876 -0.000905 -0.025750
v -0.014324 -0.000905 -0.027279
v -0.016951 -0.001410 -0.025862
v -0.008165 0.001023 -0.027355
v -0.005498 0.001023 -0.028023
v -0.008312 0.000888 -0.027838
v -0.005597 0.000888 -0.028518
v -0.008450 0.000667 -0.028292
v -0.005689 0.000667 -0.028983
v -0.008574 0.000367 -0.028702
v -0.005773 0.000367 -0.029403
v -0.008681 -0.000003 -0.029055
v -0.005845 -0.000003 -0.029766
v -0.008768 -0.000431 -0.029342
v -0.005903 -0.000431 -0.030060
v -0.008832 -0.000905 -0.029554
v -0.005946 -0.000905 -0.030277
v -0.008872 -0.001410 -0.029683
v 0.002715 0.001023 -0.028426
v 0.005435 0.001023 -0.028023
v 0.002765 0.000888 -0.028929
v 0.005534 0.000888 -0.028518
v 0.002811 0.000667 -0.029401
v 0.005626 0.000667 -0.028983
v 0.002853 0.000367 -0.029827
v 0.005710 0.000367 -0.029403
v 0.002889 -0.000003 -0.030195
v 0.005782 -0.000003 -0.029766
v 0.002919 -0.000431 -0.030494
v 0.005840 -0.000431 -0.030060
v 0.002940 -0.000905 -0.030713
v 0.005883 -0.000905 -0.030277
v 0.002954 -0.001410 -0.030848
v 0.010692 0.001023 -0.026428
v 0.013177 0.001023 -0.025253
v 0.010885 0.000888 -0.026895
v 0.013415 0.000888 -0.025698
v 0.011066 0.000667 -0.027333
v 0.013639 0.000667 -0.026116
v 0.011230 0.000367 -0.027729
v 0.013841 0.000367 -0.026494
v 0.011372 -0.000003 -0.028070
v 0.014015 -0.000003 -0.026820
v 0.011486 -0.000431 -0.028347
v 0.014157 -0.000431 -0.027085
v 0.011571 -0.000905 -0.028552
v 0.014261 -0.000905 -0.027279
v 0.011623 -0.001410 -0.028677
v 0.017745 0.001023 -0.022201
v 0.019782 0.001023 -0.020354
v 0.018065 0.000888 -0.022591
v 0.020139 0.000888 -0.020711
v 0.018366 0.000667 -0.022958
v 0.020474 0.000667 -0.021047
v 0.018637 0.000367 -0.023289
v 0.020777 0.000367 -0.021349
v 0.018872 -0.000003 -0.023575
v 0.021039 -0.000003 -0.021611
v 0.019062 -0.000431 -0.023807
v 0.021251 -0.000431 -0.021823
v 0.019203 -0.000905 -0.023977
v 0.021407 -0.000905 -0.021979
v 0.019288 -0.001410 -0.024082
v 0.024681 0.001023 -0.013750
v 0.025856 0.001023 -0.011264
v 0.025126 0.000888 -0.013988
v 0.026323 0.000888 -0.011457
v 0.025544 0.000667 -0.014211
v 0.026761 0.000667 -0.011638
v 0.025922 0.000367 -0.014413
v 0.027156 0.000367 -0.011802
v 0.026248 -0.000003 -0.014587
v 0.027498 -0.000003 -0.011944
v 0.026512 -0.000431 -0.014729
v 0.027775 -0.000431 -0.012059
v 0.026707 -0.000905 -0.014833
v 0.027979 -0.000905 -0.012143
v 0.026827 -0.001410 -0.014897
v 0.027451 0.001023 -0.006007
v 0.027854 0.001023 -0.003287
v 0.027946 0.000888 -0.006106
v 0.028357 0.000888 -0.003337
v 0.028411 0.000667 -0.006198
v 0.028829 0.000667 -0.003383
v 0.028831 0.000367 -0.006282
v 0.029255 0.000367 -0.003425
v 0.029194 -0.000003 -0.006354
v 0.029623 -0.000003 -0.003461
v 0.029488 -0.000431 -0.006413
v 0.029921 -0.000431 -0.003491
v 0.029705 -0.000905 -0.006456
v 0.030141 -0.000905 -0.003513
v 0.029837 -0.001410 -0.006482
v 0.027451 0.001023 0.004926
v 0.026783 0.001023 0.007593
v 0.027946 0.000888 0.005024
v 0.027266 0.000888 0.007740
v 0.028411 0.000667 0.005117
v 0.027719 0.000667 0.007877
v 0.028831 0.000367 0.005200
v 0.028129 0.000367 0.008002
v 0.029194 -0.000003 0.005272
v 0.028483 -0.000003 0.008109
v 0.029488 -0.000431 0.005331
v 0.028770 -0.000431 0.008196
v 0.029705 -0.000905 0.005374
v 0.028982 -0.000905 0.008260
v 0.029837 -0.001410 0.005401
v 0.024681 0.001023 0.012668
v 0.023267 0.001023 0.015027
v 0.025126 0.000888 0.012906
v 0.023687 0.000888 0.015307
v 0.025544 0.000667 0.013130
v 0.024081 0.000667 0.015571
v 0.025922 0.000367 0.013331
v 0.024437 0.000367 0.015809
v 0.026248 -0.000003 0.013506
v 0.024744 -0.000003 0.016014
v 0.026512 -0.000431 0.013647
v 0.024994 -0.000431 0.016181
v 0.026707 -0.000905 0.013751
v 0.025178 -0.000905 0.016303
v 0.026827 -0.001410 0.013815
v 0.019782 0.001023 0.019273
v 0.017745 0.001023 0.021119
v 0.020139 0.000888 0.019630
v 0.018065 0.000888 0.021510
v 0.020474 0.000667 0.019965
v 0.018366 0.000667 0.021876
v 0.020777 0.000367 0.020268
v 0.018637 0.000367 0.022207
v 0.021039 -0.000003 0.020529
v 0.018872 -0.000003 0.022493
v 0.021251 -0.000431 0.020742
v 0.019062 -0.000431 0.022725
v 0.021407 -0.000905 0.020898
v 0.019203 -0.000905 0.022896
v 0.021503 -0.001410 0.020993
v 0.010692 0.001023 0.025347
v 0.008103 0.001023 0.026273
v 0.010885 0.000888 0.025814
v 0.008249 0.000888 0.026757
v 0.011066 0.000667 0.026251
v 0.008387 0.000667 0.027210
v 0.011230 0.000367 0.026647
v 0.008511 0.000367 0.027620
v 0.011372 -0.000003 0.026989
v 0.008618 -0.000003 0.027974
v 0.011486 -0.000431 0.027266
v 0.008705 -0.000431 0.028261
v 0.011571 -0.000905 0.027470
v 0.008770 -0.000905 0.028472
v 0.011623 -0.001410 0.027595
v -0.011634 -0.000905 0.027470
v -0.011549 -0.000431 0.027266
v -0.011435 -0.000003 0.026989
v -0.011293 0.000367 0.026647
v -0.014387 -0.001410 0.026317
v -0.014324 -0.000905 0.026198
v -0.014219 -0.000431 0.026003
v -0.014078 -0.000003 0.025739
v -0.013904 0.000367 0.025412
v -0.013702 0.000667 0.025035
v -0.021566 -0.001410 0.020993
v -0.021470 -0.000905 0.020898
v -0.021314 -0.000431 0.020742
v -0.021102 -0.000003 0.020529
v -0.020840 0.000367 0.020268
v -0.020537 0.000667 0.019965
v -0.020202 0.000888 0.019630
v -0.019845 0.001023 0.019273
v -0.026889 -0.001410 0.013815
v -0.026770 -0.000905 0.013751
v -0.026575 -0.000431 0.013647
v -0.026311 -0.000003 0.013506
v -0.025985 0.000367 0.013331
v -0.025607 0.000667 0.013130
v -0.025189 0.000888 0.012906
v -0.024743 0.001023 0.012668
v -0.025919 0.001023 0.010182
v -0.026386 0.000888 0.010376
v -0.026824 0.000667 0.010557
v -0.027219 0.000367 0.010721
v -0.027561 -0.000003 0.010862
v -0.027838 -0.000431 0.010977
v -0.028042 -0.000905 0.011062
v -0.029045 -0.000905 0.008260
v -0.028833 -0.000431 0.008196
v -0.028546 -0.000003 0.008109
v -0.028192 0.000367 0.008002
v -0.027782 0.000667 0.007877
v -0.027329 0.000888 0.007740
v -0.026845 0.001023 0.007593
v -0.029768 -0.000905 0.005374
v -0.029551 -0.000431 0.005331
v -0.029257 -0.000003 0.005272
v -0.028894 0.000367 0.005200
v -0.028474 0.000667 0.005117
v -0.028009 0.000888 0.005024
v -0.027514 0.001023 0.004926
v -0.030339 -0.001410 0.002444
v -0.030204 -0.000905 0.002431
v -0.029984 -0.000431 0.002409
v -0.029686 -0.000003 0.002380
v -0.029318 0.000367 0.002344
v -0.028891 0.000667 0.002302
v -0.028420 0.000888 0.002255
v -0.027917 0.001023 0.002206
v -0.029900 -0.001410 -0.006482
v -0.029768 -0.000905 -0.006456
v -0.029551 -0.000431 -0.006413
v -0.029257 -0.000003 -0.006354
v -0.028894 0.000367 -0.006282
v -0.028474 0.000667 -0.006198
v -0.028009 0.000888 -0.006106
v -0.027514 0.001023 -0.006007
v -0.026889 -0.001410 -0.014897
v -0.026770 -0.000905 -0.014833
v -0.026575 -0.000431 -0.014729
v -0.026311 -0.000003 -0.014587
v -0.025985 0.000367 -0.014413
v -0.025607 0.000667 -0.014211
v -0.025189 0.000888 -0.013988
v -0.024743 0.001023 -0.013750
v -0.023330 0.001023 -0.016108
v -0.023750 0.000888 -0.016389
v -0.024144 0.000667 -0.016652
v -0.024500 0.000367 -0.016890
v -0.024807 -0.000003 -0.017096
v -0.025057 -0.000431 -0.017262
v -0.025241 -0.000905 -0.017385
v -0.019351 -0.001410 -0.024082
v -0.019265 -0.000905 -0.023977
v -0.019125 -0.000431 -0.023807
v -0.018935 -0.000003 -0.023575
v -0.018700 0.000367 -0.023289
v -0.018429 0.000667 -0.022958
v -0.018128 0.000888 -0.022591
v -0.017808 0.001023 -0.022201
v -0.011686 -0.001410 -0.028677
v -0.011634 -0.000905 -0.028552
v -0.011549 -0.000431 -0.028347
v -0.011435 -0.000003 -0.028070
v -0.011293 0.000367 -0.027729
v -0.011129 0.000667 -0.027333
v -0.010948 0.000888 -0.026895
v -0.010754 0.001023 -0.026428
v -0.003016 -0.001410 -0.030848
v -0.003003 -0.000905 -0.030713
v -0.002982 -0.000431 -0.030494
v -0.002952 -0.000003 -0.030195
v -0.002916 0.000367 -0.029827
v -0.002874 0.000667 -0.029401
v -0.002827 0.000888 -0.028929
v -0.002778 0.001023 -0.028426
v -0.000031 0.001023 -0.028561
v -0.000031 0.000888 -0.029066
v -0.000031 0.000667 -0.029540
v -0.000031 0.000367 -0.029969
v -0.000031 -0.000003 -0.030339
v -0.000031 -0.000431 -0.030638
v -0.000031 -0.000905 -0.030859
v -0.000031 -0.001410 -0.030995
v 0.008809 -0.001410 -0.029683
v 0.008770 -0.000905 -0.029554
v 0.008705 -0.000431 -0.029342
v 0.008618 -0.000003 -0.029055
v 0.008511 0.000367 -0.028702
v 0.008387 0.000667 -0.028292
v 0.008249 0.000888 -0.027838
v 0.008103 0.001023 -0.027355
v 0.016888 -0.001410 -0.025862
v 0.016813 -0.000905 -0.025750
v 0.016690 -0.000431 -0.025566
v 0.016523 -0.000003 -0.025317
v 0.016318 0.000367 -0.025009
v 0.016080 0.000667 -0.024653
v 0.015817 0.000888 -0.024259
v 0.015536 0.001023 -0.023839
v 0.023405 -0.000905 -0.019775
v 0.023234 -0.000431 -0.019635
v 0.023003 -0.000003 -0.019444
v 0.022717 0.000367 -0.019210
v 0.022386 0.000667 -0.018938
v 0.022019 0.000888 -0.018637
v 0.021629 0.001023 -0.018317
v 0.025290 -0.001410 -0.017460
v 0.025178 -0.000905 -0.017385
v 0.024994 -0.000431 -0.017262
v 0.024744 -0.000003 -0.017096
v 0.024437 0.000367 -0.016890
v 0.024081 0.000667 -0.016652
v 0.023687 0.000888 -0.016389
v 0.023267 0.001023 -0.016108
v 0.029111 -0.001410 -0.009381
v 0.028982 -0.000905 -0.009342
v 0.028770 -0.000431 -0.009278
v 0.028483 -0.000003 -0.009191
v 0.028129 0.000367 -0.009083
v 0.027719 0.000667 -0.008959
v 0.027266 0.000888 -0.008821
v 0.026783 0.001023 -0.008675
v 0.030423 -0.001410 -0.000541
v 0.030287 -0.000905 -0.000541
v 0.030066 -0.000431 -0.000541
v 0.029766 -0.000003 -0.000541
v 0.029397 0.000367 -0.000541
v 0.028968 0.000667 -0.000541
v 0.028494 0.000888 -0.000541
v 0.027989 0.001023 -0.000541
v 0.027854 0.001023 0.002206
v 0.028357 0.000888 0.002255
v 0.028829 0.000667 0.002302
v 0.029255 0.000367 0.002344
v 0.029623 -0.000003 0.002380
v 0.029921 -0.000431 0.002409
v 0.030141 -0.000905 0.002431
v 0.028104 -0.001410 0.011113
v 0.027979 -0.000905 0.011062
v 0.027775 -0.000431 0.010977
v 0.027498 -0.000003 0.010862
v 0.027156 0.000367 0.010721
v 0.026761 0.000667 0.010557
v 0.026323 0.000888 0.010376
v 0.025856 0.001023 0.010182
v 0.023510 -0.001410 0.018779
v 0.023405 -0.000905 0.018693
v 0.023234 -0.000431 0.018553
v 0.023003 -0.000003 0.018363
v 0.022717 0.000367 0.018128
v 0.022386 0.000667 0.017856
v 0.022019 0.000888 0.017556
v 0.021629 0.001023 0.017235
v 0.016888 -0.001410 0.024781
v 0.016813 -0.000905 0.024668
v 0.016690 -0.000431 0.024485
v 0.016523 -0.000003 0.024235
v 0.016318 0.000367 0.023928
v 0.016080 0.000667 0.023572
v 0.015817 0.000888 0.023177
v 0.015536 0.001023 0.022757
v 0.013177 0.001023 0.024171
v 0.013415 0.000888 0.024617
v 0.013639 0.000667 0.025035
v 0.013841 0.000367 0.025412
v 0.014015 -0.000003 0.025739
v 0.014157 -0.000431 0.026003
v 0.014261 -0.000905 0.026198
v 0.005910 -0.001410 0.029328
v 0.005883 -0.000905 0.029195
v 0.005840 -0.000431 0.028979
v 0.005782 -0.000003 0.028684
v 0.005710 0.000367 0.028322
v 0.005626 0.000667 0.027902
v 0.005534 0.000888 0.027437
v 0.005435 0.001023 0.026941
vn -0.0000 1.0000 -0.0000
vn -0.0595 0.8699 -0.4897
vn -0.0595 0.8698 -0.4897
vn -0.0987 0.8699 -0.4833
vn -0.0987 0.8698 -0.4833
vn -0.1372 0.8699 -0.4738
vn -0.1749 0.8698 -0.4613
vn -0.1749 0.8699 -0.4613
vn -0.2115 0.8698 -0.4457
vn -0.2115 0.8699 -0.4457
vn -0.2467 0.8698 -0.4272
vn -0.2467 0.8699 -0.4272
vn -0.2802 0.8699 -0.4060
vn -0.3120 0.8699 -0.3821
vn -0.3120 0.8698 -0.3821
vn -0.3417 0.8699 -0.3558
vn -0.3693 0.8699 -0.3271
vn -0.3944 0.8698 -0.2964
vn -0.3944 0.8699 -0.2964
vn -0.4169 0.8699 -0.2637
vn -0.4368 0.8699 -0.2293
vn -0.4538 0.8699 -0.1934
vn -0.4679 0.8699 -0.1562
vn -0.4790 0.8699 -0.1181
vn -0.4790 0.8698 -0.1181
vn -0.4869 0.8699 -0.0791
vn -0.4917 0.8699 -0.0397
vn -0.4933 0.8698 -0.0000
vn -0.4933 0.8699 -0.0000
vn -0.4917 0.8698 0.0397
vn -0.4917 0.8699 0.0397
vn -0.4869 0.8698 0.0791
vn -0.4869 0.8699 0.0791
vn -0.4790 0.8698 0.1181
vn -0.4790 0.8699 0.1181
vn -0.4679 0.8698 0.1562
vn -0.4679 0.8699 0.1562
vn -0.4538 0.8698 0.1934
vn -0.4538 0.8699 0.1934
vn -0.4368 0.8698 0.2293
vn -0.4368 0.8699 0.2293
vn -0.4169 0.8699 0.2637
vn -0.3944 0.8698 0.2964
vn -0.3944 0.8699 0.2964
vn -0.3693 0.8698 0.3271
vn -0.3693 0.8699 0.3271
vn -0.3417 0.8699 0.3558
vn -0.3120 0.8699 0.3821
vn -0.2802 0.8699 0.4060
vn -0.2467 0.8699 0.4272
vn -0.2467 0.8698 0.4272
vn -0.2115 0.8699 0.4457
vn -0.1749 0.8698 0.4613
vn -0.1749 0.8699 0.4613
vn -0.1372 0.8699 0.4738
vn -0.0987 0.8698 0.4833
vn -0.0987 0.8699 0.4833
vn -0.0595 0.8699 0.4897
vn -0.0595 0.8698 0.4897
vn -0.0199 0.8699 0.4929
vn 0.0199 0.8699 0.4929
vn 0.0595 0.8699 0.4897
vn 0.0987 0.8699 0.4833
vn 0.1372 0.8699 0.4738
vn 0.1749 0.8699 0.4613
vn 0.1749 0.8698 0.4613
vn 0.2115 0.8699 0.4457
vn 0.2467 0.8699 0.4272
vn 0.2802 0.8699 0.4060
vn 0.3120 0.8699 0.3821
vn 0.3417 0.8699 0.3558
vn 0.3693 0.8699 0.3271
vn 0.3944 0.8699 0.2964
vn 0.4169 0.8699 0.2637
vn 0.4368 0.8699 0.2293
vn 0.4538 0.8699 0.1934
vn 0.4679 0.8699 0.1562
vn 0.4790 0.8699 0.1181
vn 0.4869 0.8699 0.0791
vn 0.4917 0.8699 0.0397
vn 0.4933 0.8699 -0.0000
vn 0.4917 0.8699 -0.0397
vn 0.4917 0.8698 -0.0397
vn 0.4869 0.8699 -0.0791
vn 0.4790 0.8699 -0.1181
vn 0.4679 0.8699 -0.1562
vn 0.4679 0.8698 -0.1562
vn 0.4538 0.8699 -0.1934
vn 0.4368 0.8699 -0.2293
vn 0.4169 0.8699 -0.2637
vn 0.4169 0.8698 -0.2637
vn 0.3944 0.8698 -0.2964
vn 0.3944 0.8699 -0.2964
vn 0.3693 0.8698 -0.3271
vn 0.3693 0.8699 -0.3271
vn 0.3417 0.8699 -0.3558
vn 0.3120 0.8699 -0.3821
vn 0.2802 0.8699 -0.4060
vn 0.2467 0.8699 -0.4272
vn 0.2467 0.8698 -0.4272
vn 0.2115 0.8699 -0.4457
vn 0.1749 0.8699 -0.4613
vn 0.1749 0.8698 -0.4613
vn 0.1372 0.8698 -0.4738
vn 0.1372 0.8699 -0.4738
vn 0.0987 0.8699 -0.4833
vn 0.0987 0.8698 -0.4833
vn 0.0595 0.8699 -0.4897
vn 0.0595 0.8698 -0.4897
vn 0.0199 0.8699 -0.4929
vn -0.0199 0.8699 -0.4929
vn 0.0491 -0.0000 -0.9988
vn -0.0491 -0.0000 -0.9988
vn -0.1186 -0.0000 -0.9929
vn -0.1672 -0.0000 -0.9859
vn -0.2356 -0.0000 -0.9719
vn -0.2830 -0.0000 -0.9591
vn -0.3369 -0.0000 -0.9415
vn -0.3947 -0.0000 -0.9188
vn -0.4394 -0.0000 -0.8983
vn -0.5009 -0.0000 -0.8655
vn -0.5428 -0.0000 -0.8399
vn -0.5957 -0.0000 -0.8032
vn -0.6386 -0.0000 -0.7695
vn -0.6756 -0.0000 -0.7373
vn -0.7254 -0.0000 -0.6884
vn -0.7583 -0.0000 -0.6519
vn -0.8019 -0.0000 -0.5975
vn -0.8303 -0.0000 -0.5574
vn -0.8577 -0.0000 -0.5141
vn -0.8905 -0.0000 -0.4550
vn -0.9118 -0.0000 -0.4107
vn -0.9382 -0.0000 -0.3461
vn -0.9540 -0.0000 -0.2997
vn -0.9700 -0.0000 -0.2430
vn -0.9829 -0.0000 -0.1844
vn -0.9907 -0.0000 -0.1359
vn -0.9978 -0.0000 -0.0665
vn -0.9998 -0.0000 -0.0175
vn -0.9988 -0.0000 0.0491
vn -0.9949 -0.0000 0.1013
vn -0.9887 -0.0000 0.1500
vn -0.9758 -0.0000 0.2186
vn -0.9639 -0.0000 0.2662
vn -0.9430 -0.0000 0.3328
vn -0.9255 -0.0000 0.3786
vn -0.9040 -0.0000 0.4276
vn -0.8741 -0.0000 0.4858
vn -0.8492 -0.0000 0.5281
vn -0.8103 -0.0000 0.5860
vn -0.7806 -0.0000 0.6251
vn -0.7410 -0.0000 0.6716
vn -0.7009 -0.0000 0.7132
vn -0.6651 -0.0000 0.7468
vn -0.6114 -0.0000 0.7914
vn -0.5718 -0.0000 0.8204
vn -0.5141 -0.0000 0.8577
vn -0.4704 -0.0000 0.8824
vn -0.4266 -0.0000 0.9045
vn -0.3624 -0.0000 0.9320
vn -0.3163 -0.0000 0.9487
vn -0.2493 -0.0000 0.9684
vn -0.2015 -0.0000 0.9795
vn -0.1467 -0.0000 0.9892
vn -0.0839 -0.0000 0.9965
vn -0.0349 -0.0000 0.9994
vn 0.0349 -0.0000 0.9994
vn 0.0839 -0.0000 0.9965
vn 0.1467 -0.0000 0.9892
vn 0.2015 -0.0000 0.9795
vn 0.2493 -0.0000 0.9684
vn 0.3163 -0.0000 0.9487
vn 0.3624 -0.0000 0.9320
vn 0.4266 -0.0000 0.9045
vn 0.4704 -0.0000 0.8824
vn 0.5141 -0.0000 0.8577
vn 0.5718 -0.0000 0.8204
vn 0.6114 -0.0000 0.7914
vn 0.6651 -0.0000 0.7468
vn 0.7009 -0.0000 0.7132
vn 0.7410 -0.0000 0.6716
vn 0.7806 -0.0000 0.6251
vn 0.8103 -0.0000 0.5860
vn 0.8492 -0.0000 0.5281
vn 0.8741 -0.0000 0.4858
vn 0.9040 -0.0000 0.4276
vn 0.9256 -0.0000 0.3786
vn 0.9255 -0.0000 0.3787
vn 0.9430 -0.0000 0.3328
vn 0.9639 -0.0000 0.2662
vn 0.9758 -0.0000 0.2186
vn 0.9887 -0.0000 0.1500
vn 0.9949 -0.0000 0.1013
vn 0.9988 -0.0000 0.0491
vn 0.9998 -0.0000 -0.0175
vn 0.9978 -0.0000 -0.0665
vn 0.9907 -0.0000 -0.1359
vn 0.9829 -0.0000 -0.1844
vn 0.9700 -0.0000 -0.2430
vn 0.9541 -0.0000 -0.2996
vn 0.9540 -0.0000 -0.2997
vn 0.9382 -0.0000 -0.3461
vn 0.9118 -0.0000 -0.4107
vn 0.8905 -0.0000 -0.4550
vn 0.8577 -0.0000 -0.5141
vn 0.8302 -0.0000 -0.5574
vn 0.8303 -0.0000 -0.5574
vn 0.8019 -0.0000 -0.5975
vn 0.8019 -0.0000 -0.5974
vn 0.7583 -0.0000 -0.6519
vn 0.7254 -0.0000 -0.6884
vn 0.6756 -0.0000 -0.7373
vn 0.6386 -0.0000 -0.7695
vn 0.5957 -0.0000 -0.8032
vn 0.5428 -0.0000 -0.8399
vn 0.5009 -0.0000 -0.8655
vn 0.4394 -0.0000 -0.8983
vn 0.3947 -0.0000 -0.9188
vn 0.3369 -0.0000 -0.9415
vn 0.2830 -0.0000 -0.9591
vn 0.2356 -0.0000 -0.9719
vn 0.1672 -0.0000 -0.9859
vn 0.1186 -0.0000 -0.9929
vn -0.7009 -0.0000 0.7133
vn 0.4704 -0.0000 0.8825
vn 0.7009 -0.0000 0.7133
vn 0.9255 -0.0000 0.3786
vn 0.9998 -0.0000 -0.0174
vn 0.8303 -0.0000 -0.5573
vn -0.8019 -0.0000 -0.5974
vn -0.7409 -0.0000 0.6716
vn -0.4705 -0.0000 0.8824
vn 0.4705 -0.0000 0.8824
vn 0.7409 -0.0000 0.6716
vn -0.0946 -0.0096 -0.9955
vn -0.0491 0.0116 -0.9987
vn -0.0249 -0.0000 -0.9997
vn -0.3746 -0.0055 -0.9272
vn -0.3369 0.0114 -0.9415
vn -0.3090 -0.0040 -0.9510
vn -0.2612 -0.0000 -0.9653
vn -0.2356 0.0076 -0.9718
vn -0.1981 -0.0119 -0.9801
vn -0.1441 0.0127 -0.9895
vn -0.4203 0.0145 -0.9073
vn -0.4782 -0.0116 -0.8782
vn -0.5009 0.0028 -0.8655
vn -0.5257 -0.0000 -0.8507
vn -0.5674 -0.0087 -0.8234
vn -0.5957 0.0111 -0.8032
vn -0.6235 -0.0020 -0.7818
vn -0.6616 0.0157 -0.7497
vn -0.7253 -0.0161 -0.6883
vn -0.7124 -0.0000 -0.7018
vn -0.8829 -0.0000 -0.4695
vn -0.7464 0.0079 -0.6654
vn -0.7818 -0.0110 -0.6235
vn -0.8019 0.0092 -0.5974
vn -0.8206 -0.0000 -0.5715
vn -0.8480 -0.0014 -0.5299
vn -0.8577 0.0103 -0.5141
vn -0.8905 -0.0110 -0.4549
vn -0.9052 0.0091 -0.4249
vn -0.9308 -0.0103 -0.3653
vn -0.9382 0.0033 -0.3461
vn -0.9495 -0.0000 -0.3138
vn -0.9639 -0.0066 -0.2660
vn -0.9700 0.0094 -0.2430
vn -0.9802 -0.0029 -0.1981
vn -0.9988 0.0084 0.0491
vn -0.9960 -0.0007 0.0896
vn -0.9888 0.0097 -0.1490
vn -0.9977 -0.0114 -0.0665
vn -0.9968 -0.0000 -0.0797
vn -0.9995 0.0042 -0.0299
vn -0.9996 -0.0090 0.0249
vn -0.9902 0.0096 0.1392
vn -0.9758 -0.0073 0.2186
vn -0.9781 -0.0000 0.2079
vn -0.9666 0.0049 0.2564
vn -0.9479 -0.0077 0.3185
vn -0.9430 0.0038 0.3328
vn -0.9290 -0.0000 0.3700
vn -0.9094 -0.0034 0.4158
vn -0.9040 0.0067 0.4275
vn -0.4739 -0.0001 0.8806
vn -0.5141 0.0034 0.8577
vn -0.8741 -0.0041 0.4858
vn -0.8782 -0.0000 0.4783
vn -0.8533 0.0049 0.5214
vn -0.8103 -0.0067 0.5860
vn -0.8148 -0.0000 0.5797
vn -0.7849 0.0016 0.6196
vn -0.7409 -0.0075 0.6715
vn -0.7498 0.0067 0.6617
vn -0.7009 -0.0018 0.7132
vn -0.7053 -0.0000 0.7089
vn -0.6691 0.0042 0.7431
vn -0.6114 -0.0037 0.7914
vn -0.6157 -0.0000 0.7880
vn -0.5756 0.0018 0.8177
vn -0.5214 -0.0041 0.8533
vn 0.0249 -0.0000 -0.9997
vn 0.0491 0.0116 -0.9987
vn 0.0946 -0.0096 -0.9955
vn 0.1441 -0.0000 -0.9896
vn 0.1672 0.0022 -0.9859
vn 0.1981 -0.0119 -0.9801
vn 0.2356 0.0076 -0.9718
vn 0.2612 -0.0000 -0.9653
vn 0.3090 -0.0040 -0.9510
vn 0.3369 0.0114 -0.9415
vn 0.3746 -0.0055 -0.9272
vn 0.4204 -0.0000 -0.9074
vn 0.4393 0.0060 -0.8983
vn 0.4782 -0.0116 -0.8782
vn 0.5009 0.0028 -0.8655
vn 0.5257 -0.0000 -0.8507
vn 0.5674 -0.0087 -0.8234
vn 0.5957 0.0111 -0.8032
vn 0.6235 -0.0020 -0.7818
vn 0.6617 -0.0000 -0.7498
vn 0.6756 0.0090 -0.7372
vn 0.7123 -0.0094 -0.7018
vn 0.7465 -0.0000 -0.6654
vn 0.7583 0.0017 -0.6519
vn 0.7818 -0.0110 -0.6235
vn 0.8019 0.0092 -0.5974
vn 0.8206 -0.0000 -0.5715
vn 0.8480 -0.0014 -0.5299
vn 0.8577 0.0103 -0.5141
vn 0.8829 -0.0058 -0.4695
vn 0.9053 -0.0000 -0.4249
vn 0.9118 0.0045 -0.4107
vn 0.9308 -0.0103 -0.3653
vn 0.9382 0.0033 -0.3461
vn 0.9495 -0.0000 -0.3137
vn 0.9639 -0.0066 -0.2660
vn 0.9700 0.0094 -0.2430
vn 0.9802 -0.0029 -0.1981
vn 0.9888 -0.0000 -0.1490
vn 0.9907 0.0063 -0.1359
vn 0.9968 -0.0080 -0.0797
vn 0.9996 -0.0000 -0.0299
vn 0.9998 0.0012 -0.0175
vn 0.9996 -0.0090 0.0249
vn 0.9988 0.0084 0.0491
vn 0.9960 -0.0007 0.0896
vn 0.9903 -0.0000 0.1392
vn 0.9887 0.0073 0.1500
vn 0.9781 -0.0050 0.2079
vn 0.9666 -0.0000 0.2564
vn 0.9639 0.0029 0.2662
vn 0.9479 -0.0077 0.3185
vn 0.9430 0.0038 0.3328
vn 0.9290 -0.0000 0.3700
vn 0.9094 -0.0034 0.4158
vn 0.9040 0.0067 0.4275
vn 0.8782 -0.0027 0.4782
vn 0.8533 -0.0000 0.5214
vn 0.8492 0.0037 0.5281
vn 0.8148 -0.0055 0.5797
vn 0.7849 -0.0000 0.6196
vn 0.7806 0.0007 0.6251
vn 0.7498 -0.0058 0.6617
vn 0.7409 0.0051 0.6715
vn 0.7053 -0.0010 0.7089
vn 0.6691 -0.0000 0.7431
vn 0.6651 0.0037 0.7468
vn 0.6157 -0.0031 0.7880
vn 0.5756 -0.0000 0.8177
vn 0.5718 0.0013 0.8204
vn 0.5214 -0.0041 0.8533
vn 0.5141 0.0034 0.8577
vn 0.4739 -0.0001 0.8806
vn 0.4294 -0.0000 0.9031
vn 0.4266 0.0027 0.9045
vn 0.3653 -0.0013 0.9309
vn 0.3185 -0.0000 0.9479
vn 0.3163 0.0011 0.9487
vn 0.2516 -0.0019 0.9678
vn 0.2030 -0.0000 0.9792
vn 0.2015 0.0001 0.9795
vn 0.1490 -0.0014 0.9888
vn 0.1467 0.0007 0.9892
vn 0.0847 -0.0002 0.9964
vn -0.0847 -0.0000 0.9964
vn -0.0839 -0.0002 0.9965
vn -0.1490 0.0008 0.9888
vn -0.1467 -0.0015 0.9892
vn -0.2030 0.0002 0.9792
vn -0.2516 -0.0000 0.9678
vn -0.2493 -0.0020 0.9684
vn -0.3185 0.0012 0.9479
vn -0.3653 -0.0000 0.9309
vn -0.3624 -0.0015 0.9320
vn -0.4294 0.0029 0.9031
vn -0.2324 -0.6589 0.7154
vn -0.2579 -0.6568 0.7086
vn -0.2818 -0.6589 0.6974
vn -0.2992 -0.6585 0.6905
vn -0.3221 -0.6584 0.6803
vn -0.3337 -0.6575 0.6756
vn -0.3683 -0.6594 0.6554
vn -0.3796 -0.6583 0.6500
vn -0.4062 -0.6585 0.6336
vn -0.4116 -0.6582 0.6303
vn -0.4492 -0.6590 0.6033
vn -0.4547 -0.6580 0.6002
vn -0.5168 -0.6579 0.5478
vn -0.5116 -0.6590 0.5514
vn -0.5537 -0.6580 0.5103
vn -0.5492 -0.6584 0.5147
vn -0.5824 -0.6581 0.4772
vn -0.5732 -0.6598 0.4859
vn -0.6153 -0.6566 0.4362
vn -0.6068 -0.6582 0.4455
vn -0.6281 -0.6585 0.4146
vn -0.6379 -0.6589 0.3986
vn -0.6530 -0.6568 0.3770
vn -0.6641 -0.6589 0.3531
vn -0.6731 -0.6585 0.3366
vn -0.6840 -0.6584 0.3141
vn -0.6899 -0.6575 0.3030
vn -0.7034 -0.6594 0.2653
vn -0.7086 -0.6583 0.2539
vn -0.7184 -0.6585 0.2242
vn -0.7205 -0.6582 0.2183
vn -0.7319 -0.6590 0.1735
vn -0.7341 -0.6580 0.1676
vn -0.7480 -0.6579 0.0874
vn -0.7463 -0.6590 0.0935
vn -0.7522 -0.6580 0.0350
vn -0.7515 -0.6584 0.0413
vn -0.7529 -0.6581 -0.0088
vn -0.7514 -0.6598 0.0037
vn -0.7517 -0.6566 -0.0614
vn -0.7513 -0.6582 -0.0488
vn -0.7454 -0.6583 -0.1048
vn -0.7462 -0.6602 -0.0860
vn -0.7426 -0.6568 -0.1309
vn -0.7358 -0.6589 -0.1564
vn -0.7320 -0.6585 -0.1748
vn -0.7259 -0.6584 -0.1990
vn -0.7233 -0.6575 -0.2113
vn -0.7094 -0.6594 -0.2489
vn -0.7060 -0.6583 -0.2610
vn -0.6945 -0.6585 -0.2900
vn -0.6922 -0.6582 -0.2959
vn -0.6721 -0.6590 -0.3376
vn -0.6701 -0.6580 -0.3435
vn -0.6292 -0.6579 -0.4139
vn -0.6318 -0.6590 -0.4081
vn -0.5987 -0.6580 -0.4567
vn -0.6022 -0.6584 -0.4515
vn -0.5711 -0.6581 -0.4907
vn -0.5780 -0.6598 -0.4801
vn -0.5364 -0.6566 -0.5302
vn -0.5441 -0.6582 -0.5203
vn -0.5037 -0.6583 -0.5594
vn -0.5164 -0.6602 -0.5455
vn -0.4847 -0.6568 -0.5776
vn -0.4631 -0.6589 -0.5927
vn -0.4484 -0.6585 -0.6044
vn -0.4281 -0.6584 -0.6190
vn -0.4182 -0.6575 -0.6268
vn -0.3834 -0.6594 -0.6466
vn -0.3731 -0.6583 -0.6537
vn -0.3456 -0.6585 -0.6686
vn -0.3401 -0.6582 -0.6716
vn -0.2979 -0.6590 -0.6906
vn -0.2925 -0.6580 -0.6939
vn -0.2160 -0.6579 -0.7215
vn -0.2217 -0.6590 -0.7187
vn -0.1651 -0.6580 -0.7347
vn -0.1711 -0.6584 -0.7329
vn -0.1221 -0.6581 -0.7430
vn -0.1342 -0.6598 -0.7393
vn -0.0701 -0.6566 -0.7510
vn -0.0824 -0.6582 -0.7483
vn -0.0450 -0.6585 -0.7512
vn -0.0263 -0.6589 -0.7517
vn -0.0188 -0.6584 -0.7524
vn 0.0188 -0.6584 -0.7524
vn 0.0263 -0.6589 -0.7517
vn 0.0450 -0.6585 -0.7512
vn 0.0700 -0.6584 -0.7494
vn 0.0825 -0.6575 -0.7490
vn 0.1219 -0.6594 -0.7418
vn 0.1344 -0.6583 -0.7406
vn 0.1650 -0.6585 -0.7343
vn 0.1712 -0.6582 -0.7331
vn 0.2157 -0.6590 -0.7206
vn 0.2219 -0.6580 -0.7195
vn 0.2983 -0.6579 -0.6915
vn 0.2922 -0.6590 -0.6931
vn 0.3457 -0.6580 -0.6689
vn 0.3400 -0.6584 -0.6715
vn 0.3840 -0.6581 -0.6476
vn 0.3725 -0.6598 -0.6526
vn 0.4290 -0.6566 -0.6203
vn 0.4179 -0.6582 -0.6262
vn 0.4635 -0.6583 -0.5932
vn 0.4475 -0.6602 -0.6032
vn 0.4847 -0.6568 -0.5776
vn 0.5033 -0.6589 -0.5590
vn 0.5174 -0.6585 -0.5466
vn 0.5353 -0.6584 -0.5291
vn 0.5446 -0.6575 -0.5207
vn 0.5702 -0.6594 -0.4899
vn 0.5790 -0.6583 -0.4810
vn 0.5984 -0.6585 -0.4564
vn 0.6023 -0.6582 -0.4515
vn 0.6284 -0.6590 -0.4133
vn 0.6325 -0.6580 -0.4085
vn 0.6730 -0.6579 -0.3380
vn 0.6693 -0.6590 -0.3431
vn 0.6948 -0.6580 -0.2902
vn 0.6921 -0.6584 -0.2958
vn 0.7105 -0.6581 -0.2493
vn 0.7048 -0.6598 -0.2605
vn 0.7274 -0.6566 -0.1994
vn 0.7226 -0.6582 -0.2111
vn 0.7363 -0.6583 -0.1565
vn 0.7306 -0.6602 -0.1744
vn 0.7426 -0.6568 -0.1309
vn 0.7449 -0.6589 -0.1047
vn 0.7476 -0.6585 -0.0861
vn 0.7502 -0.6584 -0.0612
vn 0.7519 -0.6575 -0.0488
vn 0.7517 -0.6594 -0.0087
vn 0.7527 -0.6583 0.0038
vn 0.7518 -0.6585 0.0350
vn 0.7517 -0.6582 0.0413
vn 0.7471 -0.6590 0.0873
vn 0.7471 -0.6580 0.0936
vn 0.7328 -0.6579 0.1737
vn 0.7333 -0.6590 0.1674
vn 0.7188 -0.6580 0.2243
vn 0.7203 -0.6584 0.2183
vn 0.7045 -0.6581 0.2657
vn 0.7074 -0.6598 0.2535
vn 0.6854 -0.6566 0.3148
vn 0.6893 -0.6582 0.3028
vn 0.6647 -0.6583 0.3534
vn 0.6718 -0.6602 0.3360
vn 0.6530 -0.6568 0.3770
vn 0.6379 -0.6589 0.3986
vn 0.6281 -0.6585 0.4146
vn 0.6140 -0.6584 0.4353
vn 0.6074 -0.6575 0.4459
vn 0.5815 -0.6594 0.4765
vn 0.5742 -0.6583 0.4867
vn 0.5534 -0.6585 0.5101
vn 0.5493 -0.6582 0.5148
vn 0.5162 -0.6590 0.5471
vn 0.5122 -0.6580 0.5520
vn 0.4497 -0.6579 0.6041
vn 0.4542 -0.6590 0.5996
vn 0.4064 -0.6580 0.6339
vn 0.4115 -0.6584 0.6302
vn 0.3689 -0.6581 0.6564
vn 0.3789 -0.6598 0.6489
vn 0.3227 -0.6566 0.6817
vn 0.3334 -0.6582 0.6750
vn 0.2820 -0.6583 0.6980
vn 0.2987 -0.6602 0.6892
vn 0.2579 -0.6568 0.7086
vn 0.2324 -0.6589 0.7154
vn 0.2147 -0.6585 0.7213
vn 0.1906 -0.6584 0.7281
vn 0.1786 -0.6575 0.7320
vn 0.1391 -0.6594 0.7388
vn 0.1270 -0.6583 0.7419
vn 0.0961 -0.6585 0.7464
vn 0.0899 -0.6582 0.7474
vn 0.0437 -0.6590 0.7509
vn 0.0375 -0.6580 0.7520
vn -0.0438 -0.6579 0.7519
vn -0.0375 -0.6590 0.7512
vn -0.0961 -0.6580 0.7468
vn -0.0899 -0.6584 0.7473
vn -0.1394 -0.6581 0.7399
vn -0.1268 -0.6598 0.7406
vn -0.1910 -0.6566 0.7297
vn -0.1785 -0.6582 0.7314
vn -0.2147 -0.6585 0.7213
vn 0.9778 -0.0000 0.2097
vn 0.1977 -0.0000 0.9803
vn 0.1404 -0.0000 0.9901
vn 0.1121 -0.0095 0.9937
vn 0.0581 0.0115 0.9982
vn 0.5132 -0.0000 0.8583
vn 0.4624 -0.0000 0.8867
vn 0.4399 -0.0053 0.8980
vn 0.3961 0.0113 0.9182
vn 0.3642 -0.0041 0.9313
vn 0.3334 -0.0000 0.9428
vn 0.3084 -0.0000 0.9513
vn 0.2780 0.0074 0.9606
vn 0.2349 -0.0119 0.9720
vn 0.1707 0.0126 0.9852
vn 0.4923 0.0141 0.8703
vn 0.5586 -0.0115 0.8293
vn 0.5823 0.0022 0.8130
vn 0.6105 -0.0000 0.7920
vn 0.6286 -0.0000 0.7777
vn 0.6563 -0.0090 0.7544
vn 0.6862 0.0108 0.7273
vn 0.7164 -0.0018 0.6977
vn 0.7316 -0.0000 0.6818
vn 0.7700 -0.0000 0.6381
vn 0.7564 0.0148 0.6539
vn 0.8199 -0.0146 0.5723
vn 0.8079 -0.0000 0.5893
vn 0.8519 -0.0000 0.5237
vn 0.9591 -0.0000 0.2831
vn 0.8414 0.0074 0.5404
vn 0.8757 -0.0106 0.4828
vn 0.8922 0.0084 0.4515
vn 0.9094 -0.0000 0.4159
vn 0.9170 -0.0000 0.3989
vn 0.9324 -0.0017 0.3613
vn 0.9396 0.0097 0.3420
vn 0.9639 -0.0093 0.2662
vn 0.9741 0.0082 0.2258
vn 0.9890 -0.0096 0.1476
vn 0.9917 0.0018 0.1283
vn 0.9963 -0.0000 0.0857
vn 0.9975 -0.0000 0.0704
vn 0.9996 -0.0073 0.0265
vn 1.0000 0.0085 -0.0000
vn 0.9984 -0.0024 -0.0561
vn 0.9975 -0.0000 -0.0704
vn 0.9397 0.0070 -0.3420
vn 0.9213 -0.0005 -0.3888
vn 0.9170 -0.0000 -0.3989
vn 0.9917 -0.0000 -0.1282
vn 0.9933 0.0082 -0.1152
vn 0.9777 -0.0089 -0.2097
vn 0.9804 -0.0000 -0.1968
vn 0.9639 -0.0000 -0.2662
vn 0.9671 0.0035 -0.2545
vn 0.9473 -0.0078 -0.3203
vn 0.8923 -0.0000 -0.4515
vn 0.8966 0.0074 -0.4427
vn 0.8519 -0.0050 -0.5237
vn 0.8571 -0.0000 -0.5152
vn 0.8200 -0.0000 -0.5723
vn 0.8250 0.0037 -0.5651
vn 0.7765 -0.0060 -0.6301
vn 0.7700 0.0011 -0.6381
vn 0.7368 -0.0000 -0.6761
vn 0.7316 -0.0000 -0.6818
vn 0.6954 -0.0043 -0.7186
vn 0.6862 0.0046 -0.7274
vn 0.6286 -0.0022 -0.7777
vn 0.6337 -0.0000 -0.7736
vn 0.5823 -0.0000 -0.8130
vn 0.5868 0.0030 -0.8097
vn 0.5132 -0.0036 -0.8583
vn 0.5179 -0.0000 -0.8554
vn 0.4624 -0.0000 -0.8867
vn 0.4663 0.0009 -0.8846
vn 0.3961 -0.0037 -0.9182
vn 0.4031 0.0028 -0.9151
vn 0.3334 -0.0006 -0.9428
vn 0.3365 -0.0000 -0.9417
vn 0.2780 -0.0000 -0.9606
vn 0.2801 0.0015 -0.9600
vn 0.1977 -0.0011 -0.9803
vn 0.1999 -0.0000 -0.9798
vn 0.1404 -0.0000 -0.9901
vn 0.1415 0.0004 -0.9899
vn 0.0581 -0.0009 -0.9983
vn 0.0592 -0.0000 -0.9982
vn -0.0581 -0.0000 -0.9983
vn -0.0592 -0.0009 -0.9982
vn -0.1404 0.0003 -0.9901
vn -0.1415 -0.0000 -0.9899
vn -0.1977 -0.0000 -0.9803
vn -0.1999 -0.0010 -0.9798
vn -0.2780 0.0014 -0.9606
vn -0.2801 -0.0000 -0.9600
vn -0.3334 -0.0000 -0.9428
vn -0.3365 -0.0004 -0.9417
vn -0.3961 0.0025 -0.9182
vn -0.4031 -0.0033 -0.9151
vn -0.4624 0.0007 -0.8867
vn -0.4663 -0.0000 -0.8846
vn -0.5132 -0.0000 -0.8583
vn -0.5179 -0.0032 -0.8554
vn -0.5823 0.0026 -0.8130
vn -0.5868 -0.0000 -0.8098
vn -0.6286 -0.0000 -0.7777
vn -0.6337 -0.0016 -0.7736
vn -0.6862 0.0046 -0.7274
vn -0.6954 -0.0043 -0.7186
vn -0.7316 -0.0000 -0.6818
vn -0.7368 -0.0000 -0.6761
vn -0.7700 0.0011 -0.6381
vn -0.7765 -0.0060 -0.6301
vn -0.8200 0.0026 -0.5723
vn -0.8250 -0.0000 -0.5651
vn -0.8519 -0.0000 -0.5237
vn -0.8570 -0.0037 -0.5152
vn -0.8922 0.0061 -0.4515
vn -0.8967 -0.0000 -0.4427
vn -0.9170 -0.0000 -0.3989
vn -0.9213 -0.0005 -0.3888
vn -0.9397 0.0070 -0.3420
vn -0.9473 -0.0077 -0.3203
vn -0.9639 0.0015 -0.2662
vn -0.9671 -0.0000 -0.2545
vn -0.9778 -0.0000 -0.2097
vn -0.9804 -0.0066 -0.1968
vn -0.9917 0.0059 -0.1282
vn -0.9933 -0.0000 -0.1152
vn -0.9975 -0.0000 -0.0704
vn -0.9984 -0.0024 -0.0561
vn -1.0000 0.0085 -0.0000
vn -0.9996 -0.0073 0.0265
vn -0.9975 -0.0000 0.0704
vn -0.9963 -0.0000 0.0857
vn -0.9917 0.0018 0.1282
vn -0.9890 -0.0096 0.1476
vn -0.9778 0.0045 0.2097
vn -0.9742 -0.0000 0.2258
vn -0.9591 -0.0051 0.2831
vn -0.9396 0.0097 0.3420
vn -0.9324 -0.0017 0.3613
vn -0.9170 -0.0000 0.3989
vn -0.9094 -0.0000 0.4159
vn -0.8922 0.0084 0.4515
vn -0.8757 -0.0106 0.4828
vn -0.8519 0.0021 0.5237
vn -0.8414 -0.0000 0.5404
vn -0.8200 -0.0000 0.5723
vn -0.8079 -0.0087 0.5893
vn -0.7699 0.0089 0.6381
vn -0.7565 -0.0000 0.6540
vn -0.7316 -0.0000 0.6818
vn -0.7164 -0.0018 0.6977
vn -0.6862 0.0108 0.7273
vn -0.6563 -0.0090 0.7544
vn -0.6286 -0.0000 0.7777
vn -0.6105 -0.0000 0.7920
vn -0.5823 0.0022 0.8130
vn -0.5586 -0.0115 0.8294
vn -0.5132 0.0061 0.8583
vn -0.4923 -0.0000 0.8704
vn -0.4624 -0.0000 0.8867
vn -0.4399 -0.0053 0.8980
vn -0.3961 0.0113 0.9182
vn -0.3642 -0.0041 0.9313
vn -0.3334 -0.0000 0.9428
vn -0.3084 -0.0000 0.9512
vn -0.2780 0.0074 0.9606
vn -0.2349 -0.0119 0.9720
vn -0.1977 0.0023 0.9803
vn -0.1708 -0.0000 0.9853
vn -0.1404 -0.0000 0.9901
vn -0.1121 -0.0095 0.9937
vn -0.0581 0.0115 0.9982
vn -0.0296 -0.0000 0.9996
vn 0.0296 -0.0000 0.9996
vn -0.0000 -1.0000 -0.0000
vn -0.0871 0.0243 -0.9959
vn -0.2934 -0.0000 -0.9560
vn -0.2587 0.0284 -0.9655
vn -0.2089 -0.0000 -0.9779
vn -0.1483 -0.0000 -0.9889
vn -0.3517 -0.0000 -0.9361
vn -0.4179 0.0114 -0.9084
vn -0.4226 0.0170 -0.9062
vn -0.4866 -0.0000 -0.8736
vn -0.5736 -0.0000 -0.8192
vn -0.5386 0.0550 -0.8407
vn -0.6108 -0.0000 -0.7918
vn -0.6584 -0.0000 -0.7527
vn -0.7177 0.0259 -0.6959
vn -0.7071 0.0065 -0.7071
vn -0.7627 -0.0000 -0.6467
vn -0.8011 -0.0000 -0.5985
vn -0.8189 0.0268 -0.5734
vn -0.9189 -0.0000 -0.3945
vn -0.9060 0.0268 -0.4225
vn -0.8810 -0.0000 -0.4731
vn -0.8502 -0.0000 -0.5264
vn -0.9414 -0.0000 -0.3372
vn -0.9618 0.0053 -0.2737
vn -0.9657 0.0211 -0.2588
vn -0.9989 -0.0000 -0.0462
vn -0.9958 0.0292 -0.0871
vn -0.9911 -0.0000 -0.1331
vn -0.9810 -0.0000 -0.1938
vn -0.9999 -0.0000 0.0154
vn -0.9956 0.0182 0.0923
vn -0.9961 0.0122 0.0871
vn -0.9865 -0.0000 0.1635
vn -0.9746 -0.0000 0.2240
vn -0.9655 0.0284 0.2587
vn -0.9514 -0.0000 0.3080
vn -0.9306 -0.0000 0.3660
vn -0.9060 0.0243 0.4225
vn -0.8952 -0.0000 0.4457
vn -0.8336 -0.0000 0.5524
vn -0.8189 0.0243 0.5734
vn -0.6812 -0.0000 0.7321
vn -0.7068 0.0284 0.7068
vn -0.7425 -0.0000 0.6699
vn -0.7823 -0.0000 0.6229
vn -0.6349 -0.0000 0.7726
vn -0.5777 0.0114 0.8161
vn -0.5735 0.0170 0.8190
vn -0.5133 -0.0000 0.8582
vn -0.4226 -0.0000 0.9063
vn -0.4588 0.0550 0.8868
vn -0.3803 -0.0000 0.9249
vn -0.3227 -0.0000 0.9465
vn -0.2438 0.0259 0.9695
vn -0.2588 0.0065 0.9659
vn -0.1787 -0.0000 0.9839
vn -0.1178 -0.0000 0.9930
vn -0.0871 0.0268 0.9958
vn 0.1178 -0.0000 0.9930
vn 0.0871 0.0268 0.9958
vn 0.0308 -0.0000 0.9995
vn -0.0308 -0.0000 0.9995
vn 0.1787 -0.0000 0.9839
vn 0.2439 0.0053 0.9698
vn 0.2588 0.0211 0.9657
vn 0.4595 -0.0000 0.8882
vn 0.4224 0.0292 0.9059
vn 0.3803 -0.0000 0.9249
vn 0.3227 -0.0000 0.9465
vn 0.5133 -0.0000 0.8582
vn 0.5777 0.0182 0.8161
vn 0.5735 0.0122 0.8191
vn 0.6349 -0.0000 0.7726
vn 0.6812 -0.0000 0.7321
vn 0.7068 0.0284 0.7068
vn 0.7425 -0.0000 0.6699
vn 0.7823 -0.0000 0.6229
vn 0.8189 0.0243 0.5734
vn 0.8336 -0.0000 0.5524
vn 0.8952 -0.0000 0.4457
vn 0.9060 0.0243 0.4225
vn 0.9746 -0.0000 0.2240
vn 0.9655 0.0284 0.2587
vn 0.9514 -0.0000 0.3080
vn 0.9306 -0.0000 0.3660
vn 0.9865 -0.0000 0.1635
vn 0.9957 0.0114 0.0923
vn 0.9961 0.0170 0.0871
vn 0.9999 -0.0000 0.0154
vn 0.9962 -0.0000 -0.0872
vn 0.9974 0.0550 -0.0461
vn 0.9911 -0.0000 -0.1331
vn 0.9810 -0.0000 -0.1938
vn 0.9615 0.0259 -0.2736
vn 0.9659 0.0065 -0.2588
vn 0.9414 -0.0000 -0.3372
vn 0.9189 -0.0000 -0.3945
vn 0.9060 0.0268 -0.4225
vn 0.8011 -0.0000 -0.5985
vn 0.8189 0.0268 -0.5734
vn 0.8502 -0.0000 -0.5264
vn 0.8810 -0.0000 -0.4731
vn 0.7627 -0.0000 -0.6467
vn 0.7179 0.0053 -0.6961
vn 0.7070 0.0211 -0.7069
vn 0.5395 -0.0000 -0.8420
vn 0.5733 0.0292 -0.8188
vn 0.6108 -0.0000 -0.7918
vn 0.6584 -0.0000 -0.7527
vn 0.4866 -0.0000 -0.8736
vn 0.4179 0.0182 -0.9083
vn 0.4226 0.0122 -0.9062
vn 0.3517 -0.0000 -0.9361
vn 0.2934 -0.0000 -0.9560
vn 0.2587 0.0284 -0.9655
vn 0.2089 -0.0000 -0.9779
vn 0.1483 -0.0000 -0.9889
vn 0.0871 0.0243 -0.9959
vn 0.0616 -0.0000 -0.9981
vn -0.0616 -0.0000 -0.9981
vn -0.9703 -0.0021 -0.2419
vn -0.9629 0.0019 -0.2698
vn -0.9455 -0.0001 -0.3256
vn -0.9410 -0.0000 -0.3385
vn -0.9205 -0.0000 -0.3907
vn -0.9157 0.0016 -0.4019
vn -0.8829 -0.0007 -0.4695
vn -0.8772 -0.0000 -0.4802
vn -0.8480 -0.0000 -0.5299
vn -0.8424 0.0010 -0.5389
vn -0.7986 -0.0011 -0.6018
vn -0.7922 -0.0000 -0.6103
vn -0.7547 -0.0000 -0.6561
vn -0.7487 0.0004 -0.6629
vn -0.6947 -0.0014 -0.7193
vn -0.8988 -0.0027 0.4384
vn -0.9157 0.0021 0.4019
vn -0.9336 -0.0000 0.3584
vn -0.9410 -0.0000 0.3385
vn -0.9563 -0.0005 0.2924
vn -0.9629 0.0025 0.2698
vn -0.9781 -0.0008 0.2079
vn -0.9821 -0.0000 0.1886
vn -0.9903 -0.0000 0.1392
vn -0.9926 0.0016 0.1211
vn -0.9986 -0.0016 0.0523
vn -0.9994 -0.0000 0.0341
vn -0.9994 0.0007 -0.0341
vn -0.9945 -0.0023 -0.1045
vn -0.9926 -0.0000 -0.1211
vn -0.9821 -0.0000 -0.1886
vn -0.3704 -0.0000 0.9289
vn -0.4067 -0.0031 0.9135
vn -0.4499 0.0018 0.8931
vn -0.4848 -0.0000 0.8746
vn -0.5098 -0.0000 0.8603
vn -0.5446 -0.0012 0.8387
vn -0.5767 0.0029 0.8170
vn -0.6157 -0.0005 0.7880
vn -0.6369 -0.0000 0.7709
vn -0.6691 -0.0000 0.7431
vn -0.6881 0.0023 0.7256
vn -0.7314 -0.0018 0.6820
vn -0.7487 -0.0000 0.6629
vn -0.7771 -0.0000 0.6293
vn -0.7922 0.0011 0.6103
vn -0.8290 -0.0028 0.5592
vn -0.8424 -0.0000 0.5389
vn -0.8772 -0.0000 0.4802
vn -0.3061 -0.0000 0.9520
vn -0.2756 -0.0031 0.9613
vn -0.2220 0.0014 0.9750
vn -0.1908 -0.0000 0.9816
vn -0.1549 -0.0000 0.9879
vn -0.1219 -0.0016 0.9925
vn -0.0682 0.0030 0.9977
vn 0.1219 -0.0016 0.9925
vn 0.0682 0.0030 0.9977
vn 0.6157 -0.0005 0.7880
vn 0.5767 0.0029 0.8170
vn 0.5446 -0.0012 0.8387
vn 0.5098 -0.0000 0.8603
vn 0.4848 -0.0000 0.8746
vn 0.4499 0.0018 0.8931
vn 0.4067 -0.0031 0.9135
vn 0.3704 -0.0000 0.9289
vn 0.2756 -0.0000 0.9613
vn 0.3061 -0.0057 0.9520
vn 0.1908 0.0040 0.9816
vn 0.2220 -0.0000 0.9750
vn 0.1549 -0.0000 0.9879
vn 0.9781 -0.0008 0.2079
vn 0.9629 0.0025 0.2698
vn 0.9563 -0.0005 0.2924
vn 0.9410 -0.0000 0.3385
vn 0.9336 -0.0000 0.3584
vn 0.9157 0.0021 0.4019
vn 0.8988 -0.0027 0.4384
vn 0.8772 -0.0000 0.4802
vn 0.8290 -0.0000 0.5592
vn 0.8424 -0.0043 0.5389
vn 0.7771 0.0026 0.6293
vn 0.7922 -0.0000 0.6103
vn 0.7314 -0.0000 0.6820
vn 0.7487 -0.0035 0.6629
vn 0.6691 0.0040 0.7431
vn 0.6881 -0.0000 0.7256
vn 0.6369 -0.0000 0.7709
vn 0.9455 -0.0001 -0.3256
vn 0.9629 0.0019 -0.2698
vn 0.9703 -0.0021 -0.2419
vn 0.9821 -0.0000 -0.1886
vn 0.9945 -0.0000 -0.1045
vn 0.9926 -0.0030 -0.1211
vn 0.9998 0.0015 -0.0175
vn 0.9994 -0.0000 -0.0341
vn 0.9986 -0.0000 0.0523
vn 0.9994 -0.0024 0.0341
vn 0.9903 0.0025 0.1392
vn 0.9926 -0.0000 0.1211
vn 0.9821 -0.0000 0.1886
vn 0.5878 -0.0012 -0.8090
vn 0.6369 -0.0000 -0.7709
vn 0.6947 -0.0000 -0.7193
vn 0.6881 -0.0016 -0.7256
vn 0.7547 0.0006 -0.6561
vn 0.7487 -0.0000 -0.6629
vn 0.7986 -0.0000 -0.6018
vn 0.7922 -0.0014 -0.6103
vn 0.8481 0.0012 -0.5299
vn 0.8424 -0.0000 -0.5389
vn 0.8829 -0.0000 -0.4695
vn 0.8772 -0.0011 -0.4802
vn 0.9205 0.0020 -0.3907
vn 0.9157 -0.0000 -0.4019
vn 0.9410 -0.0000 -0.3385
vn -0.6881 -0.0000 -0.7256
vn -0.6369 -0.0000 -0.7709
vn -0.5878 -0.0012 -0.8090
vn -0.5767 0.0010 -0.8170
vn -0.5150 -0.0002 -0.8572
vn -0.5098 -0.0000 -0.8603
vn -0.4540 -0.0000 -0.8910
vn -0.4499 0.0006 -0.8931
vn -0.3746 -0.0004 -0.9272
vn -0.3704 -0.0000 -0.9289
vn -0.3090 -0.0000 -0.9511
vn -0.3061 0.0003 -0.9520
vn -0.2250 -0.0004 -0.9744
vn -0.2220 -0.0000 -0.9750
vn -0.1564 -0.0000 -0.9877
vn -0.1549 0.0001 -0.9879
vn -0.0698 -0.0003 -0.9976
vn -0.0682 -0.0000 -0.9977
vn 0.0698 -0.0000 -0.9976
vn 0.0682 -0.0003 -0.9977
vn 0.1564 0.0001 -0.9877
vn 0.1549 -0.0000 -0.9879
vn 0.2250 -0.0000 -0.9744
vn 0.2220 -0.0004 -0.9750
vn 0.3090 0.0003 -0.9511
vn 0.3061 -0.0000 -0.9520
vn 0.3746 -0.0000 -0.9272
vn 0.3704 -0.0004 -0.9289
vn 0.4540 0.0007 -0.8910
vn 0.4499 -0.0000 -0.8931
vn 0.5150 -0.0000 -0.8572
vn 0.5098 -0.0003 -0.8603
vn 0.5767 0.0010 -0.8170
vn -0.0872 -0.0000 0.9962
vn -0.2588 -0.0000 0.9659
vn -0.5736 -0.0000 0.8191
vn -0.5736 -0.0000 0.8192
vn -0.7071 -0.0000 0.7071
vn -0.8192 -0.0000 0.5736
vn -0.8191 -0.0000 0.5736
vn -0.9063 -0.0000 0.4226
vn -0.9659 -0.0000 0.2588
vn -0.9962 -0.0000 0.0872
vn -0.9962 -0.0000 -0.0872
vn -0.9659 -0.0000 -0.2588
vn -0.9063 -0.0000 -0.4226
vn -0.8191 -0.0000 -0.5736
vn -0.8192 -0.0000 -0.5736
vn -0.7071 -0.0000 -0.7071
vn -0.5736 -0.0000 -0.8191
vn -0.4226 -0.0000 -0.9063
vn -0.2588 -0.0000 -0.9659
vn -0.0872 -0.0000 -0.9962
vn 0.0872 -0.0000 -0.9962
vn 0.2588 -0.0000 -0.9659
vn 0.4226 -0.0000 -0.9063
vn 0.5736 -0.0000 -0.8191
vn 0.7071 -0.0000 -0.7071
vn 0.8191 -0.0000 -0.5736
vn 0.8192 -0.0000 -0.5736
vn 0.9063 -0.0000 -0.4226
vn 0.9659 -0.0000 -0.2588
vn 0.9962 -0.0000 0.0872
vn 0.9659 -0.0000 0.2588
vn 0.9063 -0.0000 0.4226
vn 0.8192 -0.0000 0.5736
vn 0.8191 -0.0000 0.5736
vn 0.7071 -0.0000 0.7071
vn 0.5736 -0.0000 0.8191
vn 0.5736 -0.0000 0.8192
vn 0.4226 -0.0000 0.9063
vn 0.2588 -0.0000 0.9659
vn 0.0872 -0.0000 0.9962
vn 0.0388 -0.8694 0.4926
vn 0.1154 -0.8694 0.4805
vn 0.1891 -0.8694 0.4565
vn 0.2582 -0.8694 0.4213
vn 0.3209 -0.8694 0.3758
vn 0.3758 -0.8694 0.3209
vn 0.4213 -0.8694 0.2582
vn 0.4565 -0.8694 0.1891
vn 0.4805 -0.8694 0.1154
vn 0.4926 -0.8694 0.0388
vn 0.4926 -0.8694 -0.0388
vn 0.4805 -0.8694 -0.1154
vn 0.4565 -0.8694 -0.1891
vn 0.4213 -0.8694 -0.2582
vn 0.3758 -0.8694 -0.3209
vn 0.3209 -0.8694 -0.3758
vn 0.2582 -0.8694 -0.4213
vn 0.1891 -0.8694 -0.4565
vn 0.1154 -0.8694 -0.4805
vn 0.0388 -0.8694 -0.4926
vn -0.0388 -0.8694 -0.4926
vn -0.1154 -0.8694 -0.4805
vn -0.1891 -0.8694 -0.4565
vn -0.2582 -0.8694 -0.4213
vn -0.3209 -0.8694 -0.3758
vn -0.3758 -0.8694 -0.3209
vn -0.4213 -0.8694 -0.2582
vn -0.4565 -0.8694 -0.1891
vn -0.4805 -0.8694 -0.1154
vn -0.4926 -0.8694 -0.0388
vn -0.4926 -0.8694 0.0388
vn -0.4805 -0.8694 0.1154
vn -0.4565 -0.8694 0.1891
vn -0.4213 -0.8694 0.2582
vn -0.3758 -0.8694 0.3209
vn -0.3209 -0.8694 0.3758
vn -0.2582 -0.8694 0.4213
vn -0.1891 -0.8694 0.4566
vn -0.1891 -0.8694 0.4565
vn -0.1154 -0.8694 0.4805
vn -0.0388 -0.8694 0.4926
vn 0.1392 -0.0000 -0.9903
vn 0.0349 -0.0000 -0.9994
vn -0.0000 0.0070 -1.0000
vn -0.0349 -0.0000 -0.9994
vn -0.1392 -0.0000 -0.9903
vn -0.2756 -0.0000 -0.9613
vn -0.4067 -0.0000 -0.9135
vn -0.5299 -0.0000 -0.8480
vn -0.6428 -0.0000 -0.7660
vn -0.7431 -0.0000 -0.6691
vn -0.8290 -0.0000 -0.5592
vn -0.8988 -0.0000 -0.4384
vn -0.9511 -0.0000 -0.3090
vn -0.9848 -0.0000 -0.1736
vn -0.9994 -0.0000 -0.0349
vn -0.9945 -0.0000 0.1045
vn -0.9703 -0.0000 0.2419
vn -0.9272 -0.0000 0.3746
vn -0.8660 -0.0000 0.5000
vn -0.7880 -0.0000 0.6157
vn -0.6947 -0.0000 0.7193
vn -0.5878 -0.0000 0.8090
vn -0.4695 -0.0000 0.8829
vn -0.3420 -0.0000 0.9397
vn -0.2079 -0.0000 0.9781
vn -0.0698 -0.0000 0.9976
vn 0.0698 -0.0000 0.9976
vn 0.2079 -0.0000 0.9781
vn 0.3420 -0.0000 0.9397
vn 0.4695 -0.0000 0.8829
vn 0.5878 -0.0000 0.8090
vn 0.6947 -0.0000 0.7193
vn 0.7880 -0.0000 0.6157
vn 0.8660 -0.0000 0.5000
vn 0.9272 -0.0000 0.3746
vn 0.9703 -0.0000 0.2419
vn 0.9945 -0.0000 0.1045
vn 0.9994 -0.0000 -0.0349
vn 0.9848 -0.0000 -0.1736
vn 0.9511 -0.0000 -0.3090
vn 0.8988 -0.0000 -0.4384
vn 0.8290 -0.0000 -0.5592
vn 0.7431 -0.0000 -0.6691
vn 0.6428 -0.0000 -0.7660
vn 0.5299 -0.0000 -0.8480
vn 0.4067 -0.0000 -0.9135
vn 0.2756 -0.0000 -0.9613
vn -0.0000 -0.0008 -1.0000
vn -0.0000 0.0162 -0.9999
vn -0.0000 -0.0188 -0.9998
vn -0.9848 -0.0000 -0.1737
vn 0.1050 0.6568 -0.7468
vn 0.1105 0.6578 -0.7451
vn 0.1731 0.6584 -0.7325
vn 0.2081 0.6557 -0.7258
vn 0.2239 0.6581 -0.7189
vn 0.3064 0.6576 -0.6882
vn 0.2858 0.6526 -0.7018
vn 0.3319 0.6583 -0.6756
vn 0.3992 0.6576 -0.6389
vn 0.3895 0.6550 -0.6475
vn 0.4320 0.6584 -0.6163
vn 0.4843 0.6576 -0.5771
vn 0.4833 0.6573 -0.5782
vn 0.5217 0.6585 -0.5424
vn 0.5599 0.6576 -0.5041
vn 0.5991 0.6585 -0.4555
vn 0.6255 0.6563 -0.4219
vn 0.6299 0.6579 -0.4128
vn 0.6623 0.6584 -0.3578
vn 0.6788 0.6555 -0.3311
vn 0.6857 0.6582 -0.3108
vn 0.7165 0.6576 -0.2328
vn 0.7135 0.6535 -0.2528
vn 0.7253 0.6584 -0.2013
vn 0.7419 0.6576 -0.1308
vn 0.7419 0.6559 -0.1395
vn 0.7475 0.6585 -0.0871
vn 0.7529 0.6576 -0.0263
vn 0.7520 0.6585 0.0291
vn 0.7496 0.6572 0.0788
vn 0.7489 0.6577 0.0816
vn 0.7386 0.6584 0.1447
vn 0.7324 0.6559 0.1826
vn 0.7271 0.6580 0.1959
vn 0.7076 0.6583 0.2568
vn 0.7003 0.6554 0.2829
vn 0.6880 0.6583 0.3055
vn 0.6524 0.6576 0.3767
vn 0.6626 0.6544 0.3644
vn 0.6326 0.6584 0.4078
vn 0.5937 0.6576 0.4638
vn 0.5969 0.6567 0.4609
vn 0.5621 0.6585 0.5004
vn 0.5233 0.6576 0.5419
vn 0.4783 0.6585 0.5811
vn 0.4433 0.6566 0.6102
vn 0.4369 0.6578 0.6135
vn 0.3831 0.6584 0.6479
vn 0.3545 0.6556 0.6667
vn 0.3371 0.6581 0.6733
vn 0.2577 0.6576 0.7079
vn 0.2804 0.6529 0.7037
vn 0.2292 0.6583 0.7170
vn 0.1566 0.6576 0.7369
vn 0.1682 0.6553 0.7364
vn 0.1160 0.6585 0.7436
vn 0.0526 0.6576 0.7515
vn -0.0526 0.6576 0.7515
vn -0.1160 0.6585 0.7436
vn -0.1569 0.6561 0.7382
vn -0.1677 0.6579 0.7342
vn -0.2292 0.6583 0.7170
vn -0.2583 0.6555 0.7097
vn -0.2787 0.6582 0.6993
vn -0.3537 0.6576 0.6652
vn -0.3387 0.6538 0.6766
vn -0.3831 0.6584 0.6479
vn -0.4428 0.6576 0.6095
vn -0.4378 0.6562 0.6147
vn -0.4783 0.6585 0.5811
vn -0.5233 0.6576 0.5419
vn -0.5621 0.6585 0.5004
vn -0.5941 0.6570 0.4642
vn -0.5962 0.6577 0.4604
vn -0.6326 0.6584 0.4078
vn -0.6538 0.6558 0.3775
vn -0.6598 0.6581 0.3629
vn -0.6985 0.6576 0.2822
vn -0.6928 0.6522 0.3077
vn -0.7076 0.6583 0.2568
vn -0.7310 0.6576 0.1823
vn -0.7299 0.6547 0.1967
vn -0.7386 0.6584 0.1447
vn -0.7492 0.6576 0.0788
vn -0.7494 0.6570 0.0816
vn -0.7520 0.6585 0.0291
vn -0.7529 0.6576 -0.0263
vn -0.7475 0.6585 -0.0872
vn -0.7429 0.6564 -0.1310
vn -0.7402 0.6579 -0.1392
vn -0.7253 0.6584 -0.2013
vn -0.7182 0.6556 -0.2334
vn -0.7096 0.6582 -0.2515
vn -0.6771 0.6576 -0.3303
vn -0.6897 0.6532 -0.3125
vn -0.6623 0.6584 -0.3578
vn -0.6246 0.6576 -0.4213
vn -0.6316 0.6556 -0.4140
vn -0.5991 0.6585 -0.4555
vn -0.5599 0.6576 -0.5041
vn -0.5217 0.6585 -0.5424
vn -0.4844 0.6574 -0.5773
vn -0.4831 0.6576 -0.5780
vn -0.4320 0.6584 -0.6163
vn -0.4000 0.6560 -0.6401
vn -0.3881 0.6580 -0.6453
vn -0.3319 0.6583 -0.6756
vn -0.3072 0.6554 -0.6900
vn -0.2840 0.6582 -0.6972
vn -0.2077 0.6576 -0.7242
vn -0.2249 0.6541 -0.7222
vn -0.1731 0.6584 -0.7325
vn -0.1048 0.6576 -0.7460
vn -0.1106 0.6565 -0.7462
vn -0.0582 0.6585 -0.7503
vn -0.0263 0.6583 -0.7523
vn 0.0263 0.6583 -0.7523
vn 0.0582 0.6585 -0.7503
vn -0.1541 -0.0000 0.9881
vn -0.0848 0.0104 0.9963
vn -0.2227 -0.0000 0.9749
vn -0.2519 0.0164 0.9676
vn -0.3045 -0.0000 0.9525
vn -0.3702 -0.0000 0.9289
vn -0.4118 0.0178 0.9111
vn -0.4477 -0.0000 0.8942
vn -0.5090 -0.0000 0.8608
vn -0.5599 0.0147 0.8284
vn -0.5801 -0.0000 0.8145
vn -0.6355 -0.0000 0.7721
vn -0.6919 0.0070 0.7219
vn -0.6947 0.0042 0.7193
vn -0.8039 0.0132 0.5946
vn -0.7915 -0.0000 0.6112
vn -0.7469 -0.0000 0.6649
vn -0.8928 0.0174 0.4501
vn -0.8762 -0.0000 0.4819
vn -0.8405 -0.0000 0.5419
vn -0.9560 0.0171 0.2928
vn -0.9400 -0.0000 0.3411
vn -0.9139 -0.0000 0.4059
vn -0.9918 0.0123 0.1270
vn -0.9814 -0.0000 0.1922
vn -0.9656 -0.0000 0.2602
vn -0.9933 -0.0000 -0.1158
vn -0.9993 0.0091 -0.0349
vn -0.9991 0.0030 -0.0424
vn -0.9993 -0.0000 0.0386
vn -0.9941 -0.0000 0.1083
vn -0.9828 -0.0000 -0.1848
vn -0.9774 0.0153 -0.2107
vn -0.9636 -0.0000 -0.2675
vn -0.9426 -0.0000 -0.3340
vn -0.9277 0.0178 -0.3728
vn -0.9108 -0.0000 -0.4128
vn -0.8798 -0.0000 -0.4753
vn -0.8514 0.0159 -0.5242
vn -0.8363 -0.0000 -0.5482
vn -0.7961 -0.0000 -0.6052
vn -0.7506 0.0094 -0.6606
vn -0.7431 0.0013 -0.6691
vn -0.6282 0.0114 -0.7780
vn -0.6413 -0.0000 -0.7673
vn -0.6933 -0.0000 -0.7207
vn -0.4876 0.0168 -0.8729
vn -0.5154 -0.0000 -0.8569
vn -0.5740 -0.0000 -0.8189
vn -0.3331 0.0176 -0.9427
vn -0.3772 -0.0000 -0.9261
vn -0.4409 -0.0000 -0.8975
vn -0.1690 0.0140 -0.9855
vn -0.2300 -0.0000 -0.9732
vn -0.2973 -0.0000 -0.9548
vn 0.0773 -0.0000 -0.9970
vn 0.0349 0.0032 -0.9994
vn -0.0349 0.0325 -0.9989
vn -0.0000 0.0058 -1.0000
vn -0.0773 -0.0000 -0.9970
vn -0.1466 -0.0000 -0.9892
vn 0.1466 -0.0000 -0.9892
vn 0.1690 0.0140 -0.9855
vn 0.2300 -0.0000 -0.9732
vn 0.2973 -0.0000 -0.9548
vn 0.3331 0.0176 -0.9427
vn 0.3772 -0.0000 -0.9261
vn 0.4409 -0.0000 -0.8975
vn 0.4876 0.0168 -0.8729
vn 0.5154 -0.0000 -0.8569
vn 0.5740 -0.0000 -0.8189
vn 0.6282 0.0114 -0.7780
vn 0.6413 -0.0000 -0.7673
vn 0.6933 -0.0000 -0.7207
vn 0.7507 0.0015 -0.6607
vn 0.7431 0.0109 -0.6691
vn 0.8514 0.0159 -0.5242
vn 0.8364 -0.0000 -0.5482
vn 0.7961 -0.0000 -0.6052
vn 0.9277 0.0178 -0.3728
vn 0.9108 -0.0000 -0.4128
vn 0.8798 -0.0000 -0.4753
vn 0.9774 0.0153 -0.2107
vn 0.9636 -0.0000 -0.2675
vn 0.9426 -0.0000 -0.3340
vn 0.9993 -0.0000 0.0387
vn 0.9994 0.0027 -0.0349
vn 0.9991 0.0082 -0.0424
vn 0.9933 -0.0000 -0.1158
vn 0.9828 -0.0000 -0.1848
vn 0.9941 -0.0000 0.1083
vn 0.9918 0.0123 0.1270
vn 0.9814 -0.0000 0.1922
vn 0.9656 -0.0000 0.2602
vn 0.9560 0.0171 0.2928
vn 0.9400 -0.0000 0.3411
vn 0.9139 -0.0000 0.4059
vn 0.8928 0.0174 0.4501
vn 0.8762 -0.0000 0.4819
vn 0.8405 -0.0000 0.5419
vn 0.8039 0.0132 0.5946
vn 0.7915 -0.0000 0.6112
vn 0.7469 -0.0000 0.6649
vn 0.6919 0.0044 0.7219
vn 0.6946 0.0074 0.7193
vn 0.5599 0.0147 0.8284
vn 0.5801 -0.0000 0.8145
vn 0.6355 -0.0000 0.7721
vn 0.4118 0.0178 0.9111
vn 0.4477 -0.0000 0.8942
vn 0.5090 -0.0000 0.8608
vn 0.2519 0.0164 0.9676
vn 0.3045 -0.0000 0.9525
vn 0.3702 -0.0000 0.9289
vn 0.0848 0.0104 0.9963
vn 0.1541 -0.0000 0.9881
vn 0.2227 -0.0000 0.9749
vn 0.5736 -0.0000 -0.8192
vn -0.0168 0.9090 -0.4165
vn -0.0502 0.9090 -0.4138
vn -0.0834 0.9090 -0.4084
vn -0.1160 0.9090 -0.4003
vn -0.1160 0.9090 -0.4004
vn -0.1478 0.9090 -0.3897
vn -0.1787 0.9090 -0.3766
vn -0.2084 0.9090 -0.3610
vn -0.2368 0.9090 -0.3430
vn -0.2636 0.9090 -0.3229
vn -0.2887 0.9090 -0.3006
vn -0.3120 0.9090 -0.2764
vn -0.3332 0.9090 -0.2504
vn -0.3523 0.9090 -0.2228
vn -0.3691 0.9090 -0.1937
vn -0.3835 0.9090 -0.1634
vn -0.3954 0.9090 -0.1320
vn -0.4047 0.9090 -0.0997
vn -0.4114 0.9090 -0.0669
vn -0.4155 0.9090 -0.0335
vn -0.4168 0.9090 -0.0000
vn -0.4155 0.9090 0.0335
vn -0.4114 0.9090 0.0669
vn -0.4047 0.9090 0.0998
vn -0.4047 0.9090 0.0997
vn -0.3954 0.9090 0.1320
vn -0.3835 0.9090 0.1634
vn -0.3691 0.9090 0.1937
vn -0.3523 0.9090 0.2228
vn -0.3332 0.9090 0.2504
vn -0.3120 0.9090 0.2764
vn -0.2887 0.9090 0.3006
vn -0.2636 0.9090 0.3229
vn -0.2368 0.9090 0.3430
vn -0.2084 0.9090 0.3610
vn -0.1787 0.9090 0.3766
vn -0.1478 0.9090 0.3897
vn -0.1160 0.9090 0.4004
vn -0.1160 0.9090 0.4003
vn -0.0834 0.9090 0.4084
vn -0.0502 0.9090 0.4138
vn -0.0168 0.9090 0.4165
vn 0.0168 0.9090 0.4165
vn 0.0502 0.9090 0.4138
vn 0.0834 0.9090 0.4084
vn 0.1160 0.9090 0.4003
vn 0.1160 0.9090 0.4004
vn 0.1478 0.9090 0.3897
vn 0.1787 0.9090 0.3766
vn 0.2084 0.9090 0.3610
vn 0.2368 0.9090 0.3430
vn 0.2636 0.9090 0.3229
vn 0.2887 0.9090 0.3006
vn 0.3120 0.9090 0.2764
vn 0.3332 0.9090 0.2504
vn 0.3523 0.9090 0.2228
vn 0.3691 0.9090 0.1937
vn 0.3834 0.9090 0.1634
vn 0.3835 0.9090 0.1634
vn 0.3954 0.9090 0.1320
vn 0.4047 0.9090 0.0997
vn 0.4114 0.9090 0.0669
vn 0.4155 0.9090 0.0335
vn 0.4168 0.9090 -0.0000
vn 0.4155 0.9090 -0.0335
vn 0.4114 0.9090 -0.0669
vn 0.4047 0.9090 -0.0997
vn 0.3954 0.9090 -0.1320
vn 0.3835 0.9090 -0.1634
vn 0.3691 0.9090 -0.1937
vn 0.3523 0.9090 -0.2228
vn 0.3332 0.9090 -0.2504
vn 0.3120 0.9090 -0.2764
vn 0.2887 0.9090 -0.3006
vn 0.2636 0.9090 -0.3229
vn 0.2636 0.9090 -0.3228
vn 0.2368 0.9090 -0.3430
vn 0.2084 0.9090 -0.3610
vn 0.1787 0.9090 -0.3766
vn 0.1478 0.9090 -0.3897
vn 0.1160 0.9090 -0.4003
vn 0.1160 0.9090 -0.4004
vn 0.0834 0.9090 -0.4084
vn 0.0502 0.9090 -0.4138
vn 0.0168 0.9090 -0.4165
vn -0.0103 0.9669 -0.2549
vn -0.0308 0.9669 -0.2533
vn -0.0510 0.9669 -0.2500
vn -0.0710 0.9669 -0.2451
vn -0.0710 0.9669 -0.2450
vn -0.0905 0.9669 -0.2385
vn -0.1094 0.9669 -0.2305
vn -0.1276 0.9669 -0.2209
vn -0.1449 0.9669 -0.2100
vn -0.1614 0.9669 -0.1976
vn -0.1613 0.9669 -0.1976
vn -0.1767 0.9669 -0.1840
vn -0.1910 0.9669 -0.1692
vn -0.2040 0.9669 -0.1533
vn -0.2156 0.9669 -0.1364
vn -0.2259 0.9669 -0.1186
vn -0.2347 0.9669 -0.1000
vn -0.2420 0.9669 -0.0808
vn -0.2477 0.9669 -0.0611
vn -0.2518 0.9669 -0.0409
vn -0.2543 0.9669 -0.0205
vn -0.2551 0.9669 -0.0000
vn -0.2543 0.9669 0.0205
vn -0.2518 0.9669 0.0409
vn -0.2477 0.9669 0.0611
vn -0.2420 0.9669 0.0808
vn -0.2347 0.9669 0.1000
vn -0.2259 0.9669 0.1186
vn -0.2156 0.9669 0.1364
vn -0.2040 0.9669 0.1533
vn -0.1910 0.9669 0.1692
vn -0.1767 0.9669 0.1840
vn -0.1614 0.9669 0.1976
vn -0.1613 0.9669 0.1976
vn -0.1449 0.9669 0.2100
vn -0.1276 0.9669 0.2209
vn -0.1094 0.9669 0.2305
vn -0.0905 0.9669 0.2385
vn -0.0710 0.9669 0.2450
vn -0.0710 0.9669 0.2451
vn -0.0510 0.9669 0.2500
vn -0.0308 0.9669 0.2533
vn -0.0103 0.9669 0.2549
vn 0.0103 0.9669 0.2549
vn 0.0308 0.9669 0.2533
vn 0.0510 0.9669 0.2500
vn 0.0710 0.9669 0.2450
vn 0.0905 0.9669 0.2385
vn 0.1094 0.9669 0.2305
vn 0.1276 0.9669 0.2209
vn 0.1449 0.9669 0.2100
vn 0.1614 0.9669 0.1976
vn 0.1613 0.9669 0.1976
vn 0.1767 0.9669 0.1840
vn 0.1910 0.9669 0.1692
vn 0.2040 0.9669 0.1533
vn 0.2156 0.9669 0.1364
vn 0.2259 0.9669 0.1186
vn 0.2347 0.9669 0.1000
vn 0.2420 0.9669 0.0808
vn 0.2477 0.9669 0.0611
vn 0.2518 0.9669 0.0409
vn 0.2543 0.9669 0.0205
vn 0.2551 0.9669 -0.0000
vn 0.2543 0.9669 -0.0205
vn 0.2518 0.9669 -0.0409
vn 0.2477 0.9669 -0.0611
vn 0.2420 0.9669 -0.0808
vn 0.2347 0.9669 -0.1000
vn 0.2259 0.9669 -0.1186
vn 0.2156 0.9669 -0.1364
vn 0.2040 0.9669 -0.1533
vn 0.1910 0.9669 -0.1692
vn 0.1767 0.9669 -0.1840
vn 0.1613 0.9669 -0.1976
vn 0.1449 0.9669 -0.2100
vn 0.1276 0.9669 -0.2209
vn 0.1094 0.9669 -0.2305
vn 0.0905 0.9669 -0.2385
vn 0.0710 0.9669 -0.2451
vn 0.0710 0.9669 -0.2450
vn 0.0510 0.9669 -0.2500
vn 0.0308 0.9669 -0.2533
vn 0.0103 0.9669 -0.2549
vn -0.0035 0.9963 -0.0858
vn -0.0104 0.9963 -0.0853
vn -0.0172 0.9963 -0.0842
vn -0.0239 0.9963 -0.0825
vn -0.0305 0.9963 -0.0803
vn -0.0368 0.9963 -0.0776
vn -0.0429 0.9963 -0.0744
vn -0.0488 0.9963 -0.0707
vn -0.0543 0.9963 -0.0665
vn -0.0595 0.9963 -0.0619
vn -0.0643 0.9963 -0.0570
vn -0.0687 0.9963 -0.0516
vn -0.0726 0.9963 -0.0459
vn -0.0761 0.9963 -0.0399
vn -0.0760 0.9963 -0.0399
vn -0.0790 0.9963 -0.0337
vn -0.0815 0.9963 -0.0272
vn -0.0834 0.9963 -0.0206
vn -0.0848 0.9963 -0.0138
vn -0.0856 0.9963 -0.0069
vn -0.0859 0.9963 -0.0000
vn -0.0856 0.9963 0.0069
vn -0.0848 0.9963 0.0138
vn -0.0834 0.9963 0.0206
vn -0.0815 0.9963 0.0272
vn -0.0790 0.9963 0.0337
vn -0.0761 0.9963 0.0399
vn -0.0726 0.9963 0.0459
vn -0.0687 0.9963 0.0516
vn -0.0643 0.9963 0.0570
vn -0.0595 0.9963 0.0619
vn -0.0543 0.9963 0.0665
vn -0.0488 0.9963 0.0707
vn -0.0429 0.9963 0.0744
vn -0.0368 0.9963 0.0776
vn -0.0305 0.9963 0.0803
vn -0.0239 0.9963 0.0825
vn -0.0172 0.9963 0.0842
vn -0.0104 0.9963 0.0853
vn -0.0035 0.9963 0.0858
vn 0.0035 0.9963 0.0858
vn 0.0104 0.9963 0.0853
vn 0.0172 0.9963 0.0842
vn 0.0239 0.9963 0.0825
vn 0.0305 0.9963 0.0803
vn 0.0368 0.9963 0.0776
vn 0.0429 0.9963 0.0744
vn 0.0488 0.9963 0.0707
vn 0.0543 0.9963 0.0665
vn 0.0595 0.9963 0.0619
vn 0.0643 0.9963 0.0570
vn 0.0687 0.9963 0.0516
vn 0.0726 0.9963 0.0459
vn 0.0761 0.9963 0.0399
vn 0.0790 0.9963 0.0337
vn 0.0815 0.9963 0.0272
vn 0.0834 0.9963 0.0206
vn 0.0848 0.9963 0.0138
vn 0.0856 0.9963 0.0069
vn 0.0859 0.9963 -0.0000
vn 0.0856 0.9963 -0.0069
vn 0.0848 0.9963 -0.0138
vn 0.0834 0.9963 -0.0206
vn 0.0815 0.9963 -0.0272
vn 0.0790 0.9963 -0.0337
vn 0.0761 0.9963 -0.0399
vn 0.0726 0.9963 -0.0459
vn 0.0687 0.9963 -0.0516
vn 0.0643 0.9963 -0.0570
vn 0.0595 0.9963 -0.0619
vn 0.0543 0.9963 -0.0665
vn 0.0488 0.9963 -0.0707
vn 0.0429 0.9963 -0.0744
vn 0.0368 0.9963 -0.0776
vn 0.0305 0.9963 -0.0803
vn 0.0239 0.9963 -0.0825
vn 0.0172 0.9963 -0.0842
vn 0.0104 0.9963 -0.0853
vn 0.0035 0.9963 -0.0858
vn -0.0172 0.9963 -0.0841
vn -0.0760 0.9963 0.0399
vn 0.0760 0.9963 0.0399
vn 0.0760 0.9963 -0.0399
vn 0.0172 0.9963 -0.0841
vn -0.0905 0.9669 -0.2386
vn -0.1276 0.9669 -0.2210
vn 0.0710 0.9669 0.2451
vn 0.2039 0.9669 -0.1533
vn 0.1614 0.9669 -0.1976
vn -0.4047 0.9090 -0.0998
vn -0.3834 0.9090 0.1634
vn 0.4047 0.9090 -0.0998
vn 0.1666 -0.0871 -0.9822
vn 0.4377 -0.0871 -0.8949
vn 0.5407 -0.0871 -0.8367
vn 0.6730 -0.0871 -0.7345
vn 0.7554 -0.0871 -0.6495
vn 0.9083 -0.0871 -0.4092
vn 0.9504 -0.0872 -0.2985
vn 0.9870 -0.0871 -0.1354
vn 0.9960 -0.0872 -0.0174
vn 0.9849 -0.0870 0.1494
vn 0.9603 -0.0871 0.2652
vn 0.8460 -0.0871 0.5261
vn 0.7776 -0.0871 0.6227
vn 0.6625 -0.0871 0.7439
vn 0.5696 -0.0871 0.8173
vn 0.4249 -0.0871 0.9010
vn 0.3151 -0.0872 0.9451
vn 0.0348 -0.0872 0.9956
vn -0.0836 -0.0872 0.9927
vn -0.2484 -0.0870 0.9647
vn -0.3611 -0.0871 0.9285
vn -0.4687 -0.0872 0.8791
vn -0.6090 -0.0871 0.7883
vn -0.8072 -0.0871 0.5838
vn -0.8708 -0.0871 0.4839
vn -0.9394 -0.0871 0.3315
vn -0.9721 -0.0871 0.2177
vn -0.9940 -0.0871 -0.0662
vn -0.9791 -0.0872 -0.1837
vn -0.9346 -0.0871 -0.3448
vn -0.8871 -0.0871 -0.4532
vn -0.7989 -0.0871 -0.5952
vn -0.7226 -0.0871 -0.6857
vn -0.4990 -0.0871 -0.8622
vn -0.3932 -0.0872 -0.9153
vn -0.2347 -0.0871 -0.9682
vn -0.1182 -0.0871 -0.9892
vn 0.0680 -0.8191 -0.5696
vn 0.1352 -0.8189 -0.5578
vn 0.2264 -0.8191 -0.5270
vn 0.2874 -0.8190 -0.4966
vn 0.3663 -0.8192 -0.4414
vn 0.4603 -0.8189 -0.3429
vn 0.5108 -0.8191 -0.2610
vn 0.5384 -0.8189 -0.1986
vn 0.5638 -0.8191 -0.1058
vn 0.5725 -0.8190 -0.0382
vn 0.5706 -0.8192 0.0581
vn 0.5412 -0.8189 0.1910
vn 0.5014 -0.8191 0.2786
vn 0.4650 -0.8190 0.3363
vn 0.4020 -0.8191 0.4091
vn 0.3507 -0.8191 0.4540
vn 0.2698 -0.8191 0.5062
vn 0.1431 -0.8189 0.5558
vn 0.0481 -0.8191 0.5716
vn -0.0200 -0.8190 0.5735
vn -0.1156 -0.8191 0.5618
vn -0.2449 -0.8188 0.5192
vn -0.3280 -0.8191 0.4706
vn -0.3817 -0.8189 0.4286
vn -0.4477 -0.8191 0.3585
vn -0.4873 -0.8190 0.3030
vn -0.5309 -0.8192 0.2172
vn -0.5675 -0.8189 0.0861
vn -0.5735 -0.8191 -0.0100
vn -0.5685 -0.8190 -0.0780
vn -0.5472 -0.8191 -0.1719
vn -0.5231 -0.8190 -0.2357
vn -0.4762 -0.8192 -0.3197
vn -0.3878 -0.8189 -0.4232
vn -0.3114 -0.8191 -0.4818
vn -0.2521 -0.8190 -0.5155
vn -0.1623 -0.8191 -0.5501
vn -0.1507 -0.7685 -0.6219
vn -0.4746 -0.8061 -0.3536
vn -0.5756 -0.7921 0.2031
vn -0.1570 -0.7767 0.6100
vn 0.2486 -0.8126 0.5271
vn 0.5942 -0.7992 0.0901
vn 0.4189 -0.7846 -0.4571
vn -0.3663 -0.8191 -0.4414
vn -0.4127 -0.7889 -0.4553
vn -0.4752 -0.7067 -0.5243
vn -0.5503 -0.5731 -0.6072
vn -0.6088 -0.4222 -0.6717
vn -0.6487 -0.2585 -0.7158
vn -0.5706 -0.8192 0.0581
vn -0.5926 -0.8007 0.0879
vn -0.6999 -0.7067 0.1038
vn -0.8106 -0.5731 0.1202
vn -0.8967 -0.4222 0.1330
vn -0.9555 -0.2585 0.1417
vn -0.4020 -0.8191 0.4091
vn -0.4267 -0.7721 0.4708
vn -0.4752 -0.7067 0.5243
vn -0.5503 -0.5731 0.6072
vn -0.6088 -0.4222 0.6717
vn -0.6487 -0.2586 0.7158
vn -0.6487 -0.2585 0.7158
vn 0.1156 -0.8191 0.5618
vn 0.1511 -0.7831 0.6032
vn 0.1719 -0.7067 0.6863
vn 0.1991 -0.5731 0.7949
vn 0.2203 -0.4222 0.8794
vn 0.2203 -0.4222 0.8793
vn 0.2347 -0.2585 0.9371
vn 0.2347 -0.2586 0.9370
vn 0.5309 -0.8191 0.2172
vn 0.5715 -0.7947 0.2045
vn 0.6662 -0.7067 0.2384
vn 0.7716 -0.5731 0.2761
vn 0.8535 -0.4222 0.3054
vn 0.9095 -0.2585 0.3254
vn 0.4762 -0.8192 -0.3197
vn 0.4747 -0.8067 -0.3520
vn 0.5683 -0.7067 -0.4215
vn 0.6582 -0.5731 -0.4882
vn 0.7281 -0.4222 -0.5400
vn 0.7759 -0.2585 -0.5754
vn 0.1623 -0.8191 -0.5502
vn 0.1528 -0.7776 -0.6100
vn 0.1719 -0.7067 -0.6863
vn 0.1991 -0.5731 -0.7949
vn 0.2203 -0.4222 -0.8793
vn 0.2347 -0.2585 -0.9371
vn -0.0282 -0.8188 -0.5733
vn -0.0282 -0.8188 -0.5734
vn -0.0347 -0.7067 -0.7067
vn -0.0402 -0.5731 -0.8185
vn -0.0445 -0.4222 -0.9054
vn -0.0474 -0.2585 -0.9648
vn -0.0489 -0.0870 -0.9950
vn -0.0489 -0.0871 -0.9950
vn -0.0680 -0.8191 -0.5696
vn -0.1000 -0.7318 -0.6742
vn -0.1038 -0.7067 -0.6999
vn -0.1202 -0.5731 -0.8106
vn -0.1330 -0.4222 -0.8967
vn -0.1417 -0.2585 -0.9555
vn -0.1408 -0.2819 -0.9491
vn -0.1666 -0.0871 -0.9822
vn -0.2819 -0.0872 -0.9555
vn -0.2383 -0.1947 -0.9515
vn -0.2347 -0.2585 -0.9371
vn -0.2203 -0.4222 -0.8793
vn -0.1991 -0.5731 -0.7949
vn -0.1719 -0.7067 -0.6863
vn -0.1395 -0.8188 -0.5568
vn -0.0959 -0.8190 -0.5657
vn -0.1934 -0.8188 -0.5405
vn -0.2384 -0.7067 -0.6662
vn -0.2761 -0.5731 -0.7716
vn -0.3054 -0.4222 -0.8535
vn -0.3254 -0.2585 -0.9095
vn -0.3356 -0.0871 -0.9380
vn -0.2264 -0.8191 -0.5270
vn -0.2814 -0.7528 -0.5950
vn -0.3025 -0.7067 -0.6396
vn -0.3504 -0.5731 -0.7408
vn -0.3876 -0.4222 -0.8195
vn -0.4130 -0.2585 -0.8733
vn -0.4145 -0.2451 -0.8764
vn -0.4377 -0.0871 -0.8949
vn -0.5407 -0.0871 -0.8367
vn -0.4965 -0.2595 -0.8283
vn -0.4966 -0.2585 -0.8286
vn -0.4660 -0.4222 -0.7775
vn -0.4213 -0.5731 -0.7029
vn -0.3637 -0.7067 -0.6069
vn -0.3430 -0.7449 -0.5722
vn -0.2874 -0.8190 -0.4966
vn -0.3420 -0.8188 -0.4611
vn -0.4215 -0.7067 -0.5683
vn -0.4882 -0.5731 -0.6582
vn -0.5400 -0.4222 -0.7281
vn -0.5755 -0.2585 -0.7759
vn -0.5754 -0.2585 -0.7759
vn -0.5934 -0.0871 -0.8002
vn -0.6690 -0.0871 -0.7381
vn -0.6647 -0.1785 -0.7254
vn -0.6362 -0.0872 -0.7666
vn -0.7554 -0.0871 -0.6495
vn -0.7101 -0.2856 -0.6436
vn -0.7158 -0.2585 -0.6487
vn -0.6717 -0.4222 -0.6088
vn -0.6072 -0.5731 -0.5503
vn -0.5243 -0.7067 -0.4752
vn -0.5068 -0.7295 -0.4593
vn -0.4161 -0.8191 -0.3949
vn -0.8271 -0.0872 -0.5553
vn -0.7972 -0.1224 -0.5912
vn -0.7759 -0.2585 -0.5755
vn -0.7759 -0.2585 -0.5754
vn -0.7281 -0.4222 -0.5400
vn -0.6582 -0.5731 -0.4882
vn -0.5683 -0.7067 -0.4215
vn -0.4611 -0.8188 -0.3420
vn -0.4350 -0.8191 -0.3740
vn -0.4924 -0.8188 -0.2951
vn -0.6069 -0.7067 -0.3637
vn -0.7029 -0.5731 -0.4213
vn -0.7775 -0.4222 -0.4660
vn -0.8286 -0.2585 -0.4966
vn -0.8545 -0.0871 -0.5122
vn -0.8545 -0.0870 -0.5121
vn -0.5108 -0.8191 -0.2610
vn -0.6122 -0.7358 -0.2895
vn -0.6396 -0.7067 -0.3025
vn -0.7408 -0.5731 -0.3504
vn -0.8195 -0.4222 -0.3876
vn -0.8733 -0.2585 -0.4130
vn -0.8691 -0.2753 -0.4110
vn -0.9083 -0.0871 -0.4092
vn -0.9504 -0.0872 -0.2985
vn -0.9190 -0.2174 -0.3288
vn -0.9095 -0.2585 -0.3254
vn -0.8535 -0.4222 -0.3054
vn -0.7716 -0.5731 -0.2761
vn -0.6662 -0.7067 -0.2384
vn -0.6042 -0.7669 -0.2162
vn -0.5384 -0.8189 -0.1986
vn -0.5568 -0.8188 -0.1395
vn -0.6863 -0.7067 -0.1719
vn -0.7949 -0.5731 -0.1991
vn -0.8793 -0.4222 -0.2203
vn -0.9371 -0.2585 -0.2347
vn -0.9663 -0.0871 -0.2421
vn -0.9664 -0.0870 -0.2421
vn -0.5638 -0.8191 -0.1058
vn -0.6406 -0.7620 -0.0950
vn -0.6999 -0.7067 -0.1038
vn -0.8106 -0.5731 -0.1202
vn -0.8967 -0.4222 -0.1330
vn -0.9555 -0.2585 -0.1417
vn -0.9632 -0.2275 -0.1429
vn -0.9870 -0.0871 -0.1354
vn -0.9960 -0.0871 -0.0174
vn -0.9615 -0.2708 -0.0472
vn -0.9648 -0.2585 -0.0474
vn -0.9054 -0.4222 -0.0445
vn -0.8185 -0.5731 -0.0402
vn -0.7067 -0.7067 -0.0347
vn -0.6735 -0.7385 -0.0331
vn -0.5725 -0.8190 -0.0382
vn -0.5733 -0.8188 0.0282
vn -0.5734 -0.8188 0.0282
vn -0.7067 -0.7067 0.0347
vn -0.8185 -0.5731 0.0402
vn -0.9054 -0.4222 0.0445
vn -0.9648 -0.2585 0.0474
vn -0.9950 -0.0870 0.0489
vn -0.9950 -0.0871 0.0489
vn -0.9854 -0.0870 0.1462
vn -0.9786 -0.1423 0.1484
vn -0.9911 -0.0872 0.1009
vn -0.5598 -0.8191 0.1254
vn -0.6639 -0.7291 0.1663
vn -0.6863 -0.7067 0.1719
vn -0.7949 -0.5731 0.1991
vn -0.8793 -0.4222 0.2203
vn -0.9371 -0.2585 0.2347
vn -0.9294 -0.2863 0.2328
vn -0.9603 -0.0871 0.2652
vn -0.9220 -0.0872 0.3772
vn -0.9303 -0.1540 0.3329
vn -0.9095 -0.2585 0.3254
vn -0.8535 -0.4222 0.3054
vn -0.7716 -0.5731 0.2761
vn -0.6662 -0.7067 0.2384
vn -0.5405 -0.8188 0.1934
vn -0.5530 -0.8191 0.1527
vn -0.5189 -0.8188 0.2454
vn -0.6396 -0.7067 0.3025
vn -0.7408 -0.5731 0.3504
vn -0.8195 -0.4222 0.3876
vn -0.8733 -0.2585 0.4130
vn -0.9006 -0.0871 0.4259
vn -0.9006 -0.0870 0.4259
vn -0.5014 -0.8191 0.2787
vn -0.5755 -0.7415 0.3449
vn -0.6069 -0.7067 0.3637
vn -0.7029 -0.5731 0.4213
vn -0.7775 -0.4222 0.4660
vn -0.8286 -0.2585 0.4966
vn -0.8269 -0.2655 0.4956
vn -0.8460 -0.0871 0.5261
vn -0.7776 -0.0872 0.6227
vn -0.7804 -0.2368 0.5788
vn -0.7759 -0.2585 0.5755
vn -0.7759 -0.2585 0.5754
vn -0.7281 -0.4222 0.5400
vn -0.6582 -0.5731 0.4882
vn -0.5683 -0.7067 0.4215
vn -0.5246 -0.7573 0.3891
vn -0.4650 -0.8190 0.3363
vn -0.4253 -0.8188 0.3855
vn -0.5243 -0.7067 0.4752
vn -0.6072 -0.5731 0.5503
vn -0.6717 -0.4222 0.6088
vn -0.7158 -0.2585 0.6487
vn -0.7381 -0.0871 0.6690
vn -0.7381 -0.0870 0.6690
vn -0.6690 -0.0871 0.7381
vn -0.6470 -0.2313 0.7265
vn -0.6982 -0.0872 0.7105
vn -0.5696 -0.0871 0.8173
vn -0.5721 -0.2790 0.7713
vn -0.5754 -0.2585 0.7759
vn -0.5754 -0.2586 0.7759
vn -0.5400 -0.4222 0.7281
vn -0.4882 -0.5731 0.6582
vn -0.4215 -0.7067 0.5683
vn -0.4048 -0.7336 0.5459
vn -0.3507 -0.8190 0.4540
vn -0.2951 -0.8188 0.4924
vn -0.3637 -0.7067 0.6069
vn -0.4213 -0.5731 0.7029
vn -0.4660 -0.4222 0.7775
vn -0.4966 -0.2585 0.8286
vn -0.4966 -0.2586 0.8286
vn -0.5122 -0.0870 0.8545
vn -0.5121 -0.0871 0.8545
vn -0.4249 -0.0871 0.9010
vn -0.4252 -0.1052 0.8990
vn -0.4130 -0.2585 0.8733
vn -0.3876 -0.4222 0.8195
vn -0.3504 -0.5731 0.7408
vn -0.3025 -0.7067 0.6396
vn -0.2491 -0.8128 0.5267
vn -0.2698 -0.8192 0.5061
vn -0.2079 -0.8191 0.5347
vn -0.2301 -0.7304 0.6431
vn -0.2384 -0.7067 0.6662
vn -0.2383 -0.7067 0.6661
vn -0.2761 -0.5731 0.7716
vn -0.3054 -0.4222 0.8535
vn -0.3254 -0.2585 0.9095
vn -0.3230 -0.2841 0.9027
vn -0.3151 -0.0872 0.9451
vn -0.2007 -0.0872 0.9758
vn -0.2389 -0.1820 0.9538
vn -0.2347 -0.2586 0.9370
vn -0.2347 -0.2585 0.9370
vn -0.2203 -0.4222 0.8793
vn -0.1991 -0.5731 0.7949
vn -0.1719 -0.7067 0.6863
vn -0.1395 -0.8188 0.5568
vn -0.1814 -0.8191 0.5442
vn -0.0842 -0.8188 0.5678
vn -0.1038 -0.7067 0.6999
vn -0.1202 -0.5732 0.8106
vn -0.1202 -0.5731 0.8106
vn -0.1330 -0.4222 0.8967
vn -0.1417 -0.2585 0.9555
vn -0.1417 -0.2585 0.9556
vn -0.1462 -0.0871 0.9854
vn -0.1462 -0.0870 0.9854
vn -0.0481 -0.8191 0.5716
vn -0.0325 -0.7487 0.6621
vn -0.0347 -0.7067 0.7067
vn -0.0402 -0.5731 0.8185
vn -0.0445 -0.4222 0.9054
vn -0.0474 -0.2586 0.9648
vn -0.0474 -0.2585 0.9648
vn -0.0475 -0.2527 0.9664
vn -0.0348 -0.0872 0.9956
vn 0.0836 -0.0871 0.9927
vn 0.0475 -0.2528 0.9664
vn 0.0474 -0.2585 0.9649
vn 0.0474 -0.2585 0.9648
vn 0.0445 -0.4222 0.9054
vn 0.0402 -0.5731 0.8185
vn 0.0347 -0.7067 0.7067
vn 0.0347 -0.7067 0.7066
vn 0.0325 -0.7487 0.6621
vn 0.0200 -0.8190 0.5735
vn 0.0842 -0.8188 0.5678
vn 0.1038 -0.7067 0.6999
vn 0.1202 -0.5731 0.8106
vn 0.1330 -0.4222 0.8967
vn 0.1417 -0.2585 0.9555
vn 0.1417 -0.2585 0.9556
vn 0.1462 -0.0871 0.9854
vn 0.1462 -0.0870 0.9854
vn 0.2421 -0.0870 0.9664
vn 0.2445 -0.1963 0.9496
vn 0.2007 -0.0872 0.9758
vn 0.3611 -0.0872 0.9285
vn 0.3230 -0.2841 0.9027
vn 0.3254 -0.2585 0.9095
vn 0.3054 -0.4222 0.8535
vn 0.2761 -0.5731 0.7715
vn 0.2761 -0.5731 0.7716
vn 0.2384 -0.7067 0.6662
vn 0.2301 -0.7304 0.6431
vn 0.1814 -0.8191 0.5443
vn 0.4686 -0.0872 0.8791
vn 0.4252 -0.1052 0.8990
vn 0.4130 -0.2585 0.8733
vn 0.3876 -0.4222 0.8195
vn 0.3504 -0.5731 0.7408
vn 0.3025 -0.7067 0.6396
vn 0.2454 -0.8188 0.5189
vn 0.2079 -0.8191 0.5347
vn 0.2951 -0.8188 0.4924
vn 0.3637 -0.7067 0.6069
vn 0.3638 -0.7067 0.6069
vn 0.4213 -0.5732 0.7029
vn 0.4213 -0.5731 0.7029
vn 0.4660 -0.4222 0.7775
vn 0.4966 -0.2585 0.8286
vn 0.4966 -0.2586 0.8286
vn 0.5122 -0.0870 0.8545
vn 0.5121 -0.0871 0.8545
vn 0.3280 -0.8191 0.4706
vn 0.4048 -0.7336 0.5458
vn 0.4215 -0.7067 0.5683
vn 0.4882 -0.5731 0.6582
vn 0.4881 -0.5731 0.6582
vn 0.5400 -0.4222 0.7281
vn 0.5754 -0.2585 0.7759
vn 0.5720 -0.2790 0.7713
vn 0.6090 -0.0871 0.7884
vn 0.6982 -0.0872 0.7105
vn 0.6571 -0.2065 0.7250
vn 0.6487 -0.2585 0.7158
vn 0.6088 -0.4222 0.6717
vn 0.5503 -0.5731 0.6072
vn 0.5503 -0.5732 0.6072
vn 0.4752 -0.7067 0.5243
vn 0.4267 -0.7722 0.4708
vn 0.3817 -0.8189 0.4286
vn 0.4253 -0.8188 0.3855
vn 0.5242 -0.7067 0.4751
vn 0.5243 -0.7067 0.4752
vn 0.6072 -0.5731 0.5503
vn 0.6717 -0.4222 0.6088
vn 0.7158 -0.2585 0.6487
vn 0.7158 -0.2586 0.6487
vn 0.7381 -0.0871 0.6690
vn 0.7381 -0.0870 0.6690
vn 0.4477 -0.8192 0.3585
vn 0.5246 -0.7573 0.3891
vn 0.5683 -0.7067 0.4215
vn 0.6582 -0.5731 0.4882
vn 0.7281 -0.4222 0.5400
vn 0.7759 -0.2585 0.5754
vn 0.7804 -0.2368 0.5788
vn 0.8072 -0.0871 0.5838
vn 0.8708 -0.0871 0.4839
vn 0.8269 -0.2656 0.4956
vn 0.8286 -0.2585 0.4966
vn 0.7775 -0.4222 0.4660
vn 0.7029 -0.5731 0.4213
vn 0.6069 -0.7067 0.3637
vn 0.5755 -0.7415 0.3449
vn 0.4873 -0.8190 0.3030
vn 0.5189 -0.8188 0.2454
vn 0.6396 -0.7067 0.3025
vn 0.7408 -0.5731 0.3504
vn 0.8195 -0.4222 0.3876
vn 0.8733 -0.2585 0.4130
vn 0.9006 -0.0870 0.4259
vn 0.9006 -0.0871 0.4259
vn 0.9380 -0.0871 0.3356
vn 0.9308 -0.1605 0.3285
vn 0.9220 -0.0872 0.3772
vn 0.9721 -0.0871 0.2177
vn 0.9294 -0.2863 0.2328
vn 0.9371 -0.2585 0.2347
vn 0.8793 -0.4222 0.2203
vn 0.7949 -0.5731 0.1991
vn 0.6863 -0.7067 0.1719
vn 0.6639 -0.7291 0.1663
vn 0.5530 -0.8191 0.1527
vn 0.9911 -0.0872 0.1009
vn 0.9796 -0.1387 0.1453
vn 0.9555 -0.2585 0.1417
vn 0.8967 -0.4222 0.1330
vn 0.8106 -0.5731 0.1202
vn 0.6999 -0.7067 0.1038
vn 0.5678 -0.8188 0.0842
vn 0.5598 -0.8191 0.1254
vn 0.5734 -0.8188 0.0282
vn 0.7067 -0.7067 0.0347
vn 0.8185 -0.5731 0.0402
vn 0.9054 -0.4222 0.0445
vn 0.9648 -0.2585 0.0474
vn 0.9950 -0.0871 0.0489
vn 0.5736 -0.8191 -0.0100
vn 0.6735 -0.7385 -0.0331
vn 0.7067 -0.7067 -0.0347
vn 0.8185 -0.5731 -0.0402
vn 0.9054 -0.4222 -0.0445
vn 0.9648 -0.2585 -0.0474
vn 0.9615 -0.2708 -0.0472
vn 0.9940 -0.0871 -0.0662
vn 0.9791 -0.0871 -0.1837
vn 0.9632 -0.2275 -0.1429
vn 0.9555 -0.2585 -0.1417
vn 0.8967 -0.4222 -0.1330
vn 0.8106 -0.5731 -0.1202
vn 0.6999 -0.7067 -0.1038
vn 0.6406 -0.7620 -0.0950
vn 0.5685 -0.8189 -0.0780
vn 0.5568 -0.8188 -0.1395
vn 0.6863 -0.7067 -0.1719
vn 0.7949 -0.5731 -0.1991
vn 0.8793 -0.4222 -0.2203
vn 0.9370 -0.2585 -0.2347
vn 0.9371 -0.2585 -0.2347
vn 0.9664 -0.0870 -0.2421
vn 0.5472 -0.8191 -0.1719
vn 0.6042 -0.7669 -0.2162
vn 0.6662 -0.7067 -0.2384
vn 0.7716 -0.5731 -0.2761
vn 0.8535 -0.4222 -0.3054
vn 0.9095 -0.2585 -0.3254
vn 0.9190 -0.2175 -0.3288
vn 0.9346 -0.0871 -0.3448
vn 0.8871 -0.0871 -0.4532
vn 0.8691 -0.2753 -0.4110
vn 0.8733 -0.2585 -0.4130
vn 0.8195 -0.4222 -0.3876
vn 0.7408 -0.5731 -0.3504
vn 0.6396 -0.7067 -0.3025
vn 0.6122 -0.7358 -0.2895
vn 0.5231 -0.8190 -0.2356
vn 0.4924 -0.8188 -0.2951
vn 0.6069 -0.7067 -0.3637
vn 0.7029 -0.5731 -0.4213
vn 0.7775 -0.4222 -0.4660
vn 0.8286 -0.2585 -0.4966
vn 0.8545 -0.0870 -0.5122
vn 0.8545 -0.0871 -0.5121
vn 0.8002 -0.0870 -0.5934
vn 0.7957 -0.1240 -0.5928
vn 0.8271 -0.0872 -0.5553
vn 0.4350 -0.8191 -0.3740
vn 0.5068 -0.7295 -0.4593
vn 0.5243 -0.7067 -0.4752
vn 0.6072 -0.5731 -0.5503
vn 0.6717 -0.4222 -0.6088
vn 0.7158 -0.2585 -0.6487
vn 0.7101 -0.2856 -0.6436
vn 0.7226 -0.0871 -0.6857
vn 0.6362 -0.0872 -0.7666
vn 0.6620 -0.1685 -0.7304
vn 0.6487 -0.2585 -0.7158
vn 0.6088 -0.4222 -0.6717
vn 0.5503 -0.5731 -0.6072
vn 0.4752 -0.7067 -0.5243
vn 0.3855 -0.8188 -0.4253
vn 0.4162 -0.8191 -0.3949
vn 0.3420 -0.8188 -0.4611
vn 0.4215 -0.7067 -0.5683
vn 0.4882 -0.5731 -0.6582
vn 0.5400 -0.4222 -0.7281
vn 0.5754 -0.2585 -0.7759
vn 0.5934 -0.0871 -0.8002
vn 0.3114 -0.8191 -0.4818
vn 0.3430 -0.7449 -0.5722
vn 0.3637 -0.7067 -0.6069
vn 0.4213 -0.5731 -0.7029
vn 0.4660 -0.4222 -0.7775
vn 0.4966 -0.2585 -0.8286
vn 0.4965 -0.2595 -0.8283
vn 0.4990 -0.0871 -0.8622
vn 0.3932 -0.0871 -0.9153
vn 0.4145 -0.2452 -0.8764
vn 0.4130 -0.2585 -0.8733
vn 0.3876 -0.4222 -0.8195
vn 0.3504 -0.5731 -0.7408
vn 0.3025 -0.7067 -0.6396
vn 0.2814 -0.7528 -0.5950
vn 0.2521 -0.8190 -0.5155
vn 0.1934 -0.8188 -0.5405
vn 0.2384 -0.7067 -0.6662
vn 0.2761 -0.5731 -0.7716
vn 0.3054 -0.4222 -0.8535
vn 0.3254 -0.2585 -0.9095
vn 0.3356 -0.0870 -0.9380
vn 0.3356 -0.0871 -0.9380
vn 0.2421 -0.0870 -0.9663
vn 0.2301 -0.2139 -0.9494
vn 0.2819 -0.0872 -0.9555
vn 0.1182 -0.0871 -0.9892
vn 0.1408 -0.2819 -0.9491
vn 0.1417 -0.2585 -0.9555
vn 0.1330 -0.4222 -0.8967
vn 0.1202 -0.5731 -0.8106
vn 0.1038 -0.7067 -0.6999
vn 0.1000 -0.7318 -0.6742
vn 0.0959 -0.8190 -0.5657
vn 0.0282 -0.8188 -0.5734
vn 0.0282 -0.8188 -0.5733
vn 0.0347 -0.7067 -0.7067
vn 0.0402 -0.5731 -0.8185
vn 0.0445 -0.4222 -0.9054
vn 0.0474 -0.2585 -0.9648
vn 0.0489 -0.0871 -0.9950
vn 0.0489 -0.0870 -0.9950
vn -0.2029 0.0714 -0.9766
vn -0.2212 -0.0871 -0.9713
vn -0.3050 -0.0871 -0.9484
vn -0.3329 0.1077 -0.9368
vn -0.3689 -0.0871 -0.9254
vn -0.4583 -0.0870 -0.8845
vn -0.4495 0.0447 -0.8922
vn -0.5079 -0.0871 -0.8570
vn -0.5745 -0.0870 -0.8139
vn -0.6346 -0.0872 -0.7679
vn -0.6825 -0.0091 -0.7308
vn -0.6855 -0.0870 -0.7229
vn -0.7459 -0.0871 -0.6604
vn -0.7718 0.1005 -0.6279
vn -0.7892 -0.0871 -0.6079
vn -0.8391 -0.0871 -0.5369
vn -0.8511 0.0884 -0.5176
vn -0.8739 -0.0871 -0.4783
vn -0.9137 -0.0870 -0.3969
vn -0.9148 -0.0432 -0.4015
vn -0.9374 -0.0872 -0.3372
vn -0.9593 -0.0870 -0.2688
vn -0.9593 -0.0869 -0.2688
vn -0.9783 -0.0871 -0.1879
vn -0.9895 0.0495 -0.1360
vn -0.9889 -0.0870 -0.1207
vn -0.9956 -0.0871 -0.0340
vn -0.9939 0.1101 -0.0000
vn -0.9956 -0.0871 0.0340
vn -0.9869 -0.0869 0.1356
vn -0.9888 0.0884 0.1206
vn -0.9783 -0.0871 0.1879
vn -0.9593 -0.0869 0.2688
vn -0.9593 -0.0870 0.2688
vn -0.9374 -0.0872 0.3372
vn -0.9163 -0.0457 0.3980
vn -0.9122 -0.0870 0.4004
vn -0.8738 -0.0871 0.4783
vn -0.8511 0.0884 0.5176
vn -0.8392 -0.0871 0.5368
vn -0.7892 -0.0871 0.6080
vn -0.7718 0.1005 0.6279
vn -0.7459 -0.0872 0.6604
vn -0.6799 -0.0870 0.7281
vn -0.6881 0.0008 0.7256
vn -0.6346 -0.0872 0.7679
vn -0.5745 -0.0870 0.8139
vn -0.5079 -0.0872 0.8570
vn -0.4600 0.0228 0.8877
vn -0.4482 -0.0870 0.8897
vn -0.3689 -0.0871 0.9254
vn -0.3329 0.1076 0.9368
vn -0.3050 -0.0871 0.9484
vn -0.2212 -0.0871 0.9713
vn -0.2029 0.0715 0.9766
vn -0.1544 -0.0871 0.9842
vn -0.0680 -0.0869 0.9939
vn 0.0680 -0.0869 0.9939
vn 0.0680 -0.0870 0.9939
vn 0.1544 -0.0871 0.9842
vn 0.2029 0.0715 0.9766
vn 0.2212 -0.0871 0.9713
vn 0.3050 -0.0871 0.9484
vn 0.3329 0.1076 0.9368
vn 0.3689 -0.0871 0.9254
vn 0.4583 -0.0869 0.8845
vn 0.4495 0.0447 0.8922
vn 0.5079 -0.0872 0.8570
vn 0.5745 -0.0870 0.8139
vn 0.6346 -0.0872 0.7679
vn 0.6825 -0.0091 0.7308
vn 0.6854 -0.0870 0.7229
vn 0.7459 -0.0871 0.6604
vn 0.7718 0.1005 0.6279
vn 0.7892 -0.0871 0.6080
vn 0.8392 -0.0871 0.5368
vn 0.8511 0.0884 0.5176
vn 0.8738 -0.0871 0.4783
vn 0.9137 -0.0870 0.3969
vn 0.9148 -0.0432 0.4015
vn 0.9374 -0.0872 0.3371
vn 0.9593 -0.0870 0.2688
vn 0.9783 -0.0871 0.1878
vn 0.9895 0.0495 0.1360
vn 0.9889 -0.0870 0.1207
vn 0.9956 -0.0871 0.0340
vn 0.9939 0.1101 -0.0000
vn 0.9956 -0.0871 -0.0340
vn 0.9869 -0.0870 -0.1356
vn 0.9888 0.0884 -0.1206
vn 0.9783 -0.0871 -0.1878
vn 0.9593 -0.0869 -0.2688
vn 0.9593 -0.0870 -0.2688
vn 0.9374 -0.0872 -0.3371
vn 0.9162 -0.0457 -0.3980
vn 0.9122 -0.0870 -0.4003
vn 0.8739 -0.0871 -0.4783
vn 0.8511 0.0884 -0.5176
vn 0.8392 -0.0871 -0.5369
vn 0.7892 -0.0871 -0.6080
vn 0.7718 0.1005 -0.6279
vn 0.7459 -0.0871 -0.6604
vn 0.6800 -0.0869 -0.7281
vn 0.6881 0.0007 -0.7256
vn 0.6346 -0.0872 -0.7679
vn 0.5745 -0.0870 -0.8139
vn 0.5079 -0.0871 -0.8570
vn 0.4599 0.0227 -0.8877
vn 0.4482 -0.0870 -0.8897
vn 0.3689 -0.0871 -0.9254
vn 0.3329 0.1077 -0.9368
vn 0.3050 -0.0871 -0.9484
vn 0.2212 -0.0871 -0.9713
vn 0.2029 0.0714 -0.9766
vn 0.1544 -0.0871 -0.9842
vn 0.0680 -0.0869 -0.9939
vn -0.0680 -0.0869 -0.9939
vn -0.1544 -0.0871 -0.9842
vn 0.1966 -0.2582 -0.9459
vn 0.3235 -0.2582 -0.9103
vn 0.4445 -0.2582 -0.8578
vn 0.5571 -0.2582 -0.7893
vn 0.5571 -0.2582 -0.7892
vn 0.6594 -0.2582 -0.7061
vn 0.6594 -0.2583 -0.7060
vn 0.7494 -0.2583 -0.6097
vn 0.7494 -0.2582 -0.6097
vn 0.8254 -0.2582 -0.5020
vn 0.8255 -0.2582 -0.5019
vn 0.8861 -0.2582 -0.3849
vn 0.9302 -0.2583 -0.2607
vn 0.9303 -0.2582 -0.2606
vn 0.9571 -0.2582 -0.1316
vn 0.9571 -0.2582 -0.1315
vn 0.9661 -0.2582 -0.0000
vn 0.9571 -0.2582 0.1315
vn 0.9571 -0.2582 0.1316
vn 0.9303 -0.2582 0.2606
vn 0.9303 -0.2582 0.2607
vn 0.8861 -0.2582 0.3849
vn 0.8861 -0.2583 0.3849
vn 0.8254 -0.2583 0.5020
vn 0.8255 -0.2582 0.5019
vn 0.7494 -0.2582 0.6097
vn 0.7494 -0.2583 0.6097
vn 0.6594 -0.2583 0.7061
vn 0.6594 -0.2582 0.7060
vn 0.5571 -0.2582 0.7893
vn 0.4445 -0.2583 0.8578
vn 0.4445 -0.2582 0.8578
vn 0.3236 -0.2582 0.9103
vn 0.3235 -0.2582 0.9103
vn 0.1966 -0.2582 0.9459
vn 0.1966 -0.2583 0.9459
vn 0.0659 -0.2583 0.9638
vn 0.0659 -0.2582 0.9638
vn -0.0659 -0.2583 0.9638
vn -0.0659 -0.2582 0.9638
vn -0.1966 -0.2583 0.9459
vn -0.3235 -0.2582 0.9103
vn -0.3236 -0.2582 0.9103
vn -0.4445 -0.2583 0.8578
vn -0.4445 -0.2582 0.8578
vn -0.5571 -0.2582 0.7893
vn -0.6594 -0.2582 0.7061
vn -0.6594 -0.2583 0.7060
vn -0.7494 -0.2582 0.6097
vn -0.7494 -0.2583 0.6097
vn -0.8255 -0.2582 0.5019
vn -0.8254 -0.2583 0.5020
vn -0.8861 -0.2582 0.3849
vn -0.9302 -0.2583 0.2607
vn -0.9303 -0.2582 0.2606
vn -0.9571 -0.2583 0.1316
vn -0.9571 -0.2582 0.1315
vn -0.9661 -0.2582 -0.0000
vn -0.9571 -0.2583 -0.1316
vn -0.9571 -0.2582 -0.1315
vn -0.9303 -0.2582 -0.2606
vn -0.9303 -0.2583 -0.2607
vn -0.8861 -0.2582 -0.3849
vn -0.8254 -0.2583 -0.5020
vn -0.8255 -0.2582 -0.5019
vn -0.7494 -0.2583 -0.6097
vn -0.7494 -0.2582 -0.6097
vn -0.6594 -0.2583 -0.7061
vn -0.6594 -0.2582 -0.7060
vn -0.5571 -0.2582 -0.7893
vn -0.5571 -0.2582 -0.7892
vn -0.4445 -0.2582 -0.8578
vn -0.3235 -0.2582 -0.9103
vn -0.1966 -0.2582 -0.9459
vn -0.0659 -0.2583 -0.9638
vn 0.0659 -0.2583 -0.9638
vn 0.1845 -0.4218 -0.8877
vn 0.3036 -0.4218 -0.8543
vn 0.4171 -0.4218 -0.8050
vn 0.5229 -0.4218 -0.7407
vn 0.5228 -0.4218 -0.7407
vn 0.6189 -0.4218 -0.6626
vn 0.7033 -0.4218 -0.5722
vn 0.7747 -0.4218 -0.4711
vn 0.8316 -0.4218 -0.3612
vn 0.8731 -0.4218 -0.2446
vn 0.8982 -0.4218 -0.1235
vn 0.9067 -0.4218 -0.0000
vn 0.8982 -0.4218 0.1235
vn 0.8731 -0.4218 0.2446
vn 0.8730 -0.4218 0.2446
vn 0.8316 -0.4218 0.3612
vn 0.7747 -0.4218 0.4711
vn 0.7033 -0.4218 0.5722
vn 0.6189 -0.4218 0.6626
vn 0.5229 -0.4218 0.7407
vn 0.5228 -0.4218 0.7407
vn 0.4171 -0.4218 0.8050
vn 0.3036 -0.4219 0.8543
vn 0.3036 -0.4218 0.8543
vn 0.1845 -0.4218 0.8877
vn 0.0619 -0.4218 0.9046
vn -0.0619 -0.4219 0.9046
vn -0.0619 -0.4218 0.9046
vn -0.1845 -0.4218 0.8877
vn -0.1844 -0.4218 0.8877
vn -0.3036 -0.4219 0.8543
vn -0.3036 -0.4218 0.8543
vn -0.4172 -0.4218 0.8050
vn -0.4171 -0.4218 0.8050
vn -0.5229 -0.4218 0.7407
vn -0.5228 -0.4218 0.7407
vn -0.6189 -0.4218 0.6626
vn -0.7033 -0.4218 0.5722
vn -0.7747 -0.4218 0.4711
vn -0.8316 -0.4218 0.3612
vn -0.8730 -0.4218 0.2446
vn -0.8731 -0.4218 0.2446
vn -0.8982 -0.4218 0.1235
vn -0.9067 -0.4218 -0.0000
vn -0.8982 -0.4218 -0.1235
vn -0.8731 -0.4218 -0.2446
vn -0.8316 -0.4218 -0.3612
vn -0.7747 -0.4218 -0.4711
vn -0.7033 -0.4218 -0.5722
vn -0.6189 -0.4218 -0.6626
vn -0.5229 -0.4218 -0.7407
vn -0.4171 -0.4218 -0.8050
vn -0.3036 -0.4218 -0.8543
vn -0.1845 -0.4218 -0.8877
vn -0.0619 -0.4218 -0.9046
vn 0.0619 -0.4218 -0.9046
vn 0.1668 -0.5727 -0.8026
vn 0.1668 -0.5727 -0.8027
vn 0.2745 -0.5727 -0.7725
vn 0.3772 -0.5727 -0.7279
vn 0.4727 -0.5727 -0.6698
vn 0.4728 -0.5726 -0.6697
vn 0.5596 -0.5726 -0.5991
vn 0.5595 -0.5727 -0.5991
vn 0.6359 -0.5727 -0.5174
vn 0.6359 -0.5727 -0.5173
vn 0.7004 -0.5727 -0.4260
vn 0.7004 -0.5727 -0.4259
vn 0.7519 -0.5727 -0.3266
vn 0.7894 -0.5727 -0.2212
vn 0.8122 -0.5726 -0.1116
vn 0.8121 -0.5727 -0.1116
vn 0.8198 -0.5726 -0.0000
vn 0.8198 -0.5727 -0.0000
vn 0.8121 -0.5727 0.1116
vn 0.8122 -0.5727 0.1116
vn 0.7894 -0.5726 0.2212
vn 0.7894 -0.5727 0.2212
vn 0.7519 -0.5726 0.3266
vn 0.7519 -0.5727 0.3266
vn 0.7004 -0.5727 0.4260
vn 0.7004 -0.5727 0.4259
vn 0.6359 -0.5727 0.5174
vn 0.5595 -0.5727 0.5991
vn 0.5596 -0.5726 0.5991
vn 0.4727 -0.5727 0.6697
vn 0.4728 -0.5726 0.6697
vn 0.3772 -0.5727 0.7279
vn 0.2745 -0.5727 0.7724
vn 0.1668 -0.5727 0.8026
vn 0.0559 -0.5726 0.8179
vn 0.0559 -0.5727 0.8178
vn -0.0559 -0.5726 0.8179
vn -0.0559 -0.5727 0.8179
vn -0.1668 -0.5727 0.8026
vn -0.2745 -0.5727 0.7724
vn -0.2745 -0.5727 0.7725
vn -0.3772 -0.5727 0.7279
vn -0.4727 -0.5727 0.6697
vn -0.4728 -0.5727 0.6697
vn -0.5595 -0.5727 0.5992
vn -0.5596 -0.5727 0.5991
vn -0.6359 -0.5727 0.5174
vn -0.6359 -0.5727 0.5173
vn -0.7004 -0.5727 0.4260
vn -0.7004 -0.5727 0.4259
vn -0.7519 -0.5727 0.3266
vn -0.7894 -0.5727 0.2212
vn -0.8121 -0.5727 0.1116
vn -0.8122 -0.5727 0.1116
vn -0.8198 -0.5726 -0.0000
vn -0.8198 -0.5727 -0.0000
vn -0.8122 -0.5727 -0.1116
vn -0.8121 -0.5727 -0.1116
vn -0.7894 -0.5727 -0.2212
vn -0.7519 -0.5727 -0.3266
vn -0.7004 -0.5727 -0.4260
vn -0.7004 -0.5727 -0.4259
vn -0.6359 -0.5727 -0.5174
vn -0.6359 -0.5727 -0.5173
vn -0.5595 -0.5727 -0.5992
vn -0.5596 -0.5727 -0.5991
vn -0.4727 -0.5727 -0.6698
vn -0.4728 -0.5727 -0.6697
vn -0.3772 -0.5727 -0.7279
vn -0.2745 -0.5727 -0.7725
vn -0.1668 -0.5726 -0.8027
vn -0.1668 -0.5727 -0.8026
vn -0.0559 -0.5726 -0.8179
vn -0.0559 -0.5727 -0.8179
vn 0.0559 -0.5727 -0.8179
vn 0.1440 -0.7063 -0.6931
vn 0.2371 -0.7063 -0.6670
vn 0.3257 -0.7063 -0.6285
vn 0.4082 -0.7063 -0.5784
vn 0.4832 -0.7063 -0.5174
vn 0.5491 -0.7063 -0.4468
vn 0.5492 -0.7063 -0.4468
vn 0.6048 -0.7063 -0.3678
vn 0.6049 -0.7063 -0.3678
vn 0.6493 -0.7063 -0.2820
vn 0.6816 -0.7063 -0.1910
vn 0.6817 -0.7063 -0.1910
vn 0.7014 -0.7062 -0.0964
vn 0.7013 -0.7063 -0.0964
vn 0.7079 -0.7063 -0.0000
vn 0.7014 -0.7063 0.0964
vn 0.7013 -0.7063 0.0964
vn 0.6817 -0.7063 0.1910
vn 0.6816 -0.7063 0.1910
vn 0.6494 -0.7063 0.2820
vn 0.6493 -0.7063 0.2821
vn 0.6049 -0.7062 0.3678
vn 0.6048 -0.7063 0.3678
vn 0.5492 -0.7063 0.4468
vn 0.4832 -0.7063 0.5174
vn 0.4831 -0.7063 0.5174
vn 0.4082 -0.7063 0.5783
vn 0.4082 -0.7063 0.5784
vn 0.3257 -0.7063 0.6285
vn 0.3257 -0.7063 0.6286
vn 0.2371 -0.7063 0.6670
vn 0.2371 -0.7063 0.6671
vn 0.1440 -0.7063 0.6931
vn 0.0483 -0.7063 0.7063
vn -0.0483 -0.7063 0.7063
vn -0.1440 -0.7063 0.6931
vn -0.2371 -0.7063 0.6671
vn -0.2371 -0.7063 0.6670
vn -0.3257 -0.7063 0.6285
vn -0.4082 -0.7063 0.5784
vn -0.4831 -0.7063 0.5174
vn -0.4832 -0.7063 0.5174
vn -0.5491 -0.7063 0.4468
vn -0.5492 -0.7063 0.4468
vn -0.6049 -0.7063 0.3678
vn -0.6048 -0.7063 0.3678
vn -0.6493 -0.7063 0.2820
vn -0.6816 -0.7063 0.1910
vn -0.7013 -0.7063 0.0964
vn -0.7014 -0.7062 0.0964
vn -0.7079 -0.7063 -0.0000
vn -0.7079 -0.7064 -0.0000
vn -0.7014 -0.7062 -0.0964
vn -0.7013 -0.7063 -0.0964
vn -0.6817 -0.7063 -0.1910
vn -0.6493 -0.7063 -0.2820
vn -0.6493 -0.7063 -0.2821
vn -0.6048 -0.7063 -0.3678
vn -0.6049 -0.7063 -0.3678
vn -0.5492 -0.7062 -0.4467
vn -0.5491 -0.7063 -0.4468
vn -0.4832 -0.7063 -0.5174
vn -0.4082 -0.7063 -0.5783
vn -0.4082 -0.7063 -0.5784
vn -0.3257 -0.7063 -0.6285
vn -0.3256 -0.7063 -0.6286
vn -0.2371 -0.7063 -0.6670
vn -0.1441 -0.7063 -0.6931
vn -0.1440 -0.7063 -0.6931
vn -0.0483 -0.7063 -0.7063
vn 0.0483 -0.7063 -0.7063
vn 0.1169 -0.8185 -0.5624
vn 0.1924 -0.8185 -0.5413
vn 0.2643 -0.8185 -0.5100
vn 0.3312 -0.8185 -0.4693
vn 0.3313 -0.8185 -0.4693
vn 0.3921 -0.8186 -0.4198
vn 0.3921 -0.8185 -0.4198
vn 0.4456 -0.8185 -0.3625
vn 0.4908 -0.8186 -0.2985
vn 0.4908 -0.8185 -0.2985
vn 0.5269 -0.8185 -0.2289
vn 0.5531 -0.8186 -0.1550
vn 0.5532 -0.8185 -0.1550
vn 0.5691 -0.8185 -0.0782
vn 0.5744 -0.8186 -0.0000
vn 0.5690 -0.8186 0.0782
vn 0.5692 -0.8185 0.0782
vn 0.5531 -0.8186 0.1550
vn 0.5532 -0.8185 0.1550
vn 0.5269 -0.8185 0.2289
vn 0.5269 -0.8185 0.2288
vn 0.4908 -0.8186 0.2985
vn 0.4908 -0.8185 0.2985
vn 0.4456 -0.8186 0.3625
vn 0.4457 -0.8185 0.3625
vn 0.3921 -0.8185 0.4198
vn 0.3313 -0.8185 0.4693
vn 0.2643 -0.8185 0.5101
vn 0.1924 -0.8186 0.5413
vn 0.1924 -0.8185 0.5413
vn 0.1169 -0.8185 0.5624
vn 0.0392 -0.8185 0.5731
vn -0.0392 -0.8186 0.5731
vn -0.0392 -0.8185 0.5731
vn -0.1169 -0.8185 0.5625
vn -0.1169 -0.8185 0.5624
vn -0.1924 -0.8185 0.5413
vn -0.1923 -0.8185 0.5413
vn -0.2642 -0.8186 0.5101
vn -0.2643 -0.8185 0.5101
vn -0.3312 -0.8185 0.4693
vn -0.3313 -0.8185 0.4693
vn -0.3921 -0.8186 0.4198
vn -0.3921 -0.8185 0.4198
vn -0.4456 -0.8185 0.3625
vn -0.4908 -0.8186 0.2985
vn -0.4908 -0.8185 0.2985
vn -0.5269 -0.8185 0.2289
vn -0.5531 -0.8185 0.1550
vn -0.5532 -0.8185 0.1550
vn -0.5690 -0.8186 0.0782
vn -0.5691 -0.8185 0.0782
vn -0.5744 -0.8186 -0.0000
vn -0.5691 -0.8185 -0.0782
vn -0.5692 -0.8185 -0.0782
vn -0.5531 -0.8185 -0.1550
vn -0.5532 -0.8185 -0.1550
vn -0.5269 -0.8185 -0.2289
vn -0.4909 -0.8185 -0.2985
vn -0.4908 -0.8186 -0.2985
vn -0.4456 -0.8185 -0.3625
vn -0.3921 -0.8186 -0.4198
vn -0.3921 -0.8185 -0.4198
vn -0.3312 -0.8185 -0.4693
vn -0.3313 -0.8185 -0.4693
vn -0.2643 -0.8185 -0.5100
vn -0.1923 -0.8185 -0.5413
vn -0.1924 -0.8185 -0.5413
vn -0.1169 -0.8185 -0.5624
vn -0.0392 -0.8185 -0.5731
vn 0.0392 -0.8185 -0.5731
vn 0.0862 -0.9059 -0.4146
vn 0.1418 -0.9059 -0.3990
vn 0.1948 -0.9059 -0.3760
vn 0.2442 -0.9059 -0.3460
vn 0.2891 -0.9059 -0.3095
vn 0.2890 -0.9059 -0.3095
vn 0.3286 -0.9059 -0.2672
vn 0.3285 -0.9059 -0.2672
vn 0.3619 -0.9059 -0.2200
vn 0.3618 -0.9059 -0.2200
vn 0.3885 -0.9059 -0.1687
vn 0.3884 -0.9059 -0.1687
vn 0.4079 -0.9059 -0.1142
vn 0.4077 -0.9059 -0.1143
vn 0.4195 -0.9059 -0.0577
vn 0.4235 -0.9059 -0.0000
vn 0.4234 -0.9059 -0.0000
vn 0.4195 -0.9059 0.0577
vn 0.4078 -0.9059 0.1143
vn 0.3884 -0.9059 0.1687
vn 0.3619 -0.9059 0.2200
vn 0.3617 -0.9059 0.2200
vn 0.3286 -0.9059 0.2672
vn 0.3285 -0.9059 0.2673
vn 0.2891 -0.9059 0.3095
vn 0.2890 -0.9059 0.3095
vn 0.2442 -0.9059 0.3460
vn 0.2441 -0.9059 0.3460
vn 0.1949 -0.9059 0.3760
vn 0.1948 -0.9059 0.3760
vn 0.1418 -0.9059 0.3990
vn 0.0861 -0.9059 0.4146
vn 0.0289 -0.9059 0.4225
vn -0.0289 -0.9059 0.4225
vn -0.0862 -0.9059 0.4146
vn -0.0861 -0.9059 0.4146
vn -0.1418 -0.9059 0.3990
vn -0.1948 -0.9059 0.3760
vn -0.1949 -0.9059 0.3760
vn -0.2442 -0.9059 0.3460
vn -0.2441 -0.9059 0.3460
vn -0.2890 -0.9059 0.3095
vn -0.3285 -0.9059 0.2672
vn -0.3619 -0.9059 0.2200
vn -0.3618 -0.9059 0.2200
vn -0.3885 -0.9059 0.1687
vn -0.3883 -0.9060 0.1687
vn -0.4079 -0.9059 0.1142
vn -0.4077 -0.9059 0.1143
vn -0.4195 -0.9059 0.0577
vn -0.4235 -0.9059 -0.0000
vn -0.4234 -0.9059 -0.0000
vn -0.4195 -0.9059 -0.0577
vn -0.4078 -0.9059 -0.1143
vn -0.4077 -0.9059 -0.1143
vn -0.3885 -0.9059 -0.1687
vn -0.3884 -0.9059 -0.1687
vn -0.3619 -0.9059 -0.2200
vn -0.3618 -0.9059 -0.2200
vn -0.3286 -0.9059 -0.2672
vn -0.3285 -0.9059 -0.2672
vn -0.2891 -0.9059 -0.3095
vn -0.2890 -0.9059 -0.3095
vn -0.2442 -0.9059 -0.3460
vn -0.1948 -0.9059 -0.3760
vn -0.1418 -0.9059 -0.3990
vn -0.0862 -0.9059 -0.4146
vn -0.0861 -0.9059 -0.4146
vn -0.0289 -0.9059 -0.4225
vn 0.0289 -0.9059 -0.4225
vn 0.0528 -0.9658 -0.2539
vn 0.0869 -0.9658 -0.2444
vn 0.1193 -0.9658 -0.2303
vn 0.1495 -0.9658 -0.2119
vn 0.1496 -0.9658 -0.2119
vn 0.1770 -0.9658 -0.1896
vn 0.1771 -0.9658 -0.1896
vn 0.2012 -0.9658 -0.1637
vn 0.2216 -0.9658 -0.1348
vn 0.2379 -0.9658 -0.1033
vn 0.2496 -0.9658 -0.0700
vn 0.2497 -0.9658 -0.0700
vn 0.2568 -0.9658 -0.0353
vn 0.2572 -0.9657 -0.0353
vn 0.2593 -0.9658 -0.0000
vn 0.2570 -0.9658 0.0353
vn 0.2497 -0.9658 0.0700
vn 0.2379 -0.9658 0.1033
vn 0.2216 -0.9658 0.1348
vn 0.2012 -0.9658 0.1637
vn 0.1770 -0.9658 0.1896
vn 0.1496 -0.9658 0.2119
vn 0.1193 -0.9658 0.2303
vn 0.1194 -0.9658 0.2303
vn 0.0869 -0.9658 0.2444
vn 0.0528 -0.9658 0.2539
vn 0.0528 -0.9658 0.2540
vn 0.0177 -0.9658 0.2588
vn -0.0177 -0.9658 0.2588
vn -0.0528 -0.9658 0.2539
vn -0.0528 -0.9658 0.2540
vn -0.0869 -0.9658 0.2444
vn -0.1193 -0.9658 0.2303
vn -0.1496 -0.9658 0.2119
vn -0.1770 -0.9658 0.1896
vn -0.2011 -0.9658 0.1637
vn -0.2013 -0.9658 0.1637
vn -0.2216 -0.9658 0.1348
vn -0.2380 -0.9658 0.1033
vn -0.2379 -0.9658 0.1033
vn -0.2496 -0.9658 0.0700
vn -0.2497 -0.9658 0.0700
vn -0.2568 -0.9658 0.0353
vn -0.2572 -0.9657 0.0353
vn -0.2593 -0.9658 -0.0000
vn -0.2570 -0.9658 -0.0353
vn -0.2497 -0.9658 -0.0700
vn -0.2379 -0.9658 -0.1033
vn -0.2215 -0.9658 -0.1348
vn -0.2217 -0.9658 -0.1348
vn -0.2012 -0.9658 -0.1637
vn -0.1770 -0.9658 -0.1896
vn -0.1495 -0.9658 -0.2119
vn -0.1496 -0.9658 -0.2119
vn -0.1193 -0.9658 -0.2303
vn -0.1194 -0.9658 -0.2303
vn -0.0868 -0.9658 -0.2444
vn -0.0869 -0.9658 -0.2444
vn -0.0528 -0.9658 -0.2539
vn -0.0177 -0.9658 -0.2588
vn 0.0177 -0.9658 -0.2588
vn 0.0177 -0.9962 -0.0855
vn 0.0178 -0.9962 -0.0855
vn 0.0292 -0.9962 -0.0823
vn 0.0293 -0.9962 -0.0823
vn 0.0402 -0.9962 -0.0776
vn 0.0504 -0.9962 -0.0714
vn 0.0596 -0.9962 -0.0638
vn 0.0597 -0.9962 -0.0638
vn 0.0677 -0.9962 -0.0551
vn 0.0678 -0.9962 -0.0551
vn 0.0745 -0.9962 -0.0454
vn 0.0747 -0.9962 -0.0454
vn 0.0801 -0.9962 -0.0348
vn 0.0802 -0.9962 -0.0348
vn 0.0842 -0.9962 -0.0236
vn 0.0863 -0.9962 -0.0119
vn 0.0865 -0.9962 -0.0119
vn 0.0873 -0.9962 -0.0000
vn 0.0865 -0.9962 0.0119
vn 0.0841 -0.9962 0.0236
vn 0.0842 -0.9962 0.0236
vn 0.0801 -0.9962 0.0348
vn 0.0746 -0.9962 0.0454
vn 0.0678 -0.9962 0.0551
vn 0.0596 -0.9962 0.0638
vn 0.0504 -0.9962 0.0714
vn 0.0402 -0.9962 0.0776
vn 0.0293 -0.9962 0.0823
vn 0.0178 -0.9962 0.0855
vn 0.0060 -0.9962 0.0871
vn -0.0060 -0.9962 0.0871
vn -0.0177 -0.9962 0.0855
vn -0.0178 -0.9962 0.0855
vn -0.0292 -0.9962 0.0823
vn -0.0293 -0.9962 0.0823
vn -0.0402 -0.9962 0.0776
vn -0.0402 -0.9962 0.0775
vn -0.0504 -0.9962 0.0714
vn -0.0596 -0.9962 0.0638
vn -0.0678 -0.9962 0.0551
vn -0.0745 -0.9962 0.0454
vn -0.0747 -0.9962 0.0454
vn -0.0801 -0.9962 0.0348
vn -0.0802 -0.9962 0.0348
vn -0.0842 -0.9962 0.0236
vn -0.0841 -0.9962 0.0236
vn -0.0865 -0.9962 0.0119
vn -0.0873 -0.9962 -0.0000
vn -0.0865 -0.9962 -0.0119
vn -0.0864 -0.9962 -0.0119
vn -0.0841 -0.9962 -0.0236
vn -0.0842 -0.9962 -0.0236
vn -0.0801 -0.9962 -0.0348
vn -0.0802 -0.9962 -0.0348
vn -0.0745 -0.9962 -0.0454
vn -0.0747 -0.9962 -0.0454
vn -0.0678 -0.9962 -0.0551
vn -0.0596 -0.9962 -0.0638
vn -0.0597 -0.9962 -0.0638
vn -0.0504 -0.9962 -0.0714
vn -0.0402 -0.9962 -0.0776
vn -0.0292 -0.9962 -0.0823
vn -0.0293 -0.9962 -0.0823
vn -0.0178 -0.9962 -0.0855
vn -0.0060 -0.9962 -0.0871
vn 0.0059 -0.9962 -0.0871
vn 0.0060 -0.9962 -0.0871
vn 0.2241 -0.0871 -0.9707
vn 0.3732 -0.0871 -0.9237
vn 0.7956 -0.0871 -0.5996
vn 0.8796 -0.0871 -0.4677
vn 0.9948 -0.0871 0.0521
vn 0.9744 -0.0871 0.2071
vn 0.7286 -0.0870 0.6794
vn 0.6133 -0.0871 0.7850
vn 0.1214 -0.0871 0.9888
vn -0.0348 -0.0871 0.9956
vn -0.5426 -0.0871 0.8355
vn -0.6666 -0.0871 0.7403
vn -0.9527 -0.0870 0.2913
vn -0.9865 -0.0871 0.1386
vn -0.9170 -0.0870 -0.3892
vn -0.8448 -0.0871 -0.5279
vn -0.4522 -0.0870 -0.8876
vn -0.3078 -0.0871 -0.9474
vn -0.0181 -0.9962 -0.0855
vn -0.0182 -0.9962 -0.0855
vn -0.0539 -0.9658 -0.2538
vn -0.0880 -0.9059 -0.4142
vn -0.0880 -0.9059 -0.4141
vn -0.1194 -0.8185 -0.5620
vn -0.1195 -0.8185 -0.5620
vn -0.1472 -0.7062 -0.6925
vn -0.1705 -0.5727 -0.8019
vn -0.1704 -0.5727 -0.8019
vn -0.1885 -0.4217 -0.8869
vn -0.2008 -0.2583 -0.9450
vn -0.2009 -0.2582 -0.9450
vn -0.0689 -0.9962 -0.0538
vn -0.2043 -0.9658 -0.1597
vn -0.2045 -0.9658 -0.1597
vn -0.3336 -0.9059 -0.2607
vn -0.3337 -0.9059 -0.2607
vn -0.4527 -0.8185 -0.3537
vn -0.4528 -0.8184 -0.3537
vn -0.5579 -0.7062 -0.4359
vn -0.6460 -0.5726 -0.5047
vn -0.6460 -0.5727 -0.5047
vn -0.7145 -0.4218 -0.5582
vn -0.7613 -0.2582 -0.5948
vn -0.0873 -0.9962 0.0031
vn -0.0874 -0.9962 0.0031
vn -0.2593 -0.9658 0.0091
vn -0.2594 -0.9657 0.0091
vn -0.4230 -0.9060 0.0148
vn -0.4232 -0.9059 0.0148
vn -0.5742 -0.8185 0.0201
vn -0.7076 -0.7062 0.0247
vn -0.8193 -0.5726 0.0286
vn -0.8193 -0.5727 0.0286
vn -0.9061 -0.4218 0.0316
vn -0.9062 -0.4217 0.0316
vn -0.9655 -0.2582 0.0337
vn -0.0650 -0.9962 0.0585
vn -0.0649 -0.9962 0.0585
vn -0.1928 -0.9658 0.1736
vn -0.1929 -0.9657 0.1736
vn -0.3146 -0.9060 0.2833
vn -0.3147 -0.9059 0.2833
vn -0.4269 -0.8185 0.3845
vn -0.4270 -0.8184 0.3844
vn -0.5261 -0.7062 0.4737
vn -0.6092 -0.5727 0.5486
vn -0.6092 -0.5727 0.5485
vn -0.6738 -0.4218 0.6067
vn -0.6738 -0.4217 0.6067
vn -0.7180 -0.2582 0.6464
vn -0.7179 -0.2582 0.6464
vn -0.0122 -0.9962 0.0865
vn -0.0361 -0.9658 0.2569
vn -0.0589 -0.9059 0.4193
vn -0.0590 -0.9059 0.4193
vn -0.0799 -0.8185 0.5690
vn -0.0800 -0.8185 0.5689
vn -0.0985 -0.7062 0.7011
vn -0.1141 -0.5727 0.8118
vn -0.1262 -0.4218 0.8979
vn -0.1262 -0.4217 0.8979
vn -0.1345 -0.2583 0.9567
vn -0.1344 -0.2582 0.9567
vn 0.0463 -0.9962 0.0741
vn 0.1375 -0.9658 0.2200
vn 0.2243 -0.9059 0.3591
vn 0.3045 -0.8185 0.4872
vn 0.3045 -0.8184 0.4873
vn 0.3751 -0.7063 0.6004
vn 0.3752 -0.7062 0.6004
vn 0.4345 -0.5727 0.6952
vn 0.4344 -0.5727 0.6952
vn 0.4805 -0.4217 0.7689
vn 0.5120 -0.2583 0.8193
vn 0.5119 -0.2582 0.8193
vn 0.0833 -0.9962 0.0270
vn 0.0830 -0.9962 0.0270
vn 0.2466 -0.9658 0.0802
vn 0.2469 -0.9657 0.0802
vn 0.4026 -0.9060 0.1308
vn 0.4027 -0.9059 0.1308
vn 0.5464 -0.8185 0.1776
vn 0.5465 -0.8184 0.1775
vn 0.6734 -0.7062 0.2188
vn 0.6733 -0.7063 0.2188
vn 0.7797 -0.5726 0.2533
vn 0.7796 -0.5727 0.2534
vn 0.8623 -0.4217 0.2802
vn 0.8624 -0.4217 0.2802
vn 0.9188 -0.2583 0.2986
vn 0.9188 -0.2582 0.2986
vn 0.0811 -0.9962 -0.0327
vn 0.0810 -0.9962 -0.0327
vn 0.2405 -0.9658 -0.0972
vn 0.2407 -0.9657 -0.0972
vn 0.3925 -0.9060 -0.1586
vn 0.3926 -0.9059 -0.1586
vn 0.5327 -0.8185 -0.2152
vn 0.5327 -0.8184 -0.2152
vn 0.6564 -0.7062 -0.2652
vn 0.7601 -0.5726 -0.3071
vn 0.7600 -0.5727 -0.3071
vn 0.8407 -0.4217 -0.3397
vn 0.8407 -0.4217 -0.3396
vn 0.8957 -0.2583 -0.3619
vn 0.0410 -0.9962 -0.0772
vn 0.0411 -0.9962 -0.0772
vn 0.1217 -0.9658 -0.2291
vn 0.1218 -0.9658 -0.2291
vn 0.1987 -0.9060 -0.3738
vn 0.1988 -0.9059 -0.3738
vn 0.2697 -0.8185 -0.5073
vn 0.2698 -0.8184 -0.5073
vn 0.3323 -0.7062 -0.6251
vn 0.3324 -0.7062 -0.6251
vn 0.3849 -0.5727 -0.7238
vn 0.3848 -0.5727 -0.7238
vn 0.4257 -0.4218 -0.8006
vn 0.4256 -0.4217 -0.8006
vn 0.4536 -0.2582 -0.8530
vn 0.4535 -0.2583 -0.8530
vn -0.0061 -0.9962 -0.0872
vn -0.0181 -0.9658 -0.2588
vn -0.0295 -0.9059 -0.4224
vn -0.0296 -0.9059 -0.4224
vn -0.0401 -0.8185 -0.5732
vn -0.0401 -0.8185 -0.5731
vn -0.0494 -0.7062 -0.7063
vn -0.0494 -0.7062 -0.7062
vn -0.0572 -0.5727 -0.8178
vn -0.0632 -0.4217 -0.9045
vn -0.0633 -0.4218 -0.9045
vn -0.0674 -0.2582 -0.9637
vn -0.0674 -0.2583 -0.9637
vn -0.0695 -0.0870 -0.9938
vn -0.0695 -0.0869 -0.9938
vn -0.2071 -0.0870 -0.9744
vn -0.2158 -0.2820 -0.9348
vn -0.1559 -0.0872 -0.9839
vn -0.0299 -0.9962 -0.0821
vn -0.0887 -0.9658 -0.2438
vn -0.0888 -0.9658 -0.2438
vn -0.1448 -0.9059 -0.3979
vn -0.1964 -0.8185 -0.5399
vn -0.1966 -0.8185 -0.5399
vn -0.2421 -0.7062 -0.6653
vn -0.2804 -0.5727 -0.7703
vn -0.2804 -0.5727 -0.7704
vn -0.3101 -0.4217 -0.8520
vn -0.3101 -0.4218 -0.8520
vn -0.3304 -0.2582 -0.9078
vn -0.3281 -0.2822 -0.9015
vn -0.3732 -0.0871 -0.9237
vn -0.5131 -0.0871 -0.8539
vn -0.4563 -0.2356 -0.8581
vn -0.4535 -0.2582 -0.8530
vn -0.4536 -0.2582 -0.8530
vn -0.4257 -0.4218 -0.8006
vn -0.3849 -0.5727 -0.7238
vn -0.3324 -0.7063 -0.6251
vn -0.3324 -0.7062 -0.6251
vn -0.2698 -0.8184 -0.5073
vn -0.2697 -0.8185 -0.5073
vn -0.1988 -0.9059 -0.3738
vn -0.1987 -0.9059 -0.3739
vn -0.1218 -0.9658 -0.2291
vn -0.0410 -0.9962 -0.0772
vn -0.0411 -0.9962 -0.0772
vn -0.0513 -0.9962 -0.0707
vn -0.0514 -0.9962 -0.0707
vn -0.1524 -0.9658 -0.2099
vn -0.1526 -0.9658 -0.2099
vn -0.2489 -0.9059 -0.3425
vn -0.3377 -0.8185 -0.4648
vn -0.4161 -0.7062 -0.5728
vn -0.4162 -0.7062 -0.5728
vn -0.4819 -0.5726 -0.6632
vn -0.4818 -0.5727 -0.6633
vn -0.5330 -0.4217 -0.7335
vn -0.5329 -0.4218 -0.7335
vn -0.5679 -0.2582 -0.7816
vn -0.5678 -0.2582 -0.7816
vn -0.5856 -0.0869 -0.8059
vn -0.0607 -0.9962 -0.0629
vn -0.1802 -0.9658 -0.1866
vn -0.1803 -0.9658 -0.1866
vn -0.2941 -0.9059 -0.3046
vn -0.2942 -0.9059 -0.3046
vn -0.3990 -0.8185 -0.4133
vn -0.3992 -0.8184 -0.4133
vn -0.4918 -0.7062 -0.5093
vn -0.5695 -0.5726 -0.5897
vn -0.5694 -0.5727 -0.5897
vn -0.6299 -0.4217 -0.6522
vn -0.6298 -0.4218 -0.6522
vn -0.6711 -0.2582 -0.6949
vn -0.6920 -0.0869 -0.7166
vn -0.7850 -0.0870 -0.6133
vn -0.7662 -0.2821 -0.5774
vn -0.7518 -0.0872 -0.6536
vn -0.0757 -0.9962 -0.0437
vn -0.0756 -0.9962 -0.0437
vn -0.2247 -0.9658 -0.1297
vn -0.2247 -0.9657 -0.1297
vn -0.3667 -0.9059 -0.2117
vn -0.3668 -0.9059 -0.2117
vn -0.4975 -0.8185 -0.2873
vn -0.4976 -0.8184 -0.2873
vn -0.6131 -0.7063 -0.3540
vn -0.6131 -0.7062 -0.3540
vn -0.7100 -0.5727 -0.4099
vn -0.7099 -0.5727 -0.4099
vn -0.7852 -0.4218 -0.4534
vn -0.7853 -0.4217 -0.4533
vn -0.8366 -0.2582 -0.4831
vn -0.8367 -0.2583 -0.4830
vn -0.8308 -0.2822 -0.4797
vn -0.8796 -0.0871 -0.4677
vn -0.9419 -0.0871 -0.3243
vn -0.9011 -0.2356 -0.3640
vn -0.8957 -0.2583 -0.3619
vn -0.8957 -0.2582 -0.3619
vn -0.8407 -0.4217 -0.3396
vn -0.8407 -0.4217 -0.3397
vn -0.7600 -0.5727 -0.3071
vn -0.7601 -0.5726 -0.3071
vn -0.6564 -0.7062 -0.2652
vn -0.5328 -0.8184 -0.2152
vn -0.5326 -0.8185 -0.2152
vn -0.3927 -0.9059 -0.1586
vn -0.3924 -0.9060 -0.1586
vn -0.2406 -0.9657 -0.0972
vn -0.2405 -0.9658 -0.0972
vn -0.0810 -0.9962 -0.0327
vn -0.0849 -0.9962 -0.0211
vn -0.0847 -0.9962 -0.0211
vn -0.2517 -0.9658 -0.0628
vn -0.2518 -0.9657 -0.0628
vn -0.4107 -0.9060 -0.1024
vn -0.4110 -0.9059 -0.1024
vn -0.5573 -0.8186 -0.1390
vn -0.5576 -0.8184 -0.1390
vn -0.6870 -0.7062 -0.1713
vn -0.6869 -0.7063 -0.1713
vn -0.7955 -0.5726 -0.1983
vn -0.7954 -0.5727 -0.1983
vn -0.8798 -0.4217 -0.2193
vn -0.8798 -0.4218 -0.2194
vn -0.9374 -0.2582 -0.2337
vn -0.9374 -0.2583 -0.2337
vn -0.9666 -0.0869 -0.2410
vn -0.0869 -0.9962 -0.0091
vn -0.2580 -0.9658 -0.0271
vn -0.2581 -0.9657 -0.0271
vn -0.4210 -0.9060 -0.0443
vn -0.4211 -0.9059 -0.0443
vn -0.5713 -0.8186 -0.0601
vn -0.5715 -0.8184 -0.0601
vn -0.7041 -0.7062 -0.0740
vn -0.8153 -0.5726 -0.0857
vn -0.8153 -0.5727 -0.0857
vn -0.9017 -0.4218 -0.0948
vn -0.9608 -0.2583 -0.1010
vn -0.9608 -0.2582 -0.1010
vn -0.9908 -0.0869 -0.1041
vn -0.9908 -0.0870 -0.1041
vn -0.9956 -0.0869 0.0348
vn -0.9581 -0.2821 0.0502
vn -0.9960 -0.0872 -0.0174
vn -0.0860 -0.9962 0.0152
vn -0.0861 -0.9962 0.0152
vn -0.2555 -0.9658 0.0451
vn -0.2556 -0.9657 0.0450
vn -0.4169 -0.9060 0.0735
vn -0.4170 -0.9059 0.0735
vn -0.5656 -0.8186 0.0998
vn -0.5660 -0.8184 0.0998
vn -0.6972 -0.7063 0.1229
vn -0.6972 -0.7062 0.1229
vn -0.8074 -0.5726 0.1423
vn -0.8073 -0.5728 0.1424
vn -0.8930 -0.4217 0.1574
vn -0.8929 -0.4218 0.1574
vn -0.9514 -0.2582 0.1678
vn -0.9448 -0.2822 0.1666
vn -0.9744 -0.0871 0.2071
vn -0.9300 -0.0872 0.3571
vn -0.9243 -0.2356 0.3003
vn -0.9188 -0.2583 0.2985
vn -0.9188 -0.2583 0.2986
vn -0.8623 -0.4218 0.2802
vn -0.8624 -0.4217 0.2802
vn -0.7796 -0.5727 0.2533
vn -0.7797 -0.5726 0.2533
vn -0.6734 -0.7062 0.2188
vn -0.6733 -0.7063 0.2188
vn -0.5465 -0.8184 0.1775
vn -0.5464 -0.8185 0.1775
vn -0.4027 -0.9060 0.1308
vn -0.4026 -0.9060 0.1308
vn -0.2469 -0.9657 0.0802
vn -0.2466 -0.9658 0.0802
vn -0.0830 -0.9962 0.0270
vn -0.0832 -0.9962 0.0270
vn -0.0785 -0.9962 0.0383
vn -0.0786 -0.9962 0.0383
vn -0.2331 -0.9658 0.1137
vn -0.2333 -0.9657 0.1137
vn -0.3806 -0.9059 0.1856
vn -0.5164 -0.8185 0.2519
vn -0.5165 -0.8184 0.2519
vn -0.6364 -0.7062 0.3103
vn -0.6363 -0.7062 0.3104
vn -0.7369 -0.5726 0.3594
vn -0.7368 -0.5727 0.3594
vn -0.8149 -0.4218 0.3975
vn -0.8149 -0.4217 0.3975
vn -0.8683 -0.2582 0.4235
vn -0.8683 -0.2583 0.4235
vn -0.8954 -0.0869 0.4367
vn -0.0725 -0.9962 0.0489
vn -0.2150 -0.9658 0.1451
vn -0.2151 -0.9657 0.1451
vn -0.3509 -0.9060 0.2368
vn -0.3510 -0.9059 0.2368
vn -0.4763 -0.8185 0.3213
vn -0.4764 -0.8185 0.3213
vn -0.5870 -0.7062 0.3959
vn -0.5869 -0.7062 0.3959
vn -0.6797 -0.5726 0.4584
vn -0.6796 -0.5727 0.4584
vn -0.7517 -0.4217 0.5070
vn -0.7517 -0.4218 0.5071
vn -0.8009 -0.2583 0.5402
vn -0.8259 -0.0870 0.5570
vn -0.8259 -0.0869 0.5571
vn -0.7403 -0.0870 0.6666
vn -0.7017 -0.2820 0.6543
vn -0.7742 -0.0871 0.6269
vn -0.6133 -0.0871 0.7850
vn -0.6166 -0.2822 0.7349
vn -0.6210 -0.2582 0.7401
vn -0.5828 -0.4217 0.6946
vn -0.5828 -0.4218 0.6946
vn -0.5269 -0.5727 0.6280
vn -0.5270 -0.5727 0.6279
vn -0.4550 -0.7062 0.5424
vn -0.4551 -0.7062 0.5423
vn -0.3693 -0.8185 0.4401
vn -0.2722 -0.9059 0.3243
vn -0.2721 -0.9060 0.3244
vn -0.1667 -0.9658 0.1987
vn -0.1668 -0.9658 0.1987
vn -0.0562 -0.9962 0.0669
vn -0.0562 -0.9962 0.0670
vn -0.4830 -0.0871 0.8713
vn -0.5150 -0.2356 0.8242
vn -0.5119 -0.2583 0.8193
vn -0.5120 -0.2582 0.8193
vn -0.4805 -0.4218 0.7689
vn -0.4805 -0.4217 0.7689
vn -0.4344 -0.5727 0.6952
vn -0.4345 -0.5726 0.6952
vn -0.3751 -0.7063 0.6004
vn -0.3752 -0.7062 0.6004
vn -0.3045 -0.8184 0.4872
vn -0.3044 -0.8185 0.4872
vn -0.2244 -0.9059 0.3591
vn -0.2243 -0.9060 0.3591
vn -0.1375 -0.9658 0.2200
vn -0.0463 -0.9962 0.0741
vn -0.0355 -0.9962 0.0798
vn -0.1055 -0.9658 0.2370
vn -0.1722 -0.9060 0.3868
vn -0.1722 -0.9059 0.3868
vn -0.2337 -0.8185 0.5249
vn -0.2880 -0.7062 0.6468
vn -0.2879 -0.7062 0.6468
vn -0.3335 -0.5727 0.7489
vn -0.3334 -0.5727 0.7489
vn -0.3688 -0.4217 0.8283
vn -0.3930 -0.2583 0.8825
vn -0.3930 -0.2582 0.8826
vn -0.4052 -0.0870 0.9101
vn -0.0241 -0.9962 0.0840
vn -0.0715 -0.9658 0.2494
vn -0.1167 -0.9059 0.4070
vn -0.1584 -0.8184 0.5523
vn -0.1584 -0.8185 0.5523
vn -0.1951 -0.7062 0.6806
vn -0.2260 -0.5727 0.7880
vn -0.2259 -0.5727 0.7880
vn -0.2499 -0.4217 0.8716
vn -0.2499 -0.4218 0.8716
vn -0.2663 -0.2582 0.9287
vn -0.2746 -0.0870 0.9576
vn -0.1387 -0.0870 0.9865
vn -0.1169 -0.2821 0.9522
vn -0.1901 -0.0872 0.9779
vn -0.0000 -0.9962 0.0874
vn -0.0000 -0.9658 0.2594
vn -0.0000 -0.9059 0.4234
vn -0.0000 -0.8185 0.5745
vn -0.0000 -0.8185 0.5746
vn -0.0000 -0.7062 0.7080
vn -0.0000 -0.5727 0.8198
vn -0.0000 -0.4217 0.9067
vn -0.0000 -0.4218 0.9067
vn -0.0000 -0.2583 0.9661
vn -0.0000 -0.2582 0.9661
vn -0.0000 -0.2822 0.9593
vn 0.0348 -0.0871 0.9956
vn 0.1901 -0.0872 0.9779
vn 0.1353 -0.2356 0.9624
vn 0.1345 -0.2582 0.9567
vn 0.1344 -0.2582 0.9567
vn 0.1262 -0.4217 0.8979
vn 0.1262 -0.4218 0.8979
vn 0.1141 -0.5727 0.8118
vn 0.1141 -0.5726 0.8118
vn 0.0985 -0.7063 0.7011
vn 0.0985 -0.7062 0.7011
vn 0.0800 -0.8185 0.5689
vn 0.0799 -0.8185 0.5690
vn 0.0589 -0.9059 0.4193
vn 0.0361 -0.9658 0.2569
vn 0.0122 -0.9962 0.0865
vn 0.0241 -0.9962 0.0840
vn 0.0715 -0.9658 0.2494
vn 0.1167 -0.9059 0.4070
vn 0.1584 -0.8184 0.5523
vn 0.1584 -0.8185 0.5523
vn 0.1951 -0.7062 0.6806
vn 0.2260 -0.5727 0.7880
vn 0.2499 -0.4217 0.8716
vn 0.2499 -0.4218 0.8716
vn 0.2663 -0.2582 0.9287
vn 0.2746 -0.0870 0.9576
vn 0.0356 -0.9962 0.0798
vn 0.0355 -0.9962 0.0798
vn 0.1055 -0.9658 0.2370
vn 0.1721 -0.9060 0.3868
vn 0.1723 -0.9059 0.3868
vn 0.2337 -0.8185 0.5249
vn 0.2880 -0.7062 0.6468
vn 0.3335 -0.5727 0.7489
vn 0.3334 -0.5727 0.7489
vn 0.3688 -0.4217 0.8283
vn 0.3930 -0.2583 0.8825
vn 0.3929 -0.2582 0.8826
vn 0.4052 -0.0870 0.9101
vn 0.5279 -0.0869 0.8449
vn 0.5225 -0.2821 0.8046
vn 0.4830 -0.0871 0.8713
vn 0.0563 -0.9962 0.0670
vn 0.0562 -0.9962 0.0670
vn 0.1667 -0.9658 0.1987
vn 0.1668 -0.9658 0.1987
vn 0.2722 -0.9059 0.3244
vn 0.2722 -0.9059 0.3243
vn 0.3693 -0.8185 0.4401
vn 0.4551 -0.7062 0.5423
vn 0.4551 -0.7062 0.5424
vn 0.5270 -0.5727 0.6280
vn 0.5269 -0.5727 0.6280
vn 0.5828 -0.4218 0.6946
vn 0.5828 -0.4217 0.6946
vn 0.6209 -0.2583 0.7401
vn 0.6210 -0.2582 0.7400
vn 0.6166 -0.2823 0.7349
vn 0.6666 -0.0871 0.7403
vn 0.7742 -0.0872 0.6269
vn 0.7222 -0.2356 0.6503
vn 0.7180 -0.2582 0.6464
vn 0.7179 -0.2582 0.6464
vn 0.6738 -0.4218 0.6067
vn 0.6738 -0.4217 0.6067
vn 0.6092 -0.5727 0.5485
vn 0.5262 -0.7062 0.4737
vn 0.5261 -0.7063 0.4737
vn 0.4270 -0.8184 0.3844
vn 0.4269 -0.8185 0.3845
vn 0.3148 -0.9059 0.2833
vn 0.3145 -0.9060 0.2833
vn 0.1929 -0.9657 0.1736
vn 0.1928 -0.9658 0.1736
vn 0.0650 -0.9962 0.0585
vn 0.0649 -0.9962 0.0585
vn 0.0725 -0.9962 0.0489
vn 0.0724 -0.9962 0.0489
vn 0.2150 -0.9658 0.1451
vn 0.2152 -0.9657 0.1451
vn 0.3510 -0.9060 0.2368
vn 0.3510 -0.9059 0.2368
vn 0.4763 -0.8185 0.3213
vn 0.4764 -0.8185 0.3213
vn 0.5870 -0.7062 0.3959
vn 0.6797 -0.5726 0.4584
vn 0.6796 -0.5727 0.4584
vn 0.7517 -0.4217 0.5070
vn 0.7517 -0.4218 0.5071
vn 0.8009 -0.2583 0.5402
vn 0.8009 -0.2582 0.5402
vn 0.8259 -0.0870 0.5571
vn 0.8259 -0.0870 0.5570
vn 0.0785 -0.9962 0.0383
vn 0.0786 -0.9962 0.0383
vn 0.2331 -0.9658 0.1137
vn 0.2332 -0.9658 0.1137
vn 0.3805 -0.9060 0.1856
vn 0.3806 -0.9059 0.1856
vn 0.5164 -0.8185 0.2519
vn 0.5165 -0.8184 0.2519
vn 0.6364 -0.7062 0.3103
vn 0.6363 -0.7062 0.3104
vn 0.7368 -0.5727 0.3594
vn 0.8150 -0.4217 0.3974
vn 0.8149 -0.4218 0.3975
vn 0.8683 -0.2582 0.4235
vn 0.8683 -0.2583 0.4235
vn 0.8954 -0.0870 0.4367
vn 0.9474 -0.0870 0.3079
vn 0.9175 -0.2820 0.2805
vn 0.9300 -0.0872 0.3571
vn 0.0860 -0.9962 0.0152
vn 0.0861 -0.9962 0.0152
vn 0.2555 -0.9658 0.0451
vn 0.2556 -0.9657 0.0450
vn 0.4169 -0.9060 0.0735
vn 0.4170 -0.9059 0.0735
vn 0.5658 -0.8185 0.0998
vn 0.5659 -0.8184 0.0998
vn 0.6973 -0.7062 0.1229
vn 0.6972 -0.7063 0.1229
vn 0.8074 -0.5726 0.1423
vn 0.8073 -0.5728 0.1424
vn 0.8929 -0.4218 0.1575
vn 0.8930 -0.4217 0.1574
vn 0.9514 -0.2582 0.1678
vn 0.9514 -0.2583 0.1678
vn 0.9448 -0.2822 0.1666
vn 0.9865 -0.0871 0.1387
vn 0.9713 -0.2356 0.0339
vn 0.9655 -0.2582 0.0337
vn 0.9062 -0.4217 0.0316
vn 0.9061 -0.4218 0.0316
vn 0.8193 -0.5727 0.0286
vn 0.7076 -0.7062 0.0247
vn 0.5743 -0.8184 0.0201
vn 0.5742 -0.8185 0.0201
vn 0.4232 -0.9059 0.0148
vn 0.4230 -0.9060 0.0148
vn 0.2594 -0.9657 0.0091
vn 0.2593 -0.9658 0.0091
vn 0.0873 -0.9962 0.0030
vn 0.0874 -0.9962 0.0031
vn 0.0869 -0.9962 -0.0091
vn 0.2580 -0.9658 -0.0271
vn 0.2582 -0.9657 -0.0271
vn 0.4210 -0.9060 -0.0443
vn 0.4211 -0.9059 -0.0443
vn 0.5714 -0.8185 -0.0601
vn 0.7041 -0.7062 -0.0740
vn 0.7041 -0.7063 -0.0740
vn 0.8153 -0.5726 -0.0857
vn 0.8153 -0.5727 -0.0857
vn 0.9017 -0.4218 -0.0948
vn 0.9018 -0.4217 -0.0948
vn 0.9608 -0.2582 -0.1010
vn 0.9608 -0.2583 -0.1010
vn 0.9908 -0.0869 -0.1041
vn 0.0848 -0.9962 -0.0211
vn 0.2517 -0.9658 -0.0628
vn 0.2519 -0.9657 -0.0628
vn 0.4107 -0.9060 -0.1024
vn 0.4110 -0.9059 -0.1024
vn 0.5575 -0.8185 -0.1390
vn 0.5575 -0.8184 -0.1390
vn 0.6870 -0.7062 -0.1713
vn 0.6869 -0.7063 -0.1713
vn 0.7955 -0.5726 -0.1983
vn 0.7954 -0.5727 -0.1983
vn 0.8798 -0.4217 -0.2193
vn 0.8798 -0.4218 -0.2194
vn 0.9374 -0.2582 -0.2337
vn 0.9374 -0.2583 -0.2337
vn 0.9666 -0.0870 -0.2410
vn 0.9237 -0.0869 -0.3732
vn 0.8831 -0.2820 -0.3748
vn 0.9419 -0.0871 -0.3243
vn 0.0757 -0.9962 -0.0437
vn 0.2247 -0.9658 -0.1297
vn 0.2247 -0.9657 -0.1297
vn 0.3666 -0.9060 -0.2117
vn 0.3668 -0.9059 -0.2117
vn 0.4975 -0.8185 -0.2873
vn 0.4977 -0.8184 -0.2873
vn 0.6131 -0.7062 -0.3540
vn 0.7100 -0.5726 -0.4099
vn 0.7099 -0.5727 -0.4099
vn 0.7853 -0.4217 -0.4533
vn 0.7852 -0.4217 -0.4533
vn 0.8366 -0.2583 -0.4831
vn 0.8367 -0.2582 -0.4830
vn 0.8308 -0.2822 -0.4797
vn 0.8448 -0.0871 -0.5279
vn 0.7518 -0.0871 -0.6536
vn 0.7658 -0.2356 -0.5983
vn 0.7613 -0.2582 -0.5947
vn 0.7613 -0.2582 -0.5948
vn 0.7145 -0.4218 -0.5582
vn 0.7145 -0.4217 -0.5582
vn 0.6460 -0.5727 -0.5047
vn 0.5579 -0.7062 -0.4359
vn 0.4528 -0.8185 -0.3537
vn 0.4527 -0.8185 -0.3537
vn 0.3337 -0.9059 -0.2607
vn 0.3336 -0.9060 -0.2607
vn 0.2045 -0.9658 -0.1597
vn 0.2043 -0.9658 -0.1597
vn 0.0689 -0.9962 -0.0538
vn 0.0607 -0.9962 -0.0629
vn 0.0606 -0.9962 -0.0629
vn 0.1802 -0.9658 -0.1866
vn 0.1803 -0.9658 -0.1866
vn 0.2940 -0.9060 -0.3046
vn 0.2943 -0.9059 -0.3046
vn 0.3990 -0.8185 -0.4133
vn 0.3992 -0.8185 -0.4133
vn 0.4918 -0.7062 -0.5093
vn 0.4918 -0.7063 -0.5093
vn 0.5695 -0.5726 -0.5897
vn 0.5694 -0.5727 -0.5897
vn 0.6298 -0.4218 -0.6522
vn 0.6299 -0.4218 -0.6522
vn 0.6710 -0.2583 -0.6950
vn 0.6711 -0.2582 -0.6949
vn 0.6920 -0.0869 -0.7166
vn 0.6921 -0.0869 -0.7166
vn 0.0514 -0.9962 -0.0707
vn 0.0513 -0.9962 -0.0707
vn 0.1525 -0.9658 -0.2099
vn 0.2489 -0.9059 -0.3425
vn 0.3377 -0.8185 -0.4648
vn 0.4161 -0.7062 -0.5728
vn 0.4819 -0.5726 -0.6632
vn 0.4818 -0.5727 -0.6632
vn 0.5330 -0.4217 -0.7335
vn 0.5330 -0.4218 -0.7335
vn 0.5679 -0.2582 -0.7816
vn 0.5678 -0.2582 -0.7816
vn 0.5856 -0.0869 -0.8059
vn 0.5856 -0.0870 -0.8059
vn 0.4677 -0.0870 -0.8796
vn 0.4356 -0.2820 -0.8548
vn 0.5131 -0.0871 -0.8539
vn 0.0299 -0.9962 -0.0821
vn 0.0887 -0.9658 -0.2438
vn 0.0888 -0.9658 -0.2438
vn 0.1448 -0.9059 -0.3979
vn 0.1449 -0.9059 -0.3979
vn 0.1965 -0.8185 -0.5399
vn 0.2422 -0.7062 -0.6653
vn 0.2421 -0.7062 -0.6653
vn 0.2804 -0.5727 -0.7703
vn 0.2803 -0.5727 -0.7704
vn 0.3101 -0.4217 -0.8520
vn 0.3101 -0.4218 -0.8520
vn 0.3304 -0.2582 -0.9078
vn 0.3281 -0.2823 -0.9015
vn 0.3078 -0.0871 -0.9474
vn 0.1559 -0.0871 -0.9839
vn 0.2021 -0.2356 -0.9506
vn 0.2009 -0.2583 -0.9450
vn 0.2008 -0.2582 -0.9450
vn 0.1885 -0.4218 -0.8869
vn 0.1704 -0.5727 -0.8019
vn 0.1705 -0.5727 -0.8019
vn 0.1472 -0.7062 -0.6925
vn 0.1195 -0.8185 -0.5620
vn 0.1194 -0.8185 -0.5620
vn 0.0880 -0.9059 -0.4141
vn 0.0540 -0.9658 -0.2538
vn 0.0539 -0.9658 -0.2538
vn 0.0182 -0.9962 -0.0855
vn 0.0061 -0.9962 -0.0872
vn 0.0181 -0.9658 -0.2588
vn 0.0295 -0.9059 -0.4224
vn 0.0401 -0.8185 -0.5732
vn 0.0401 -0.8185 -0.5731
vn 0.0494 -0.7062 -0.7063
vn 0.0494 -0.7062 -0.7062
vn 0.0572 -0.5727 -0.8178
vn 0.0632 -0.4217 -0.9045
vn 0.0632 -0.4218 -0.9045
vn 0.0674 -0.2583 -0.9637
vn 0.0674 -0.2582 -0.9637
vn 0.0695 -0.0870 -0.9938
vn 0.2081 -0.0871 -0.9742
vn 0.5374 -0.0871 -0.8388
vn 0.6558 -0.0872 -0.7499
vn 0.7980 -0.0870 -0.5963
vn 0.8776 -0.0871 -0.4713
vn 0.9873 -0.0871 -0.1326
vn 0.9961 -0.0871 0.0153
vn 0.9709 -0.0870 0.2231
vn 0.9271 -0.0871 0.3646
vn 0.7396 -0.0871 0.6674
vn 0.4577 -0.0870 0.8848
vn 0.3214 -0.0872 0.9429
vn 0.1173 -0.0870 0.9893
vn -0.0307 -0.0871 0.9957
vn -0.3789 -0.0871 0.9213
vn -0.5113 -0.0871 0.8550
vn -0.6786 -0.0871 0.7293
vn -0.7793 -0.0871 0.6206
vn -0.9477 -0.0871 0.3069
vn -0.9951 -0.0871 -0.0460
vn -0.9773 -0.0872 -0.1931
vn -0.9154 -0.0870 -0.3930
vn -0.8470 -0.0871 -0.5244
vn -0.6085 -0.0871 -0.7888
vn -0.4848 -0.0871 -0.8703
vn -0.2922 -0.0870 -0.9524
vn -0.1477 -0.0871 -0.9852
vn -0.0697 -0.9962 -0.0526
vn -0.0696 -0.9962 -0.0526
vn -0.2070 -0.9658 -0.1562
vn -0.2068 -0.9658 -0.1562
vn -0.3378 -0.9060 -0.2551
vn -0.4583 -0.8187 -0.3461
vn -0.5648 -0.7064 -0.4265
vn -0.6541 -0.5728 -0.4939
vn -0.6541 -0.5729 -0.4940
vn -0.7235 -0.4219 -0.5463
vn -0.7235 -0.4220 -0.5464
vn -0.7709 -0.2584 -0.5821
vn -0.7709 -0.2584 -0.5822
vn -0.0852 -0.9962 0.0187
vn -0.0853 -0.9962 0.0187
vn -0.2533 -0.9658 0.0555
vn -0.4134 -0.9060 0.0906
vn -0.4136 -0.9060 0.0906
vn -0.5610 -0.8186 0.1229
vn -0.5610 -0.8187 0.1229
vn -0.6914 -0.7064 0.1514
vn -0.8007 -0.5729 0.1754
vn -0.8007 -0.5728 0.1753
vn -0.8856 -0.4219 0.1940
vn -0.8856 -0.4219 0.1939
vn -0.9437 -0.2584 0.2067
vn -0.0107 -0.9962 0.0866
vn -0.0319 -0.9658 0.2573
vn -0.0520 -0.9060 0.4201
vn -0.0706 -0.8187 0.5699
vn -0.0870 -0.7064 0.7024
vn -0.0870 -0.7065 0.7024
vn -0.1007 -0.5728 0.8135
vn -0.1114 -0.4219 0.8997
vn -0.1114 -0.4220 0.8997
vn -0.1187 -0.2584 0.9587
vn -0.1187 -0.2583 0.9587
vn 0.0589 -0.9962 0.0645
vn 0.0588 -0.9962 0.0645
vn 0.1747 -0.9658 0.1916
vn 0.1746 -0.9658 0.1916
vn 0.2852 -0.9060 0.3128
vn 0.3870 -0.8186 0.4244
vn 0.3869 -0.8186 0.4244
vn 0.4768 -0.7065 0.5231
vn 0.4768 -0.7065 0.5230
vn 0.5522 -0.5728 0.6058
vn 0.5522 -0.5728 0.6057
vn 0.6108 -0.4219 0.6700
vn 0.6108 -0.4220 0.6700
vn 0.6508 -0.2584 0.7139
vn 0.0804 -0.9962 -0.0340
vn 0.2388 -0.9658 -0.1011
vn 0.2387 -0.9658 -0.1011
vn 0.3898 -0.9060 -0.1650
vn 0.3899 -0.9060 -0.1650
vn 0.5288 -0.8187 -0.2239
vn 0.5289 -0.8187 -0.2238
vn 0.6517 -0.7065 -0.2759
vn 0.6519 -0.7064 -0.2759
vn 0.7548 -0.5728 -0.3195
vn 0.7548 -0.5729 -0.3195
vn 0.8349 -0.4219 -0.3533
vn 0.8349 -0.4220 -0.3534
vn 0.8897 -0.2583 -0.3765
vn 0.8896 -0.2584 -0.3766
vn 0.0265 -0.9962 -0.0832
vn 0.0264 -0.9962 -0.0832
vn 0.0786 -0.9658 -0.2471
vn 0.1283 -0.9060 -0.4034
vn 0.1284 -0.9060 -0.4034
vn 0.1741 -0.8187 -0.5473
vn 0.2146 -0.7064 -0.6745
vn 0.2485 -0.5728 -0.7811
vn 0.2748 -0.4219 -0.8640
vn 0.2748 -0.4220 -0.8639
vn 0.2929 -0.2584 -0.9206
vn -0.0054 -0.9962 -0.0871
vn -0.0159 -0.9658 -0.2588
vn -0.0160 -0.9658 -0.2588
vn -0.0260 -0.9060 -0.4225
vn -0.0261 -0.9060 -0.4225
vn -0.0354 -0.8187 -0.5732
vn -0.0436 -0.7064 -0.7064
vn -0.0505 -0.5728 -0.8181
vn -0.0558 -0.4220 -0.9049
vn -0.0595 -0.2584 -0.9642
vn -0.0613 -0.0870 -0.9943
vn -0.0160 -0.9962 -0.0858
vn -0.0477 -0.9658 -0.2548
vn -0.0476 -0.9658 -0.2549
vn -0.0778 -0.9060 -0.4161
vn -0.1055 -0.8187 -0.5645
vn -0.1300 -0.7065 -0.6957
vn -0.1301 -0.7064 -0.6957
vn -0.1506 -0.5728 -0.8057
vn -0.1666 -0.4220 -0.8912
vn -0.1775 -0.2584 -0.9496
vn -0.1764 -0.2801 -0.9436
vn -0.2081 -0.0871 -0.9742
vn -0.3502 -0.0871 -0.9326
vn -0.2970 -0.2000 -0.9337
vn -0.2929 -0.2584 -0.9206
vn -0.2748 -0.4220 -0.8640
vn -0.2749 -0.4219 -0.8640
vn -0.2485 -0.5728 -0.7811
vn -0.2146 -0.7064 -0.6745
vn -0.2145 -0.7064 -0.6745
vn -0.1741 -0.8186 -0.5473
vn -0.1741 -0.8187 -0.5473
vn -0.1284 -0.9060 -0.4034
vn -0.1283 -0.9060 -0.4034
vn -0.0786 -0.9658 -0.2471
vn -0.0264 -0.9962 -0.0832
vn -0.0265 -0.9962 -0.0832
vn -0.0365 -0.9962 -0.0793
vn -0.1083 -0.9658 -0.2355
vn -0.1769 -0.9060 -0.3846
vn -0.2401 -0.8186 -0.5217
vn -0.2400 -0.8187 -0.5217
vn -0.2958 -0.7065 -0.6430
vn -0.2959 -0.7064 -0.6430
vn -0.3426 -0.5728 -0.7446
vn -0.3789 -0.4220 -0.8236
vn -0.4038 -0.2584 -0.8776
vn -0.4037 -0.2584 -0.8776
vn -0.4164 -0.0870 -0.9050
vn -0.0460 -0.9962 -0.0742
vn -0.0459 -0.9962 -0.0742
vn -0.1365 -0.9658 -0.2204
vn -0.1364 -0.9658 -0.2204
vn -0.2228 -0.9060 -0.3599
vn -0.3024 -0.8186 -0.4883
vn -0.3023 -0.8187 -0.4883
vn -0.3726 -0.7064 -0.6018
vn -0.3726 -0.7065 -0.6018
vn -0.4315 -0.5728 -0.6969
vn -0.4773 -0.4220 -0.7708
vn -0.4772 -0.4220 -0.7708
vn -0.5086 -0.2584 -0.8213
vn -0.5113 -0.2380 -0.8258
vn -0.5374 -0.0871 -0.8388
vn -0.6558 -0.0871 -0.7499
vn -0.6046 -0.2644 -0.7513
vn -0.6056 -0.2584 -0.7526
vn -0.6057 -0.2584 -0.7526
vn -0.5683 -0.4220 -0.7064
vn -0.5684 -0.4219 -0.7063
vn -0.5139 -0.5728 -0.6386
vn -0.4437 -0.7065 -0.5514
vn -0.4437 -0.7064 -0.5514
vn -0.3600 -0.8187 -0.4474
vn -0.3601 -0.8186 -0.4474
vn -0.2654 -0.9060 -0.3298
vn -0.2653 -0.9060 -0.3298
vn -0.1625 -0.9658 -0.2020
vn -0.0547 -0.9962 -0.0680
vn -0.0548 -0.9962 -0.0680
vn -0.0627 -0.9962 -0.0608
vn -0.1862 -0.9658 -0.1805
vn -0.1861 -0.9658 -0.1805
vn -0.3039 -0.9060 -0.2947
vn -0.4123 -0.8186 -0.3998
vn -0.4123 -0.8187 -0.3998
vn -0.5081 -0.7064 -0.4927
vn -0.5885 -0.5728 -0.5706
vn -0.5884 -0.5729 -0.5706
vn -0.6509 -0.4219 -0.6311
vn -0.6508 -0.4220 -0.6312
vn -0.6935 -0.2584 -0.6725
vn -0.7152 -0.0870 -0.6935
vn -0.7950 -0.0870 -0.6003
vn -0.7913 -0.1555 -0.5913
vn -0.7598 -0.0871 -0.6442
vn -0.8776 -0.0871 -0.4713
vn -0.8301 -0.2852 -0.4792
vn -0.8366 -0.2584 -0.4830
vn -0.7851 -0.4220 -0.4533
vn -0.7099 -0.5728 -0.4098
vn -0.7098 -0.5729 -0.4099
vn -0.6130 -0.7064 -0.3539
vn -0.6129 -0.7065 -0.3539
vn -0.4974 -0.8186 -0.2871
vn -0.4973 -0.8187 -0.2871
vn -0.3666 -0.9060 -0.2117
vn -0.2245 -0.9658 -0.1296
vn -0.9379 -0.0871 -0.3359
vn -0.9105 -0.1498 -0.3854
vn -0.8896 -0.2584 -0.3766
vn -0.8897 -0.2584 -0.3765
vn -0.8349 -0.4219 -0.3534
vn -0.8349 -0.4220 -0.3534
vn -0.7548 -0.5729 -0.3195
vn -0.7549 -0.5728 -0.3195
vn -0.6518 -0.7065 -0.2759
vn -0.6518 -0.7064 -0.2759
vn -0.5288 -0.8187 -0.2239
vn -0.5289 -0.8186 -0.2238
vn -0.3898 -0.9060 -0.1650
vn -0.2387 -0.9658 -0.1011
vn -0.0804 -0.9962 -0.0340
vn -0.0842 -0.9962 -0.0239
vn -0.0839 -0.9962 -0.0239
vn -0.2494 -0.9658 -0.0710
vn -0.2493 -0.9658 -0.0710
vn -0.4072 -0.9060 -0.1158
vn -0.4073 -0.9059 -0.1158
vn -0.5524 -0.8187 -0.1572
vn -0.5524 -0.8186 -0.1572
vn -0.6807 -0.7064 -0.1937
vn -0.6807 -0.7065 -0.1937
vn -0.7884 -0.5728 -0.2243
vn -0.7884 -0.5729 -0.2243
vn -0.8720 -0.4219 -0.2481
vn -0.8720 -0.4220 -0.2481
vn -0.9292 -0.2584 -0.2644
vn -0.9582 -0.0870 -0.2727
vn -0.9582 -0.0870 -0.2726
vn -0.0863 -0.9962 -0.0134
vn -0.0864 -0.9962 -0.0134
vn -0.2562 -0.9658 -0.0398
vn -0.4183 -0.9060 -0.0649
vn -0.5675 -0.8186 -0.0881
vn -0.5674 -0.8187 -0.0881
vn -0.6994 -0.7064 -0.1086
vn -0.8099 -0.5729 -0.1257
vn -0.8100 -0.5728 -0.1257
vn -0.8959 -0.4220 -0.1391
vn -0.9546 -0.2584 -0.1482
vn -0.9530 -0.2644 -0.1479
vn -0.9873 -0.0871 -0.1326
vn -0.9961 -0.0871 0.0153
vn -0.9708 -0.2380 -0.0299
vn -0.9656 -0.2584 -0.0297
vn -0.9656 -0.2584 -0.0298
vn -0.9062 -0.4220 -0.0279
vn -0.8193 -0.5728 -0.0252
vn -0.7074 -0.7065 -0.0218
vn -0.5741 -0.8186 -0.0177
vn -0.5740 -0.8187 -0.0177
vn -0.4232 -0.9059 -0.0130
vn -0.4231 -0.9060 -0.0130
vn -0.2591 -0.9658 -0.0080
vn -0.2592 -0.9658 -0.0080
vn -0.0872 -0.9962 -0.0027
vn -0.0871 -0.9962 0.0081
vn -0.0868 -0.9962 0.0081
vn -0.2582 -0.9658 0.0239
vn -0.2581 -0.9658 0.0239
vn -0.4215 -0.9060 0.0391
vn -0.5718 -0.8187 0.0530
vn -0.7048 -0.7064 0.0653
vn -0.7047 -0.7065 0.0653
vn -0.8162 -0.5728 0.0756
vn -0.9028 -0.4219 0.0836
vn -0.9027 -0.4220 0.0837
vn -0.9619 -0.2584 0.0891
vn -0.9920 -0.0870 0.0919
vn -0.9731 -0.0870 0.2131
vn -0.9503 -0.2217 0.2184
vn -0.9828 -0.0872 0.1629
vn -0.9271 -0.0871 0.3646
vn -0.9054 -0.2800 0.3190
vn -0.9111 -0.2583 0.3210
vn -0.9111 -0.2584 0.3211
vn -0.8550 -0.4220 0.3014
vn -0.8551 -0.4220 0.3013
vn -0.7731 -0.5728 0.2724
vn -0.6675 -0.7065 0.2352
vn -0.5417 -0.8186 0.1909
vn -0.5416 -0.8187 0.1909
vn -0.3992 -0.9060 0.1407
vn -0.3993 -0.9060 0.1407
vn -0.2446 -0.9658 0.0862
vn -0.2445 -0.9658 0.0862
vn -0.0823 -0.9962 0.0290
vn -0.0825 -0.9962 0.0290
vn -0.0782 -0.9962 0.0389
vn -0.0781 -0.9962 0.0389
vn -0.2322 -0.9658 0.1156
vn -0.2321 -0.9658 0.1156
vn -0.3789 -0.9060 0.1887
vn -0.3790 -0.9060 0.1887
vn -0.5141 -0.8186 0.2560
vn -0.5141 -0.8187 0.2560
vn -0.6335 -0.7065 0.3155
vn -0.6336 -0.7064 0.3155
vn -0.7337 -0.5728 0.3654
vn -0.7338 -0.5728 0.3654
vn -0.8116 -0.4219 0.4041
vn -0.8116 -0.4220 0.4041
vn -0.8648 -0.2584 0.4306
vn -0.8918 -0.0870 0.4440
vn -0.8918 -0.0870 0.4441
vn -0.0728 -0.9962 0.0482
vn -0.0727 -0.9962 0.0482
vn -0.2162 -0.9658 0.1432
vn -0.2160 -0.9658 0.1432
vn -0.3529 -0.9060 0.2338
vn -0.4787 -0.8187 0.3172
vn -0.5900 -0.7064 0.3909
vn -0.6832 -0.5729 0.4528
vn -0.6833 -0.5729 0.4528
vn -0.7558 -0.4220 0.5008
vn -0.8053 -0.2584 0.5336
vn -0.8053 -0.2583 0.5336
vn -0.8305 -0.0870 0.5503
vn -0.8304 -0.0870 0.5503
vn -0.0664 -0.9962 0.0568
vn -0.0663 -0.9962 0.0568
vn -0.1969 -0.9658 0.1687
vn -0.1968 -0.9658 0.1687
vn -0.3215 -0.9060 0.2754
vn -0.4362 -0.8186 0.3736
vn -0.4361 -0.8187 0.3737
vn -0.5375 -0.7065 0.4605
vn -0.5375 -0.7064 0.4605
vn -0.6225 -0.5728 0.5333
vn -0.6885 -0.4220 0.5898
vn -0.6885 -0.4220 0.5899
vn -0.7336 -0.2584 0.6285
vn -0.7291 -0.2800 0.6246
vn -0.7396 -0.0871 0.6674
vn -0.6325 -0.0871 0.7697
vn -0.6601 -0.1999 0.7241
vn -0.6508 -0.2584 0.7139
vn -0.6508 -0.2583 0.7139
vn -0.6107 -0.4220 0.6700
vn -0.6108 -0.4219 0.6700
vn -0.5522 -0.5728 0.6057
vn -0.5522 -0.5728 0.6058
vn -0.4768 -0.7064 0.5230
vn -0.4767 -0.7065 0.5231
vn -0.3870 -0.8186 0.4244
vn -0.3869 -0.8187 0.4244
vn -0.2852 -0.9060 0.3128
vn -0.1746 -0.9658 0.1916
vn -0.1747 -0.9658 0.1916
vn -0.0588 -0.9962 0.0645
vn -0.0589 -0.9962 0.0645
vn -0.0505 -0.9962 0.0713
vn -0.0504 -0.9962 0.0713
vn -0.1499 -0.9658 0.2116
vn -0.1498 -0.9658 0.2116
vn -0.2445 -0.9060 0.3455
vn -0.2446 -0.9060 0.3455
vn -0.3319 -0.8186 0.4687
vn -0.3318 -0.8186 0.4687
vn -0.4089 -0.7065 0.5777
vn -0.4090 -0.7064 0.5777
vn -0.4736 -0.5728 0.6690
vn -0.5238 -0.4219 0.7400
vn -0.5581 -0.2584 0.7885
vn -0.5582 -0.2584 0.7885
vn -0.5756 -0.0869 0.8131
vn -0.5756 -0.0870 0.8131
vn -0.0413 -0.9962 0.0769
vn -0.0412 -0.9962 0.0769
vn -0.1227 -0.9658 0.2284
vn -0.1226 -0.9658 0.2284
vn -0.2003 -0.9060 0.3730
vn -0.2003 -0.9060 0.3729
vn -0.2717 -0.8186 0.5060
vn -0.3348 -0.7065 0.6236
vn -0.3349 -0.7064 0.6236
vn -0.3878 -0.5728 0.7221
vn -0.3878 -0.5729 0.7221
vn -0.4289 -0.4219 0.7987
vn -0.4289 -0.4220 0.7988
vn -0.4570 -0.2584 0.8511
vn -0.4570 -0.2583 0.8511
vn -0.4595 -0.2380 0.8557
vn -0.4577 -0.0870 0.8848
vn -0.3214 -0.0872 0.9429
vn -0.3484 -0.2645 0.8993
vn -0.3490 -0.2583 0.9008
vn -0.3275 -0.4220 0.8454
vn -0.2961 -0.5728 0.7643
vn -0.2557 -0.7065 0.6600
vn -0.2557 -0.7064 0.6600
vn -0.2075 -0.8187 0.5355
vn -0.2075 -0.8186 0.5355
vn -0.1529 -0.9060 0.3947
vn -0.1529 -0.9060 0.3948
vn -0.0936 -0.9658 0.2418
vn -0.0937 -0.9658 0.2418
vn -0.0315 -0.9962 0.0814
vn -0.0213 -0.9962 0.0847
vn -0.0633 -0.9658 0.2514
vn -0.0632 -0.9658 0.2514
vn -0.1033 -0.9060 0.4105
vn -0.1401 -0.8187 0.5569
vn -0.1401 -0.8186 0.5570
vn -0.1726 -0.7064 0.6864
vn -0.1726 -0.7065 0.6864
vn -0.1999 -0.5728 0.7949
vn -0.2212 -0.4219 0.8792
vn -0.2211 -0.4219 0.8793
vn -0.2356 -0.2584 0.9369
vn -0.2357 -0.2584 0.9369
vn -0.2430 -0.0870 0.9661
vn -0.1224 -0.0870 0.9887
vn -0.1164 -0.1554 0.9810
vn -0.1780 -0.0871 0.9802
vn 0.0307 -0.0870 0.9957
vn -0.0000 -0.2852 0.9585
vn -0.0000 -0.2584 0.9660
vn -0.0000 -0.4220 0.9066
vn -0.0000 -0.5728 0.8197
vn -0.0000 -0.5729 0.8197
vn -0.0000 -0.7064 0.7078
vn -0.0000 -0.7065 0.7078
vn -0.0000 -0.8187 0.5743
vn -0.0000 -0.9060 0.4233
vn -0.0000 -0.9658 0.2593
vn -0.0000 -0.9962 0.0873
vn 0.1781 -0.0871 0.9802
vn 0.1215 -0.1499 0.9812
vn 0.1187 -0.2583 0.9587
vn 0.1187 -0.2584 0.9587
vn 0.1114 -0.4220 0.8997
vn 0.1114 -0.4219 0.8998
vn 0.1007 -0.5728 0.8135
vn 0.0870 -0.7065 0.7024
vn 0.0870 -0.7064 0.7024
vn 0.0706 -0.8187 0.5699
vn 0.0520 -0.9060 0.4201
vn 0.0319 -0.9658 0.2573
vn 0.0107 -0.9962 0.0866
vn 0.0107 -0.9962 0.0867
vn 0.0213 -0.9962 0.0847
vn 0.0633 -0.9658 0.2514
vn 0.0632 -0.9658 0.2514
vn 0.1033 -0.9060 0.4105
vn 0.1401 -0.8187 0.5569
vn 0.1401 -0.8186 0.5569
vn 0.1726 -0.7065 0.6864
vn 0.2000 -0.5728 0.7949
vn 0.1999 -0.5729 0.7949
vn 0.2212 -0.4219 0.8793
vn 0.2211 -0.4220 0.8792
vn 0.2356 -0.2584 0.9369
vn 0.2430 -0.0869 0.9661
vn 0.2430 -0.0870 0.9661
vn 0.0315 -0.9962 0.0814
vn 0.0316 -0.9962 0.0814
vn 0.0936 -0.9658 0.2418
vn 0.0937 -0.9658 0.2418
vn 0.1529 -0.9060 0.3948
vn 0.1530 -0.9060 0.3947
vn 0.2075 -0.8186 0.5355
vn 0.2075 -0.8187 0.5355
vn 0.2557 -0.7064 0.6600
vn 0.2557 -0.7065 0.6600
vn 0.2961 -0.5728 0.7643
vn 0.3275 -0.4220 0.8454
vn 0.3490 -0.2584 0.9008
vn 0.3490 -0.2583 0.9008
vn 0.3484 -0.2644 0.8993
vn 0.3789 -0.0871 0.9213
vn 0.5113 -0.0871 0.8550
vn 0.4595 -0.2380 0.8557
vn 0.4570 -0.2583 0.8511
vn 0.4571 -0.2583 0.8511
vn 0.4288 -0.4220 0.7988
vn 0.4290 -0.4219 0.7987
vn 0.3878 -0.5729 0.7221
vn 0.3878 -0.5728 0.7221
vn 0.3349 -0.7064 0.6235
vn 0.3348 -0.7064 0.6236
vn 0.2717 -0.8187 0.5060
vn 0.2717 -0.8186 0.5060
vn 0.2003 -0.9060 0.3729
vn 0.2003 -0.9060 0.3730
vn 0.1226 -0.9658 0.2284
vn 0.1227 -0.9658 0.2284
vn 0.0412 -0.9962 0.0769
vn 0.0413 -0.9962 0.0769
vn 0.0505 -0.9962 0.0713
vn 0.0504 -0.9962 0.0713
vn 0.1499 -0.9658 0.2116
vn 0.1498 -0.9658 0.2116
vn 0.2445 -0.9060 0.3455
vn 0.2446 -0.9060 0.3455
vn 0.3318 -0.8187 0.4687
vn 0.3319 -0.8186 0.4687
vn 0.4089 -0.7065 0.5777
vn 0.4090 -0.7064 0.5777
vn 0.4736 -0.5728 0.6690
vn 0.5238 -0.4220 0.7400
vn 0.5238 -0.4219 0.7400
vn 0.5581 -0.2584 0.7885
vn 0.5756 -0.0869 0.8131
vn 0.5756 -0.0870 0.8131
vn 0.6712 -0.0870 0.7362
vn 0.6643 -0.2217 0.7138
vn 0.6325 -0.0871 0.7696
vn 0.7793 -0.0871 0.6206
vn 0.7291 -0.2800 0.6246
vn 0.7336 -0.2584 0.6285
vn 0.6884 -0.4220 0.5899
vn 0.6885 -0.4219 0.5898
vn 0.6225 -0.5728 0.5333
vn 0.6224 -0.5729 0.5333
vn 0.5375 -0.7064 0.4605
vn 0.4361 -0.8187 0.3737
vn 0.4362 -0.8186 0.3736
vn 0.3215 -0.9060 0.2754
vn 0.3214 -0.9060 0.2754
vn 0.1968 -0.9658 0.1687
vn 0.1969 -0.9658 0.1687
vn 0.0663 -0.9962 0.0568
vn 0.0728 -0.9962 0.0482
vn 0.0727 -0.9962 0.0482
vn 0.2162 -0.9658 0.1432
vn 0.2161 -0.9658 0.1432
vn 0.3528 -0.9060 0.2338
vn 0.3530 -0.9059 0.2338
vn 0.4787 -0.8187 0.3172
vn 0.5900 -0.7064 0.3910
vn 0.5901 -0.7064 0.3909
vn 0.6833 -0.5729 0.4528
vn 0.7558 -0.4219 0.5007
vn 0.7557 -0.4220 0.5008
vn 0.8053 -0.2584 0.5336
vn 0.8305 -0.0870 0.5503
vn 0.8304 -0.0870 0.5503
vn 0.0782 -0.9962 0.0389
vn 0.0781 -0.9962 0.0389
vn 0.2321 -0.9658 0.1156
vn 0.3789 -0.9060 0.1887
vn 0.3790 -0.9060 0.1887
vn 0.5141 -0.8186 0.2560
vn 0.5141 -0.8187 0.2560
vn 0.6336 -0.7064 0.3155
vn 0.6336 -0.7065 0.3155
vn 0.7337 -0.5728 0.3654
vn 0.8116 -0.4219 0.4041
vn 0.8115 -0.4220 0.4041
vn 0.8648 -0.2584 0.4306
vn 0.8648 -0.2583 0.4306
vn 0.8918 -0.0870 0.4441
vn 0.8918 -0.0870 0.4440
vn 0.0824 -0.9962 0.0290
vn 0.0823 -0.9962 0.0290
vn 0.2446 -0.9658 0.0862
vn 0.2444 -0.9658 0.0862
vn 0.3992 -0.9060 0.1407
vn 0.3993 -0.9060 0.1407
vn 0.5416 -0.8187 0.1909
vn 0.5417 -0.8186 0.1909
vn 0.6675 -0.7065 0.2352
vn 0.7731 -0.5728 0.2724
vn 0.8551 -0.4220 0.3013
vn 0.9111 -0.2584 0.3211
vn 0.9111 -0.2583 0.3210
vn 0.9054 -0.2800 0.3190
vn 0.9477 -0.0871 0.3069
vn 0.9828 -0.0871 0.1629
vn 0.9571 -0.2000 0.2096
vn 0.9437 -0.2584 0.2067
vn 0.8856 -0.4219 0.1940
vn 0.8007 -0.5728 0.1753
vn 0.8007 -0.5729 0.1754
vn 0.6915 -0.7063 0.1514
vn 0.6913 -0.7065 0.1514
vn 0.5610 -0.8187 0.1229
vn 0.4135 -0.9060 0.0906
vn 0.4134 -0.9060 0.0906
vn 0.2533 -0.9658 0.0555
vn 0.0854 -0.9962 0.0187
vn 0.0852 -0.9962 0.0187
vn 0.0870 -0.9962 0.0081
vn 0.0869 -0.9962 0.0081
vn 0.2582 -0.9658 0.0239
vn 0.2581 -0.9658 0.0239
vn 0.4215 -0.9060 0.0391
vn 0.4216 -0.9059 0.0391
vn 0.5718 -0.8187 0.0530
vn 0.5719 -0.8186 0.0530
vn 0.7047 -0.7065 0.0653
vn 0.8162 -0.5728 0.0756
vn 0.9027 -0.4220 0.0837
vn 0.9028 -0.4219 0.0837
vn 0.9619 -0.2584 0.0891
vn 0.9920 -0.0870 0.0919
vn 0.0871 -0.9962 -0.0027
vn 0.0873 -0.9962 -0.0027
vn 0.2592 -0.9658 -0.0080
vn 0.2591 -0.9658 -0.0080
vn 0.4231 -0.9060 -0.0130
vn 0.5741 -0.8186 -0.0177
vn 0.5740 -0.8187 -0.0177
vn 0.7073 -0.7065 -0.0218
vn 0.7075 -0.7064 -0.0218
vn 0.8193 -0.5728 -0.0252
vn 0.9062 -0.4220 -0.0279
vn 0.9656 -0.2583 -0.0297
vn 0.9656 -0.2584 -0.0297
vn 0.9708 -0.2380 -0.0299
vn 0.9951 -0.0871 -0.0460
vn 0.9773 -0.0872 -0.1931
vn 0.9530 -0.2644 -0.1479
vn 0.9546 -0.2584 -0.1482
vn 0.8958 -0.4220 -0.1391
vn 0.8959 -0.4219 -0.1391
vn 0.8099 -0.5729 -0.1258
vn 0.8100 -0.5728 -0.1257
vn 0.6994 -0.7064 -0.1086
vn 0.5675 -0.8187 -0.0881
vn 0.4184 -0.9060 -0.0649
vn 0.4182 -0.9060 -0.0649
vn 0.2562 -0.9658 -0.0398
vn 0.0863 -0.9962 -0.0134
vn 0.0864 -0.9962 -0.0134
vn 0.0840 -0.9962 -0.0239
vn 0.2494 -0.9658 -0.0709
vn 0.2493 -0.9658 -0.0710
vn 0.4072 -0.9060 -0.1158
vn 0.4072 -0.9059 -0.1158
vn 0.5524 -0.8187 -0.1572
vn 0.6807 -0.7065 -0.1937
vn 0.6808 -0.7064 -0.1937
vn 0.7884 -0.5728 -0.2243
vn 0.8720 -0.4219 -0.2481
vn 0.9292 -0.2583 -0.2644
vn 0.9292 -0.2584 -0.2644
vn 0.9582 -0.0870 -0.2726
vn 0.9582 -0.0870 -0.2727
vn 0.9174 -0.0870 -0.3883
vn 0.9077 -0.1555 -0.3897
vn 0.9379 -0.0871 -0.3359
vn 0.8470 -0.0871 -0.5244
vn 0.8300 -0.2852 -0.4792
vn 0.8366 -0.2584 -0.4830
vn 0.7851 -0.4220 -0.4533
vn 0.7852 -0.4219 -0.4533
vn 0.7099 -0.5728 -0.4098
vn 0.6129 -0.7064 -0.3539
vn 0.6129 -0.7065 -0.3539
vn 0.4974 -0.8186 -0.2871
vn 0.4973 -0.8187 -0.2871
vn 0.2245 -0.9658 -0.1296
vn 0.0755 -0.9962 -0.0437
vn 0.7598 -0.0872 -0.6442
vn 0.7890 -0.1498 -0.5958
vn 0.7709 -0.2584 -0.5822
vn 0.7235 -0.4220 -0.5464
vn 0.7235 -0.4219 -0.5463
vn 0.6541 -0.5728 -0.4940
vn 0.5649 -0.7064 -0.4265
vn 0.5648 -0.7065 -0.4265
vn 0.4582 -0.8187 -0.3461
vn 0.4583 -0.8186 -0.3461
vn 0.3378 -0.9060 -0.2551
vn 0.2069 -0.9658 -0.1562
vn 0.0696 -0.9962 -0.0526
vn 0.0698 -0.9962 -0.0526
vn 0.0627 -0.9962 -0.0608
vn 0.0626 -0.9962 -0.0608
vn 0.1862 -0.9658 -0.1805
vn 0.1861 -0.9658 -0.1805
vn 0.3039 -0.9060 -0.2947
vn 0.4123 -0.8186 -0.3998
vn 0.4123 -0.8187 -0.3998
vn 0.5081 -0.7065 -0.4927
vn 0.5081 -0.7064 -0.4927
vn 0.5884 -0.5729 -0.5706
vn 0.5885 -0.5728 -0.5706
vn 0.6509 -0.4219 -0.6311
vn 0.6508 -0.4220 -0.6312
vn 0.6935 -0.2584 -0.6725
vn 0.7152 -0.0870 -0.6934
vn 0.7152 -0.0870 -0.6935
vn 0.0548 -0.9962 -0.0680
vn 0.0547 -0.9962 -0.0680
vn 0.1625 -0.9658 -0.2020
vn 0.2653 -0.9060 -0.3298
vn 0.2654 -0.9060 -0.3298
vn 0.3600 -0.8187 -0.4474
vn 0.3601 -0.8186 -0.4474
vn 0.4437 -0.7065 -0.5514
vn 0.4437 -0.7064 -0.5514
vn 0.5139 -0.5728 -0.6386
vn 0.5138 -0.5728 -0.6386
vn 0.5684 -0.4220 -0.7063
vn 0.5683 -0.4220 -0.7064
vn 0.6056 -0.2584 -0.7526
vn 0.6046 -0.2644 -0.7513
vn 0.6085 -0.0871 -0.7888
vn 0.4847 -0.0871 -0.8703
vn 0.5113 -0.2380 -0.8258
vn 0.5086 -0.2584 -0.8214
vn 0.5086 -0.2584 -0.8213
vn 0.4772 -0.4220 -0.7708
vn 0.4773 -0.4220 -0.7708
vn 0.4315 -0.5728 -0.6969
vn 0.3726 -0.7064 -0.6018
vn 0.3726 -0.7065 -0.6018
vn 0.3023 -0.8187 -0.4883
vn 0.2229 -0.9060 -0.3599
vn 0.2228 -0.9060 -0.3599
vn 0.1365 -0.9658 -0.2204
vn 0.0459 -0.9962 -0.0742
vn 0.0460 -0.9962 -0.0742
vn 0.0365 -0.9962 -0.0793
vn 0.1084 -0.9658 -0.2355
vn 0.1083 -0.9658 -0.2355
vn 0.1769 -0.9060 -0.3846
vn 0.2400 -0.8187 -0.5217
vn 0.2401 -0.8186 -0.5217
vn 0.2958 -0.7064 -0.6430
vn 0.2959 -0.7064 -0.6430
vn 0.3426 -0.5728 -0.7447
vn 0.3426 -0.5728 -0.7446
vn 0.3789 -0.4220 -0.8236
vn 0.4038 -0.2584 -0.8776
vn 0.4164 -0.0870 -0.9050
vn 0.3020 -0.0870 -0.9493
vn 0.2860 -0.2217 -0.9322
vn 0.3503 -0.0871 -0.9326
vn 0.1477 -0.0871 -0.9852
vn 0.1764 -0.2801 -0.9436
vn 0.1775 -0.2584 -0.9496
vn 0.1666 -0.4220 -0.8912
vn 0.1506 -0.5728 -0.8057
vn 0.1300 -0.7065 -0.6957
vn 0.1300 -0.7064 -0.6957
vn 0.1055 -0.8187 -0.5645
vn 0.0778 -0.9060 -0.4161
vn 0.0476 -0.9658 -0.2548
vn 0.0477 -0.9658 -0.2549
vn 0.0160 -0.9962 -0.0858
vn 0.0161 -0.9962 -0.0858
vn 0.0054 -0.9962 -0.0871
vn 0.0160 -0.9658 -0.2588
vn 0.0261 -0.9060 -0.4225
vn 0.0354 -0.8187 -0.5732
vn 0.0436 -0.7064 -0.7064
vn 0.0505 -0.5728 -0.8181
vn 0.0558 -0.4220 -0.9049
vn 0.0595 -0.2584 -0.9642
vn 0.0613 -0.0870 -0.9943
vn 0.4071 -0.6023 -0.6866
vn 0.4914 -0.6025 -0.6289
vn 0.7532 -0.6023 -0.2643
vn 0.7806 -0.6025 -0.1660
vn 0.7469 -0.6023 0.2817
vn 0.7048 -0.6024 0.3747
vn 0.3910 -0.6023 0.6959
vn 0.2990 -0.6025 0.7400
vn -0.1478 -0.6023 0.7845
vn -0.2466 -0.6025 0.7591
vn -0.6174 -0.6023 0.5060
vn -0.6769 -0.6024 0.4229
vn -0.7982 -0.6023 -0.0093
vn -0.7904 -0.6025 -0.1111
vn -0.6055 -0.6023 -0.5202
vn -0.5341 -0.6025 -0.5931
vn -0.1295 -0.6023 -0.7877
vn -0.0279 -0.6025 -0.7976
vn 0.2773 -0.0717 -0.9581
vn 0.3951 -0.0717 -0.9159
vn 0.5808 -0.0718 -0.8108
vn 0.6845 -0.0717 -0.7255
vn 0.8900 -0.0717 -0.4504
vn 0.9373 -0.0717 -0.3411
vn 0.9892 -0.0718 -0.1279
vn 0.9974 -0.0717 -0.0000
vn 0.9752 -0.0718 0.2092
vn 0.9373 -0.0717 0.3412
vn 0.7680 -0.0717 0.6364
vn 0.6845 -0.0717 0.7255
vn 0.5119 -0.0718 0.8561
vn 0.3950 -0.0717 0.9159
vn 0.0580 -0.0717 0.9957
vn -0.2773 -0.0717 0.9581
vn -0.3951 -0.0717 0.9159
vn -0.5808 -0.0718 0.8109
vn -0.6845 -0.0717 0.7255
vn -0.8900 -0.0717 0.4504
vn -0.9373 -0.0717 0.3411
vn -0.9892 -0.0718 0.1279
vn -0.9974 -0.0717 -0.0000
vn -0.9752 -0.0718 -0.2091
vn -0.9373 -0.0717 -0.3411
vn -0.7680 -0.0717 -0.6364
vn -0.6845 -0.0717 -0.7255
vn -0.5119 -0.0717 -0.8561
vn -0.3950 -0.0717 -0.9159
vn -0.0580 -0.0717 -0.9957
vn -0.2770 0.0863 -0.9570
vn -0.8921 -0.0190 -0.4515
vn -0.7696 0.0337 0.6377
vn 0.2770 0.0863 0.9570
vn 0.8921 -0.0191 0.4514
vn 0.7695 0.0338 -0.6377
vn 0.1400 -0.0718 -0.9875
vn 0.0580 -0.0717 -0.9957
vn 0.0568 -0.2136 -0.9753
vn -0.0568 -0.2136 -0.9753
vn -0.0544 -0.3512 -0.9347
vn -0.1626 -0.3512 -0.9221
vn -0.1522 -0.4816 -0.8631
vn -0.2513 -0.4816 -0.8396
vn -0.1697 -0.2136 -0.9621
vn -0.2686 -0.3512 -0.8970
vn -0.2514 -0.4816 -0.8396
vn -0.3472 -0.4816 -0.8047
vn -0.5808 -0.0718 -0.8109
vn -0.5910 0.1435 -0.7938
vn -0.5834 -0.2136 -0.7836
vn -0.6704 -0.2136 -0.7106
vn -0.6425 -0.3512 -0.6810
vn -0.7173 -0.3512 -0.6018
vn -0.6714 -0.4816 -0.5633
vn -0.7322 -0.4816 -0.4816
vn -0.6270 -0.0718 -0.7757
vn -0.7484 -0.2136 -0.6279
vn -0.7823 -0.3512 -0.5145
vn -0.7831 -0.4816 -0.3933
vn -0.9614 -0.0718 -0.2655
vn -0.9606 0.1596 -0.2277
vn -0.9506 -0.2136 -0.2253
vn -0.9703 -0.2136 -0.1134
vn -0.9300 -0.3512 -0.1087
vn -0.9363 -0.3512 -0.0000
vn -0.8764 -0.4816 -0.0000
vn -0.8705 -0.4816 0.1017
vn -0.9892 -0.0717 -0.1279
vn -0.9888 0.0945 -0.1156
vn -0.9769 -0.2136 -0.0000
vn -0.9300 -0.3512 0.1087
vn -0.8528 -0.4816 0.2021
vn -0.9146 -0.0718 0.3979
vn -0.8934 -0.0218 0.4487
vn -0.8730 -0.2137 0.4385
vn -0.8162 -0.2136 0.5368
vn -0.7822 -0.3512 0.5145
vn -0.7172 -0.3512 0.6019
vn -0.6714 -0.4816 0.5633
vn -0.6014 -0.4816 0.6375
vn -0.8497 -0.0718 0.5223
vn -0.8225 0.1756 0.5410
vn -0.7484 -0.2136 0.6279
vn -0.7173 -0.3512 0.6018
vn -0.6425 -0.3512 0.6810
vn -0.5233 -0.4816 0.7030
vn -0.4612 -0.0718 0.8844
vn -0.3951 -0.0718 0.9159
vn -0.3869 -0.2136 0.8970
vn -0.2802 -0.2136 0.9359
vn -0.2686 -0.3512 0.8970
vn -0.1626 -0.3512 0.9221
vn -0.1522 -0.4816 0.8631
vn -0.0510 -0.4816 0.8749
vn -0.3325 -0.0718 0.9404
vn -0.2862 0.0614 0.9562
vn -0.1696 -0.2136 0.9621
vn -0.0544 -0.3512 0.9347
vn 0.0510 -0.4815 0.8749
vn 0.1972 -0.0718 0.9777
vn 0.2861 -0.0717 0.9555
vn 0.2802 -0.2137 0.9359
vn 0.3869 -0.2136 0.8970
vn 0.3709 -0.3512 0.8597
vn 0.4681 -0.3512 0.8109
vn 0.4382 -0.4816 0.7590
vn 0.5234 -0.4815 0.7030
vn 0.3325 -0.0718 0.9404
vn 0.3951 -0.0717 0.9158
vn 0.4885 -0.2136 0.8460
vn 0.4682 -0.3513 0.8108
vn 0.5591 -0.3512 0.7510
vn 0.5233 -0.4816 0.7030
vn 0.6014 -0.4816 0.6375
vn 0.8179 -0.0718 0.5708
vn 0.8225 0.1756 0.5410
vn 0.8162 -0.2136 0.5368
vn 0.8730 -0.2136 0.4384
vn 0.8367 -0.3512 0.4202
vn 0.8799 -0.3512 0.3202
vn 0.8235 -0.4816 0.2998
vn 0.8528 -0.4816 0.2021
vn 0.8497 -0.0718 0.5223
vn 0.8913 -0.0717 0.4476
vn 0.8730 -0.2137 0.4385
vn 0.9180 -0.2137 0.3342
vn 0.8798 -0.3512 0.3202
vn 0.9111 -0.3512 0.2159
vn 0.8705 -0.4816 0.1017
vn 0.9949 -0.0718 -0.0702
vn 0.9888 0.0945 -0.1156
vn 0.9703 -0.2136 -0.1134
vn 0.9506 -0.2137 -0.2253
vn 0.9111 -0.3512 -0.2159
vn 0.8798 -0.3512 -0.3202
vn 0.8236 -0.4816 -0.2997
vn 0.7832 -0.4816 -0.3934
vn 0.9752 -0.0718 -0.2091
vn 0.9606 0.1596 -0.2277
vn 0.9506 -0.2136 -0.2253
vn 0.9180 -0.2136 -0.3341
vn 0.8798 -0.3512 -0.3203
vn 0.8367 -0.3512 -0.4202
vn 0.7832 -0.4816 -0.3933
vn 0.7322 -0.4816 -0.4816
vn 0.7297 -0.0718 -0.6800
vn 0.6704 -0.2136 -0.7106
vn 0.5834 -0.2136 -0.7836
vn 0.5591 -0.3512 -0.7510
vn 0.4681 -0.3512 -0.8109
vn 0.4382 -0.4816 -0.7590
vn 0.3471 -0.4816 -0.8047
vn 0.6270 -0.0718 -0.7757
vn 0.5910 0.1435 -0.7938
vn 0.4884 -0.2136 -0.8460
vn 0.4682 -0.3512 -0.8108
vn 0.3708 -0.3512 -0.8597
vn 0.2513 -0.4816 -0.8396
vn -0.0742 -0.6026 -0.7946
vn -0.0399 -0.7270 -0.6855
vn -0.0510 -0.4816 -0.8749
vn 0.0510 -0.4816 -0.8749
vn 0.0544 -0.3512 -0.9347
vn 0.1626 -0.3512 -0.9221
vn 0.1696 -0.2136 -0.9621
vn 0.2802 -0.2136 -0.9359
vn 0.2863 0.0615 -0.9562
vn 0.3325 -0.0718 -0.9404
vn 0.1972 -0.0718 -0.9777
vn 0.1711 0.1703 -0.9704
vn -0.1255 -0.6914 -0.7115
vn -0.4539 -0.6026 -0.6564
vn -0.3992 -0.6021 -0.6915
vn -0.4382 -0.4816 -0.7590
vn -0.3471 -0.4816 -0.8047
vn -0.3708 -0.3512 -0.8597
vn -0.2685 -0.3512 -0.8970
vn -0.2802 -0.2136 -0.9359
vn -0.1696 -0.2136 -0.9621
vn -0.1711 0.1703 -0.9704
vn -0.1400 -0.0718 -0.9875
vn -0.3593 -0.7097 -0.6060
vn -0.3664 -0.6027 -0.7089
vn -0.3162 -0.6021 -0.7331
vn -0.3162 -0.6021 -0.7332
vn -0.2290 -0.6021 -0.7649
vn -0.1750 -0.6027 -0.7785
vn -0.1972 -0.0718 -0.9777
vn -0.2860 -0.0717 -0.9555
vn -0.3870 -0.2136 -0.8970
vn -0.4682 -0.3512 -0.8108
vn -0.4381 -0.4816 -0.7590
vn -0.5234 -0.4816 -0.7030
vn -0.4100 -0.7270 -0.5508
vn -0.4914 -0.6025 -0.6289
vn -0.5676 -0.6026 -0.5610
vn -0.4712 -0.7270 -0.4995
vn -0.6015 -0.4816 -0.6374
vn -0.5591 -0.3512 -0.7510
vn -0.4681 -0.3512 -0.8109
vn -0.4884 -0.2136 -0.8460
vn -0.3869 -0.2136 -0.8970
vn -0.3951 -0.0717 -0.9158
vn -0.3325 -0.0718 -0.9404
vn -0.4612 -0.0718 -0.8844
vn -0.4963 0.1218 -0.8596
vn -0.4885 -0.2136 -0.8460
vn -0.6014 -0.4816 -0.6375
vn -0.5534 -0.6915 -0.4644
vn -0.7696 -0.6026 -0.2110
vn -0.7504 -0.6020 -0.2730
vn -0.8235 -0.4816 -0.2998
vn -0.7832 -0.4816 -0.3933
vn -0.8367 -0.3512 -0.4202
vn -0.8162 -0.2136 -0.5368
vn -0.7484 -0.2136 -0.6280
vn -0.7658 0.0226 -0.6426
vn -0.7297 -0.0718 -0.6800
vn -0.6648 -0.7097 -0.2333
vn -0.7364 -0.6027 -0.3075
vn -0.7135 -0.6020 -0.3583
vn -0.7136 -0.6020 -0.3583
vn -0.6671 -0.6021 -0.4387
vn -0.6670 -0.6021 -0.4388
vn -0.6344 -0.6027 -0.4840
vn -0.8179 -0.0718 -0.5708
vn -0.8225 0.1756 -0.5410
vn -0.8730 -0.2137 -0.4385
vn -0.8798 -0.3512 -0.3202
vn -0.8528 -0.4816 -0.2021
vn -0.6682 -0.7270 -0.1584
vn -0.7806 -0.6025 -0.1660
vn -0.7954 -0.6026 -0.0649
vn -0.6820 -0.7270 -0.0797
vn -0.8704 -0.4816 -0.1018
vn -0.9111 -0.3512 -0.2159
vn -0.8798 -0.3512 -0.3203
vn -0.9180 -0.2137 -0.3341
vn -0.8914 -0.0717 -0.4476
vn -0.8497 -0.0718 -0.5224
vn -0.9146 -0.0718 -0.3979
vn -0.9373 -0.0717 -0.3412
vn -0.9180 -0.2136 -0.3341
vn -0.8705 -0.4815 -0.1017
vn -0.7225 -0.6914 -0.0000
vn -0.7252 -0.6026 0.3331
vn -0.7504 -0.6020 0.2730
vn -0.8235 -0.4816 0.2998
vn -0.9111 -0.3512 0.2159
vn -0.9703 -0.2137 0.1134
vn -0.9769 -0.2137 -0.0000
vn -0.9949 -0.0718 -0.0702
vn -0.6592 -0.7097 0.2487
vn -0.7618 -0.6027 0.2377
vn -0.7769 -0.6021 0.1841
vn -0.7770 -0.6020 0.1841
vn -0.7930 -0.6021 0.0927
vn -0.7971 -0.6027 0.0371
vn -0.9949 -0.0718 0.0702
vn -0.9888 0.0945 0.1156
vn -0.9703 -0.2136 0.1134
vn -0.9506 -0.2137 0.2253
vn -0.8798 -0.3512 0.3202
vn -0.7831 -0.4816 0.3933
vn -0.6136 -0.7270 0.3082
vn -0.7048 -0.6024 0.3747
vn -0.6510 -0.6026 0.4615
vn -0.5737 -0.7269 0.3773
vn -0.7322 -0.4816 0.4816
vn -0.7832 -0.4816 0.3933
vn -0.8367 -0.3512 0.4202
vn -0.9180 -0.2136 0.3341
vn -0.9506 -0.2136 0.2253
vn -0.9606 0.1596 0.2277
vn -0.9752 -0.0718 0.2092
vn -0.9614 -0.0718 0.2655
vn -0.9372 -0.0717 0.3412
vn -0.8730 -0.2136 0.4384
vn -0.7823 -0.3512 0.5145
vn -0.6713 -0.4817 0.5634
vn -0.5534 -0.6914 0.4644
vn -0.3415 -0.6026 0.7213
vn -0.3993 -0.6020 0.6915
vn -0.4382 -0.4816 0.7590
vn -0.5234 -0.4816 0.7030
vn -0.5591 -0.3512 0.7510
vn -0.6425 -0.3512 0.6811
vn -0.6704 -0.2136 0.7105
vn -0.7483 -0.2136 0.6280
vn -0.7641 -0.0717 0.6411
vn -0.8179 -0.0718 0.5708
vn -0.3451 -0.7097 0.6142
vn -0.4307 -0.6027 0.6717
vn -0.4768 -0.6021 0.6405
vn -0.4768 -0.6021 0.6404
vn -0.5480 -0.6021 0.5807
vn -0.5479 -0.6021 0.5808
vn -0.5868 -0.6027 0.5408
vn -0.7297 -0.0718 0.6800
vn -0.6704 -0.2137 0.7106
vn -0.5834 -0.2137 0.7836
vn -0.5592 -0.3512 0.7510
vn -0.4681 -0.3513 0.8109
vn -0.3471 -0.4816 0.8047
vn -0.2720 -0.7270 0.6305
vn -0.2990 -0.6025 0.7400
vn -0.2021 -0.6026 0.7720
vn -0.1969 -0.7269 0.6579
vn -0.2513 -0.4816 0.8396
vn -0.3709 -0.3512 0.8597
vn -0.4682 -0.3512 0.8108
vn -0.4885 -0.2137 0.8460
vn -0.5834 -0.2136 0.7836
vn -0.5910 0.1435 0.7938
vn -0.6270 -0.0718 0.7757
vn -0.5119 -0.0717 0.8561
vn -0.4963 0.1218 0.8596
vn -0.4884 -0.2136 0.8460
vn -0.3708 -0.3512 0.8597
vn -0.2685 -0.3512 0.8970
vn -0.2514 -0.4816 0.8396
vn -0.1254 -0.6915 0.7114
vn 0.2021 -0.6027 0.7720
vn 0.1386 -0.6021 0.7863
vn 0.1522 -0.4816 0.8631
vn 0.0510 -0.4816 0.8749
vn 0.0544 -0.3512 0.9347
vn -0.0568 -0.2137 0.9753
vn -0.1711 0.1702 0.9704
vn -0.1972 -0.0718 0.9777
vn 0.1304 -0.7097 0.6923
vn 0.1018 -0.6027 0.7915
vn 0.0464 -0.6021 0.7970
vn 0.0464 -0.6020 0.7971
vn -0.0464 -0.6021 0.7971
vn -0.1018 -0.6027 0.7915
vn -0.1400 -0.0717 0.9875
vn -0.0580 -0.0718 0.9957
vn -0.0568 -0.2136 0.9753
vn 0.0568 -0.2136 0.9753
vn 0.1626 -0.3512 0.9221
vn 0.2514 -0.4816 0.8396
vn 0.1969 -0.7269 0.6578
vn 0.2466 -0.6025 0.7591
vn 0.3414 -0.6026 0.7213
vn 0.2720 -0.7270 0.6305
vn 0.3471 -0.4816 0.8047
vn 0.2513 -0.4816 0.8396
vn 0.2685 -0.3512 0.8970
vn 0.1696 -0.2137 0.9621
vn 0.0568 -0.2137 0.9752
vn -0.0580 -0.0716 0.9957
vn 0.1400 -0.0717 0.9875
vn 0.1711 0.1703 0.9704
vn 0.1696 -0.2136 0.9621
vn 0.2802 -0.2136 0.9359
vn 0.3708 -0.3512 0.8597
vn 0.3613 -0.6914 0.6256
vn 0.6510 -0.6026 0.4615
vn 0.6116 -0.6021 0.5132
vn 0.6713 -0.4816 0.5633
vn 0.6425 -0.3512 0.6810
vn 0.5592 -0.3512 0.7510
vn 0.5833 -0.2136 0.7836
vn 0.4884 -0.2136 0.8461
vn 0.4963 0.1218 0.8596
vn 0.4612 -0.0718 0.8844
vn 0.5449 -0.7097 0.4466
vn 0.5868 -0.6027 0.5408
vn 0.5479 -0.6021 0.5808
vn 0.4768 -0.6021 0.6405
vn 0.4768 -0.6021 0.6404
vn 0.4307 -0.6027 0.6717
vn 0.5808 -0.0718 0.8109
vn 0.5910 0.1435 0.7938
vn 0.5834 -0.2136 0.7836
vn 0.6704 -0.2136 0.7106
vn 0.6425 -0.3512 0.6811
vn 0.7172 -0.3512 0.6019
vn 0.6714 -0.4816 0.5633
vn 0.7322 -0.4816 0.4816
vn 0.5737 -0.7269 0.3773
vn 0.6769 -0.6025 0.4229
vn 0.7252 -0.6026 0.3330
vn 0.6136 -0.7270 0.3082
vn 0.7831 -0.4816 0.3934
vn 0.7823 -0.3512 0.5145
vn 0.7172 -0.3512 0.6018
vn 0.7484 -0.2136 0.6280
vn 0.6844 -0.0717 0.7255
vn 0.6270 -0.0718 0.7757
vn 0.7297 -0.0718 0.6800
vn 0.7659 0.0226 0.6426
vn 0.7832 -0.4815 0.3933
vn 0.8236 -0.4816 0.2997
vn 0.6789 -0.6914 0.2471
vn 0.7954 -0.6026 -0.0649
vn 0.7984 -0.6021 -0.0000
vn 0.8764 -0.4817 -0.0000
vn 0.9300 -0.3512 0.1087
vn 0.9110 -0.3512 0.2159
vn 0.9506 -0.2136 0.2253
vn 0.9180 -0.2136 0.3341
vn 0.9146 -0.0718 0.3979
vn 0.7045 -0.7096 -0.0082
vn 0.7971 -0.6027 0.0371
vn 0.7930 -0.6021 0.0927
vn 0.7769 -0.6021 0.1841
vn 0.7770 -0.6020 0.1841
vn 0.7617 -0.6027 0.2377
vn 0.9614 -0.0718 0.2655
vn 0.9606 0.1596 0.2277
vn 0.9703 -0.2137 0.1134
vn 0.9363 -0.3512 -0.0000
vn 0.8764 -0.4816 -0.0000
vn 0.8705 -0.4816 -0.1017
vn 0.6820 -0.7270 -0.0797
vn 0.7904 -0.6025 -0.1111
vn 0.7696 -0.6026 -0.2110
vn 0.6682 -0.7270 -0.1584
vn 0.8528 -0.4816 -0.2021
vn 0.8705 -0.4816 -0.1018
vn 0.9300 -0.3512 -0.1087
vn 0.9769 -0.2136 -0.0000
vn 0.9703 -0.2136 0.1134
vn 0.9888 0.0945 0.1156
vn 0.9892 -0.0718 0.1279
vn 0.9949 -0.0718 0.0702
vn 0.9703 -0.2137 -0.1134
vn 0.8235 -0.4816 -0.2998
vn 0.6789 -0.6914 -0.2471
vn 0.5676 -0.6026 -0.5610
vn 0.6116 -0.6021 -0.5132
vn 0.6714 -0.4816 -0.5633
vn 0.7323 -0.4816 -0.4816
vn 0.7822 -0.3512 -0.5145
vn 0.8730 -0.2137 -0.4385
vn 0.9373 -0.0717 -0.3412
vn 0.9614 -0.0718 -0.2655
vn 0.5344 -0.7097 -0.4591
vn 0.6344 -0.6027 -0.4840
vn 0.6671 -0.6021 -0.4388
vn 0.6671 -0.6021 -0.4387
vn 0.7135 -0.6020 -0.3583
vn 0.7136 -0.6020 -0.3583
vn 0.7364 -0.6027 -0.3075
vn 0.9146 -0.0718 -0.3978
vn 0.8934 -0.0218 -0.4487
vn 0.8730 -0.2136 -0.4384
vn 0.8162 -0.2136 -0.5368
vn 0.7823 -0.3512 -0.5145
vn 0.7172 -0.3512 -0.6019
vn 0.6713 -0.4816 -0.5634
vn 0.6014 -0.4816 -0.6375
vn 0.4712 -0.7270 -0.4995
vn 0.5341 -0.6025 -0.5931
vn 0.4539 -0.6026 -0.6563
vn 0.4100 -0.7270 -0.5508
vn 0.5234 -0.4816 -0.7030
vn 0.6425 -0.3512 -0.6810
vn 0.7173 -0.3512 -0.6018
vn 0.7483 -0.2136 -0.6280
vn 0.8225 0.1756 -0.5410
vn 0.8497 -0.0718 -0.5223
vn 0.8179 -0.0718 -0.5708
vn 0.7641 -0.0717 -0.6411
vn 0.7484 -0.2136 -0.6279
vn 0.6704 -0.2137 -0.7106
vn 0.5233 -0.4816 -0.7030
vn 0.3613 -0.6914 -0.6256
vn 0.0742 -0.6026 -0.7946
vn 0.1387 -0.6021 -0.7863
vn 0.1522 -0.4816 -0.8631
vn 0.2514 -0.4816 -0.8396
vn 0.2686 -0.3512 -0.8969
vn 0.3869 -0.2136 -0.8970
vn 0.4885 -0.2136 -0.8460
vn 0.4963 0.1218 -0.8596
vn 0.5119 -0.0718 -0.8561
vn 0.1143 -0.7097 -0.6952
vn 0.1750 -0.6027 -0.7785
vn 0.2290 -0.6021 -0.7649
vn 0.3162 -0.6021 -0.7331
vn 0.3664 -0.6027 -0.7089
vn 0.4612 -0.0718 -0.8844
vn 0.2802 -0.2137 -0.9359
vn 0.2685 -0.3512 -0.8970
vn 0.0399 -0.7270 -0.6855
vn 0.0279 -0.6025 -0.7976
vn 0.1991 -0.0871 -0.9761
vn 0.5159 -0.0870 -0.8522
vn 0.6313 -0.0871 -0.7707
vn 0.7340 -0.0871 -0.6736
vn 0.8538 -0.0871 -0.5133
vn 0.9178 -0.0872 -0.3873
vn 0.9767 -0.0871 -0.1961
vn 0.9946 -0.0871 -0.0559
vn 0.9554 -0.0871 0.2820
vn 0.9059 -0.0871 0.4143
vn 0.8048 -0.0870 0.5871
vn 0.7137 -0.0871 0.6950
vn 0.4382 -0.0870 0.8947
vn 0.3072 -0.0872 0.9476
vn 0.1116 -0.0870 0.9899
vn -0.0295 -0.0871 0.9958
vn -0.3628 -0.0871 0.9278
vn -0.4904 -0.0871 0.8671
vn -0.6539 -0.0871 0.7516
vn -0.7536 -0.0871 0.6516
vn -0.9289 -0.0871 0.3600
vn -0.9705 -0.0871 0.2249
vn -0.9959 -0.0870 0.0264
vn -0.9896 -0.0871 -0.1147
vn -0.8932 -0.0871 -0.4411
vn -0.8218 -0.0872 -0.5630
vn -0.6928 -0.0870 -0.7159
vn -0.5845 -0.0871 -0.8067
vn -0.2790 -0.0871 -0.9563
vn -0.1409 -0.0871 -0.9862
vn -0.0444 -0.9962 -0.0752
vn -0.1319 -0.9658 -0.2232
vn -0.1318 -0.9658 -0.2232
vn -0.2152 -0.9060 -0.3644
vn -0.2920 -0.8187 -0.4945
vn -0.3599 -0.7065 -0.6094
vn -0.4168 -0.5729 -0.7057
vn -0.4611 -0.4220 -0.7806
vn -0.4610 -0.4220 -0.7806
vn -0.4913 -0.2584 -0.8318
vn -0.4912 -0.2584 -0.8318
vn -0.0854 -0.9962 -0.0180
vn -0.2538 -0.9658 -0.0534
vn -0.2537 -0.9658 -0.0534
vn -0.4141 -0.9061 -0.0872
vn -0.4142 -0.9060 -0.0872
vn -0.5619 -0.8187 -0.1183
vn -0.6926 -0.7065 -0.1458
vn -0.6925 -0.7065 -0.1458
vn -0.8021 -0.5728 -0.1688
vn -0.8021 -0.5729 -0.1688
vn -0.8872 -0.4220 -0.1867
vn -0.8871 -0.4221 -0.1868
vn -0.9453 -0.2584 -0.1990
vn -0.0710 -0.9962 0.0509
vn -0.0709 -0.9962 0.0509
vn -0.2107 -0.9658 0.1511
vn -0.2106 -0.9658 0.1511
vn -0.3438 -0.9060 0.2467
vn -0.3439 -0.9060 0.2467
vn -0.4666 -0.8187 0.3348
vn -0.5750 -0.7065 0.4126
vn -0.5751 -0.7065 0.4126
vn -0.6659 -0.5729 0.4778
vn -0.7366 -0.4219 0.5285
vn -0.7366 -0.4220 0.5285
vn -0.7849 -0.2584 0.5632
vn -0.0103 -0.9962 0.0867
vn -0.0307 -0.9658 0.2574
vn -0.0501 -0.9060 0.4202
vn -0.0501 -0.9060 0.4203
vn -0.0679 -0.8187 0.5702
vn -0.0837 -0.7065 0.7028
vn -0.0969 -0.5729 0.8139
vn -0.1072 -0.4220 0.9002
vn -0.1143 -0.2584 0.9593
vn 0.0571 -0.9962 0.0661
vn 0.0569 -0.9962 0.0661
vn 0.1693 -0.9658 0.1964
vn 0.1692 -0.9658 0.1964
vn 0.2763 -0.9060 0.3206
vn 0.3749 -0.8187 0.4350
vn 0.4620 -0.7065 0.5361
vn 0.4621 -0.7065 0.5361
vn 0.5350 -0.5729 0.6209
vn 0.5351 -0.5729 0.6209
vn 0.5918 -0.4220 0.6868
vn 0.6306 -0.2584 0.7318
vn 0.0873 -0.9962 0.0026
vn 0.0872 -0.9962 0.0026
vn 0.2593 -0.9658 0.0077
vn 0.2591 -0.9658 0.0077
vn 0.4229 -0.9061 0.0125
vn 0.4232 -0.9060 0.0125
vn 0.5740 -0.8187 0.0170
vn 0.7074 -0.7065 0.0210
vn 0.8193 -0.5729 0.0243
vn 0.9062 -0.4220 0.0269
vn 0.9656 -0.2584 0.0286
vn 0.0255 -0.9962 -0.0835
vn 0.0757 -0.9658 -0.2480
vn 0.1236 -0.9060 -0.4048
vn 0.1677 -0.8187 -0.5492
vn 0.2067 -0.7065 -0.6769
vn 0.2394 -0.5729 -0.7839
vn 0.2648 -0.4220 -0.8671
vn 0.2821 -0.2584 -0.9239
vn -0.0052 -0.9962 -0.0871
vn -0.0154 -0.9658 -0.2588
vn -0.0251 -0.9060 -0.4225
vn -0.0340 -0.8187 -0.5733
vn -0.0340 -0.8187 -0.5732
vn -0.0419 -0.7065 -0.7065
vn -0.0486 -0.5729 -0.8182
vn -0.0485 -0.5729 -0.8182
vn -0.0537 -0.4220 -0.9050
vn -0.0572 -0.2584 -0.9643
vn -0.0590 -0.0870 -0.9945
vn -0.0155 -0.9962 -0.0859
vn -0.0154 -0.9962 -0.0859
vn -0.0459 -0.9658 -0.2552
vn -0.0748 -0.9060 -0.4165
vn -0.0749 -0.9060 -0.4165
vn -0.1016 -0.8187 -0.5652
vn -0.1252 -0.7065 -0.6966
vn -0.1450 -0.5729 -0.8067
vn -0.1604 -0.4220 -0.8923
vn -0.1709 -0.2584 -0.9508
vn -0.1698 -0.2809 -0.9446
vn -0.1991 -0.0871 -0.9761
vn -0.3352 -0.0871 -0.9381
vn -0.2846 -0.2243 -0.9320
vn -0.2821 -0.2584 -0.9239
vn -0.2648 -0.4220 -0.8671
vn -0.2394 -0.5729 -0.7839
vn -0.2067 -0.7065 -0.6769
vn -0.1677 -0.8187 -0.5492
vn -0.1236 -0.9060 -0.4048
vn -0.0757 -0.9658 -0.2480
vn -0.0255 -0.9962 -0.0835
vn -0.0352 -0.9962 -0.0799
vn -0.0351 -0.9962 -0.0799
vn -0.1045 -0.9658 -0.2373
vn -0.1705 -0.9060 -0.3873
vn -0.1707 -0.9060 -0.3873
vn -0.2314 -0.8187 -0.5255
vn -0.2316 -0.8187 -0.5255
vn -0.2853 -0.7065 -0.6477
vn -0.3304 -0.5729 -0.7501
vn -0.3655 -0.4220 -0.8297
vn -0.3895 -0.2584 -0.8841
vn -0.3894 -0.2584 -0.8841
vn -0.4016 -0.0870 -0.9117
vn -0.5066 -0.0870 -0.8578
vn -0.5030 -0.2385 -0.8308
vn -0.4645 -0.0871 -0.8813
vn -0.6313 -0.0871 -0.7707
vn -0.5817 -0.2846 -0.7620
vn -0.5862 -0.2584 -0.7678
vn -0.5862 -0.2584 -0.7679
vn -0.5501 -0.4220 -0.7206
vn -0.4973 -0.5729 -0.6515
vn -0.4295 -0.7065 -0.5625
vn -0.4294 -0.7065 -0.5625
vn -0.3485 -0.8186 -0.4565
vn -0.3484 -0.8187 -0.4565
vn -0.2568 -0.9060 -0.3364
vn -0.1573 -0.9658 -0.2061
vn -0.1574 -0.9658 -0.2061
vn -0.0529 -0.9962 -0.0694
vn -0.0531 -0.9962 -0.0694
vn -0.7340 -0.0872 -0.6736
vn -0.6924 -0.1087 -0.7133
vn -0.6729 -0.2584 -0.6932
vn -0.6729 -0.2584 -0.6931
vn -0.6315 -0.4220 -0.6505
vn -0.5709 -0.5729 -0.5881
vn -0.4930 -0.7065 -0.5078
vn -0.4929 -0.7065 -0.5078
vn -0.4000 -0.8187 -0.4120
vn -0.2949 -0.9060 -0.3036
vn -0.2947 -0.9061 -0.3037
vn -0.1806 -0.9658 -0.1860
vn -0.0608 -0.9962 -0.0626
vn -0.0678 -0.9962 -0.0550
vn -0.0677 -0.9962 -0.0550
vn -0.2013 -0.9658 -0.1634
vn -0.2014 -0.9658 -0.1634
vn -0.3286 -0.9061 -0.2667
vn -0.3287 -0.9060 -0.2667
vn -0.4458 -0.8187 -0.3619
vn -0.4460 -0.8186 -0.3618
vn -0.5495 -0.7065 -0.4459
vn -0.6365 -0.5729 -0.5164
vn -0.7040 -0.4220 -0.5712
vn -0.7502 -0.2584 -0.6087
vn -0.7501 -0.2584 -0.6087
vn -0.7736 -0.0870 -0.6277
vn -0.0738 -0.9962 -0.0466
vn -0.2193 -0.9658 -0.1384
vn -0.2192 -0.9658 -0.1384
vn -0.3579 -0.9060 -0.2259
vn -0.4855 -0.8187 -0.3066
vn -0.4856 -0.8187 -0.3065
vn -0.5984 -0.7065 -0.3778
vn -0.5985 -0.7065 -0.3778
vn -0.6930 -0.5729 -0.4376
vn -0.6931 -0.5729 -0.4375
vn -0.7666 -0.4220 -0.4840
vn -0.8169 -0.2584 -0.5157
vn -0.8127 -0.2762 -0.5131
vn -0.8538 -0.0871 -0.5133
vn -0.9178 -0.0872 -0.3874
vn -0.8773 -0.2358 -0.4179
vn -0.8722 -0.2584 -0.4154
vn -0.8721 -0.2584 -0.4155
vn -0.8184 -0.4220 -0.3899
vn -0.8185 -0.4220 -0.3899
vn -0.7400 -0.5729 -0.3525
vn -0.6390 -0.7065 -0.3044
vn -0.6389 -0.7065 -0.3044
vn -0.5186 -0.8186 -0.2469
vn -0.5184 -0.8187 -0.2470
vn -0.3821 -0.9060 -0.1820
vn -0.3820 -0.9061 -0.1820
vn -0.2340 -0.9658 -0.1115
vn -0.2341 -0.9658 -0.1115
vn -0.0789 -0.9962 -0.0375
vn -0.0788 -0.9962 -0.0375
vn -0.0827 -0.9962 -0.0280
vn -0.0826 -0.9962 -0.0280
vn -0.2457 -0.9658 -0.0830
vn -0.2456 -0.9658 -0.0830
vn -0.4009 -0.9061 -0.1355
vn -0.4009 -0.9060 -0.1355
vn -0.5439 -0.8187 -0.1839
vn -0.5441 -0.8186 -0.1839
vn -0.6704 -0.7065 -0.2267
vn -0.6705 -0.7065 -0.2266
vn -0.7764 -0.5729 -0.2625
vn -0.7765 -0.5729 -0.2625
vn -0.8589 -0.4220 -0.2903
vn -0.8588 -0.4220 -0.2904
vn -0.9151 -0.2584 -0.3094
vn -0.9152 -0.2584 -0.3094
vn -0.9437 -0.0870 -0.3191
vn -0.9748 -0.0870 -0.2052
vn -0.9569 -0.2177 -0.1921
vn -0.9634 -0.0871 -0.2536
vn -0.9946 -0.0871 -0.0559
vn -0.9541 -0.2872 -0.0851
vn -0.9622 -0.2584 -0.0858
vn -0.9030 -0.4220 -0.0805
vn -0.8164 -0.5729 -0.0728
vn -0.7049 -0.7065 -0.0628
vn -0.5721 -0.8186 -0.0510
vn -0.5720 -0.8187 -0.0510
vn -0.4216 -0.9060 -0.0376
vn -0.4214 -0.9061 -0.0376
vn -0.2582 -0.9658 -0.0230
vn -0.2583 -0.9658 -0.0230
vn -0.0870 -0.9962 -0.0078
vn -0.0869 -0.9962 -0.0078
vn -0.9925 -0.0872 0.0854
vn -0.9912 -0.1291 0.0294
vn -0.9656 -0.2584 0.0286
vn -0.9062 -0.4220 0.0269
vn -0.8192 -0.5729 0.0243
vn -0.8193 -0.5729 0.0243
vn -0.7074 -0.7065 0.0210
vn -0.5741 -0.8186 0.0170
vn -0.5739 -0.8187 0.0170
vn -0.4230 -0.9060 0.0125
vn -0.2592 -0.9658 0.0077
vn -0.0871 -0.9962 0.0026
vn -0.0873 -0.9962 0.0026
vn -0.0863 -0.9962 0.0129
vn -0.2564 -0.9658 0.0383
vn -0.4185 -0.9060 0.0625
vn -0.4186 -0.9060 0.0625
vn -0.5679 -0.8187 0.0848
vn -0.5680 -0.8187 0.0848
vn -0.7000 -0.7065 0.1045
vn -0.7000 -0.7064 0.1045
vn -0.8106 -0.5729 0.1210
vn -0.8107 -0.5729 0.1210
vn -0.8967 -0.4220 0.1339
vn -0.8966 -0.4220 0.1339
vn -0.9555 -0.2584 0.1426
vn -0.9853 -0.0870 0.1471
vn -0.0842 -0.9962 0.0230
vn -0.0840 -0.9962 0.0230
vn -0.2502 -0.9658 0.0683
vn -0.2501 -0.9658 0.0683
vn -0.4083 -0.9060 0.1115
vn -0.4082 -0.9060 0.1116
vn -0.5539 -0.8187 0.1514
vn -0.5540 -0.8187 0.1514
vn -0.6827 -0.7065 0.1865
vn -0.7907 -0.5728 0.2160
vn -0.7906 -0.5729 0.2161
vn -0.8746 -0.4219 0.2389
vn -0.8745 -0.4221 0.2390
vn -0.9319 -0.2584 0.2547
vn -0.9319 -0.2584 0.2546
vn -0.9287 -0.2703 0.2538
vn -0.9554 -0.0871 0.2820
vn -0.9059 -0.0871 0.4143
vn -0.8982 -0.2462 0.3642
vn -0.8952 -0.2584 0.3631
vn -0.8952 -0.2584 0.3630
vn -0.8401 -0.4220 0.3408
vn -0.8401 -0.4220 0.3407
vn -0.7595 -0.5729 0.3080
vn -0.6559 -0.7065 0.2660
vn -0.6558 -0.7066 0.2660
vn -0.5323 -0.8186 0.2158
vn -0.5321 -0.8187 0.2158
vn -0.3922 -0.9060 0.1590
vn -0.2402 -0.9658 0.0974
vn -0.2404 -0.9658 0.0974
vn -0.0809 -0.9962 0.0328
vn -0.0764 -0.9962 0.0421
vn -0.2270 -0.9658 0.1252
vn -0.3706 -0.9060 0.2043
vn -0.3707 -0.9060 0.2043
vn -0.5029 -0.8187 0.2773
vn -0.5030 -0.8186 0.2772
vn -0.6197 -0.7065 0.3417
vn -0.6198 -0.7065 0.3417
vn -0.7177 -0.5729 0.3957
vn -0.7178 -0.5729 0.3957
vn -0.7940 -0.4219 0.4377
vn -0.7939 -0.4220 0.4377
vn -0.8460 -0.2584 0.4664
vn -0.8724 -0.0870 0.4809
vn -0.8724 -0.0870 0.4810
vn -0.8094 -0.0870 0.5808
vn -0.7922 -0.1964 0.5778
vn -0.8382 -0.0871 0.5384
vn -0.7137 -0.0871 0.6950
vn -0.7064 -0.2888 0.6462
vn -0.7128 -0.2583 0.6520
vn -0.7128 -0.2584 0.6521
vn -0.6689 -0.4220 0.6119
vn -0.6047 -0.5729 0.5532
vn -0.6048 -0.5729 0.5532
vn -0.5222 -0.7065 0.4777
vn -0.5221 -0.7065 0.4777
vn -0.4237 -0.8187 0.3876
vn -0.3123 -0.9060 0.2856
vn -0.3122 -0.9060 0.2857
vn -0.1913 -0.9658 0.1750
vn -0.1914 -0.9658 0.1750
vn -0.0643 -0.9962 0.0589
vn -0.0645 -0.9962 0.0589
vn -0.6082 -0.0872 0.7890
vn -0.6456 -0.1482 0.7491
vn -0.6306 -0.2584 0.7318
vn -0.5918 -0.4220 0.6868
vn -0.5351 -0.5729 0.6209
vn -0.4621 -0.7065 0.5361
vn -0.4620 -0.7065 0.5361
vn -0.3749 -0.8187 0.4350
vn -0.2763 -0.9060 0.3206
vn -0.2762 -0.9060 0.3206
vn -0.1693 -0.9658 0.1964
vn -0.1692 -0.9658 0.1964
vn -0.0570 -0.9962 0.0661
vn -0.0571 -0.9962 0.0661
vn -0.0488 -0.9962 0.0724
vn -0.1448 -0.9658 0.2150
vn -0.1449 -0.9658 0.2150
vn -0.2364 -0.9060 0.3510
vn -0.2365 -0.9060 0.3510
vn -0.3208 -0.8187 0.4763
vn -0.3954 -0.7065 0.5870
vn -0.3953 -0.7065 0.5870
vn -0.4579 -0.5729 0.6798
vn -0.5065 -0.4220 0.7519
vn -0.5064 -0.4220 0.7520
vn -0.5397 -0.2584 0.8012
vn -0.5565 -0.0870 0.8263
vn -0.5565 -0.0870 0.8262
vn -0.0399 -0.9962 0.0777
vn -0.0398 -0.9962 0.0777
vn -0.1184 -0.9658 0.2307
vn -0.1932 -0.9060 0.3765
vn -0.1933 -0.9060 0.3765
vn -0.2622 -0.8187 0.5109
vn -0.2623 -0.8187 0.5109
vn -0.3231 -0.7065 0.6296
vn -0.3232 -0.7065 0.6296
vn -0.3743 -0.5729 0.7292
vn -0.4140 -0.4220 0.8065
vn -0.4140 -0.4220 0.8066
vn -0.4411 -0.2584 0.8595
vn -0.4411 -0.2584 0.8594
vn -0.4405 -0.2634 0.8582
vn -0.4382 -0.0871 0.8947
vn -0.3072 -0.0872 0.9476
vn -0.3367 -0.2554 0.9063
vn -0.3364 -0.2584 0.9056
vn -0.3157 -0.4220 0.8499
vn -0.3157 -0.4220 0.8498
vn -0.2854 -0.5729 0.7683
vn -0.2854 -0.5729 0.7684
vn -0.2464 -0.7065 0.6634
vn -0.2000 -0.8187 0.5383
vn -0.1474 -0.9060 0.3967
vn -0.1473 -0.9060 0.3967
vn -0.0903 -0.9658 0.2430
vn -0.0902 -0.9658 0.2431
vn -0.0304 -0.9962 0.0818
vn -0.0205 -0.9962 0.0849
vn -0.0609 -0.9658 0.2520
vn -0.0994 -0.9060 0.4114
vn -0.1349 -0.8187 0.5582
vn -0.1662 -0.7065 0.6879
vn -0.1925 -0.5729 0.7967
vn -0.2129 -0.4220 0.8812
vn -0.2269 -0.2584 0.9390
vn -0.2340 -0.0870 0.9683
vn -0.1178 -0.0871 0.9892
vn -0.1103 -0.1750 0.9784
vn -0.1701 -0.0871 0.9816
vn 0.0295 -0.0872 0.9958
vn -0.0000 -0.2893 0.9572
vn -0.0000 -0.4221 0.9066
vn -0.0000 -0.5729 0.8196
vn -0.0000 -0.7065 0.7077
vn -0.0000 -0.9060 0.4232
vn 0.1701 -0.0872 0.9816
vn 0.1166 -0.1659 0.9792
vn 0.1143 -0.2584 0.9593
vn 0.1143 -0.2584 0.9592
vn 0.1072 -0.4220 0.9002
vn 0.0970 -0.5729 0.8139
vn 0.0969 -0.5729 0.8139
vn 0.0837 -0.7065 0.7027
vn 0.0837 -0.7065 0.7028
vn 0.0679 -0.8187 0.5702
vn 0.0500 -0.9060 0.4202
vn 0.0501 -0.9060 0.4202
vn 0.0307 -0.9658 0.2574
vn 0.0103 -0.9962 0.0867
vn 0.0205 -0.9962 0.0849
vn 0.0609 -0.9658 0.2520
vn 0.0994 -0.9060 0.4114
vn 0.1349 -0.8187 0.5582
vn 0.1662 -0.7065 0.6879
vn 0.1925 -0.5729 0.7967
vn 0.2129 -0.4220 0.8812
vn 0.2269 -0.2584 0.9390
vn 0.2340 -0.0870 0.9683
vn 0.0304 -0.9962 0.0818
vn 0.0903 -0.9658 0.2430
vn 0.1474 -0.9060 0.3967
vn 0.1999 -0.8187 0.5383
vn 0.2000 -0.8187 0.5383
vn 0.2464 -0.7065 0.6634
vn 0.2854 -0.5728 0.7684
vn 0.2854 -0.5729 0.7683
vn 0.3157 -0.4220 0.8499
vn 0.3156 -0.4220 0.8499
vn 0.3364 -0.2584 0.9056
vn 0.3367 -0.2553 0.9063
vn 0.3628 -0.0871 0.9278
vn 0.4904 -0.0871 0.8671
vn 0.4405 -0.2634 0.8582
vn 0.4411 -0.2584 0.8594
vn 0.4140 -0.4220 0.8066
vn 0.4140 -0.4220 0.8065
vn 0.3742 -0.5729 0.7292
vn 0.3743 -0.5729 0.7292
vn 0.3232 -0.7065 0.6296
vn 0.3231 -0.7065 0.6296
vn 0.2623 -0.8187 0.5109
vn 0.2622 -0.8187 0.5109
vn 0.1933 -0.9060 0.3765
vn 0.1932 -0.9060 0.3765
vn 0.1185 -0.9658 0.2307
vn 0.1184 -0.9658 0.2307
vn 0.0399 -0.9962 0.0777
vn 0.0488 -0.9962 0.0724
vn 0.0487 -0.9962 0.0724
vn 0.1448 -0.9658 0.2150
vn 0.2364 -0.9060 0.3510
vn 0.3208 -0.8187 0.4763
vn 0.3954 -0.7065 0.5870
vn 0.4579 -0.5729 0.6798
vn 0.5065 -0.4220 0.7519
vn 0.5065 -0.4220 0.7520
vn 0.5397 -0.2584 0.8012
vn 0.5397 -0.2584 0.8013
vn 0.5566 -0.0870 0.8262
vn 0.5565 -0.0870 0.8263
vn 0.6504 -0.0870 0.7546
vn 0.6486 -0.1533 0.7456
vn 0.6082 -0.0871 0.7890
vn 0.0644 -0.9962 0.0589
vn 0.1914 -0.9658 0.1750
vn 0.1912 -0.9658 0.1750
vn 0.3123 -0.9060 0.2857
vn 0.3123 -0.9060 0.2856
vn 0.4237 -0.8187 0.3876
vn 0.5221 -0.7065 0.4777
vn 0.5222 -0.7065 0.4777
vn 0.6048 -0.5729 0.5532
vn 0.6047 -0.5729 0.5532
vn 0.6689 -0.4220 0.6119
vn 0.7128 -0.2584 0.6521
vn 0.7128 -0.2584 0.6520
vn 0.7064 -0.2888 0.6462
vn 0.7536 -0.0871 0.6516
vn 0.8382 -0.0871 0.5384
vn 0.7989 -0.1824 0.5732
vn 0.7849 -0.2584 0.5632
vn 0.7366 -0.4220 0.5285
vn 0.6659 -0.5729 0.4779
vn 0.6660 -0.5729 0.4778
vn 0.5750 -0.7065 0.4126
vn 0.4666 -0.8187 0.3348
vn 0.3439 -0.9060 0.2467
vn 0.3438 -0.9060 0.2467
vn 0.2106 -0.9658 0.1511
vn 0.2107 -0.9658 0.1511
vn 0.0709 -0.9962 0.0509
vn 0.0710 -0.9962 0.0509
vn 0.0765 -0.9962 0.0421
vn 0.0764 -0.9962 0.0421
vn 0.2270 -0.9658 0.1252
vn 0.3707 -0.9060 0.2043
vn 0.5029 -0.8187 0.2773
vn 0.5029 -0.8187 0.2772
vn 0.6197 -0.7065 0.3417
vn 0.6198 -0.7065 0.3417
vn 0.7178 -0.5729 0.3957
vn 0.7939 -0.4220 0.4377
vn 0.7940 -0.4220 0.4377
vn 0.8460 -0.2584 0.4664
vn 0.8724 -0.0870 0.4809
vn 0.8724 -0.0870 0.4810
vn 0.0810 -0.9962 0.0328
vn 0.0808 -0.9962 0.0328
vn 0.2403 -0.9658 0.0974
vn 0.3922 -0.9060 0.1590
vn 0.5322 -0.8187 0.2158
vn 0.5322 -0.8186 0.2158
vn 0.6558 -0.7065 0.2660
vn 0.7595 -0.5729 0.3080
vn 0.7596 -0.5729 0.3080
vn 0.8401 -0.4220 0.3407
vn 0.8952 -0.2584 0.3630
vn 0.8952 -0.2584 0.3631
vn 0.8982 -0.2462 0.3642
vn 0.9289 -0.0871 0.3600
vn 0.9705 -0.0871 0.2249
vn 0.9287 -0.2703 0.2538
vn 0.9319 -0.2584 0.2547
vn 0.9319 -0.2584 0.2546
vn 0.8745 -0.4220 0.2390
vn 0.8746 -0.4220 0.2389
vn 0.7906 -0.5729 0.2160
vn 0.7907 -0.5729 0.2160
vn 0.6827 -0.7065 0.1865
vn 0.5539 -0.8187 0.1514
vn 0.4083 -0.9060 0.1115
vn 0.4082 -0.9060 0.1116
vn 0.2500 -0.9658 0.0683
vn 0.2502 -0.9658 0.0683
vn 0.0841 -0.9962 0.0230
vn 0.0842 -0.9962 0.0230
vn 0.0864 -0.9962 0.0129
vn 0.0863 -0.9962 0.0129
vn 0.2564 -0.9658 0.0383
vn 0.2565 -0.9658 0.0383
vn 0.4185 -0.9060 0.0625
vn 0.4186 -0.9060 0.0625
vn 0.5680 -0.8187 0.0848
vn 0.7000 -0.7065 0.1045
vn 0.7000 -0.7064 0.1045
vn 0.8106 -0.5729 0.1210
vn 0.8967 -0.4220 0.1339
vn 0.8966 -0.4221 0.1339
vn 0.9555 -0.2584 0.1426
vn 0.9853 -0.0870 0.1471
vn 0.9958 -0.0870 0.0295
vn 0.9910 -0.1314 0.0263
vn 0.9925 -0.0872 0.0853
vn 0.0870 -0.9962 -0.0078
vn 0.0869 -0.9962 -0.0078
vn 0.2581 -0.9658 -0.0230
vn 0.2584 -0.9658 -0.0230
vn 0.4214 -0.9061 -0.0376
vn 0.4216 -0.9060 -0.0376
vn 0.5720 -0.8187 -0.0510
vn 0.5721 -0.8186 -0.0510
vn 0.7048 -0.7066 -0.0628
vn 0.7050 -0.7065 -0.0628
vn 0.8164 -0.5728 -0.0728
vn 0.8164 -0.5729 -0.0728
vn 0.9030 -0.4220 -0.0805
vn 0.9622 -0.2584 -0.0858
vn 0.9541 -0.2872 -0.0851
vn 0.9896 -0.0871 -0.1147
vn 0.9634 -0.0872 -0.2536
vn 0.9593 -0.1976 -0.2019
vn 0.9453 -0.2584 -0.1990
vn 0.8871 -0.4221 -0.1868
vn 0.8872 -0.4220 -0.1867
vn 0.8021 -0.5729 -0.1688
vn 0.6926 -0.7065 -0.1458
vn 0.6925 -0.7065 -0.1458
vn 0.5619 -0.8187 -0.1183
vn 0.4142 -0.9060 -0.0872
vn 0.4141 -0.9061 -0.0872
vn 0.2537 -0.9658 -0.0534
vn 0.0854 -0.9962 -0.0180
vn 0.0827 -0.9962 -0.0280
vn 0.2455 -0.9658 -0.0830
vn 0.2457 -0.9658 -0.0830
vn 0.4009 -0.9061 -0.1355
vn 0.4010 -0.9060 -0.1355
vn 0.5439 -0.8188 -0.1839
vn 0.5441 -0.8186 -0.1839
vn 0.6704 -0.7065 -0.2267
vn 0.6705 -0.7065 -0.2267
vn 0.7764 -0.5729 -0.2625
vn 0.7765 -0.5729 -0.2625
vn 0.8589 -0.4220 -0.2903
vn 0.8588 -0.4220 -0.2904
vn 0.9152 -0.2584 -0.3094
vn 0.9151 -0.2584 -0.3094
vn 0.9437 -0.0870 -0.3191
vn 0.0789 -0.9962 -0.0375
vn 0.0787 -0.9962 -0.0375
vn 0.2341 -0.9658 -0.1115
vn 0.2340 -0.9658 -0.1115
vn 0.3820 -0.9060 -0.1820
vn 0.3821 -0.9060 -0.1820
vn 0.5184 -0.8187 -0.2470
vn 0.5185 -0.8186 -0.2470
vn 0.6389 -0.7065 -0.3044
vn 0.6390 -0.7064 -0.3043
vn 0.7400 -0.5729 -0.3525
vn 0.8185 -0.4220 -0.3899
vn 0.8722 -0.2584 -0.4154
vn 0.8721 -0.2584 -0.4155
vn 0.8773 -0.2358 -0.4179
vn 0.8932 -0.0871 -0.4411
vn 0.8218 -0.0872 -0.5630
vn 0.8127 -0.2762 -0.5131
vn 0.8169 -0.2584 -0.5157
vn 0.7666 -0.4220 -0.4840
vn 0.6931 -0.5729 -0.4375
vn 0.5985 -0.7065 -0.3778
vn 0.4856 -0.8187 -0.3065
vn 0.4855 -0.8187 -0.3066
vn 0.3579 -0.9060 -0.2259
vn 0.3578 -0.9060 -0.2259
vn 0.2192 -0.9658 -0.1384
vn 0.0738 -0.9962 -0.0466
vn 0.0739 -0.9962 -0.0466
vn 0.0678 -0.9962 -0.0550
vn 0.2013 -0.9658 -0.1634
vn 0.2014 -0.9658 -0.1634
vn 0.3286 -0.9061 -0.2667
vn 0.3287 -0.9060 -0.2667
vn 0.4459 -0.8187 -0.3618
vn 0.4460 -0.8187 -0.3618
vn 0.5495 -0.7065 -0.4459
vn 0.6365 -0.5729 -0.5164
vn 0.7040 -0.4220 -0.5712
vn 0.7501 -0.2584 -0.6087
vn 0.7502 -0.2584 -0.6087
vn 0.7736 -0.0870 -0.6277
vn 0.6928 -0.0870 -0.7159
vn 0.6924 -0.1087 -0.7133
vn 0.6729 -0.2584 -0.6932
vn 0.6729 -0.2584 -0.6931
vn 0.6315 -0.4220 -0.6505
vn 0.5709 -0.5729 -0.5881
vn 0.4930 -0.7065 -0.5078
vn 0.4929 -0.7065 -0.5078
vn 0.4001 -0.8187 -0.4120
vn 0.3999 -0.8187 -0.4120
vn 0.2948 -0.9060 -0.3036
vn 0.2948 -0.9060 -0.3037
vn 0.1806 -0.9658 -0.1860
vn 0.0607 -0.9962 -0.0626
vn 0.0609 -0.9962 -0.0626
vn 0.0531 -0.9962 -0.0694
vn 0.0529 -0.9962 -0.0694
vn 0.1574 -0.9658 -0.2061
vn 0.1573 -0.9658 -0.2061
vn 0.2568 -0.9060 -0.3364
vn 0.3484 -0.8187 -0.4565
vn 0.3485 -0.8187 -0.4564
vn 0.4294 -0.7065 -0.5625
vn 0.4295 -0.7065 -0.5625
vn 0.4973 -0.5729 -0.6515
vn 0.4974 -0.5729 -0.6515
vn 0.5501 -0.4220 -0.7206
vn 0.5862 -0.2584 -0.7678
vn 0.5862 -0.2584 -0.7679
vn 0.5817 -0.2846 -0.7620
vn 0.5845 -0.0871 -0.8067
vn 0.4645 -0.0871 -0.8813
vn 0.4970 -0.2116 -0.8416
vn 0.4913 -0.2584 -0.8318
vn 0.4610 -0.4220 -0.7806
vn 0.4168 -0.5729 -0.7057
vn 0.4169 -0.5729 -0.7057
vn 0.3599 -0.7065 -0.6094
vn 0.2920 -0.8187 -0.4945
vn 0.2152 -0.9060 -0.3644
vn 0.2151 -0.9060 -0.3644
vn 0.1319 -0.9658 -0.2232
vn 0.1318 -0.9658 -0.2232
vn 0.0444 -0.9962 -0.0752
vn 0.0352 -0.9962 -0.0799
vn 0.1045 -0.9658 -0.2373
vn 0.1706 -0.9060 -0.3873
vn 0.2315 -0.8187 -0.5255
vn 0.2852 -0.7065 -0.6477
vn 0.2853 -0.7065 -0.6477
vn 0.3304 -0.5729 -0.7501
vn 0.3655 -0.4220 -0.8297
vn 0.3654 -0.4220 -0.8297
vn 0.3895 -0.2584 -0.8841
vn 0.3894 -0.2584 -0.8841
vn 0.4016 -0.0870 -0.9117
vn 0.2910 -0.0870 -0.9528
vn 0.2705 -0.2590 -0.9272
vn 0.3352 -0.0871 -0.9381
vn 0.1409 -0.0871 -0.9862
vn 0.1698 -0.2809 -0.9446
vn 0.1709 -0.2584 -0.9508
vn 0.1604 -0.4220 -0.8923
vn 0.1450 -0.5729 -0.8067
vn 0.1252 -0.7065 -0.6966
vn 0.1016 -0.8187 -0.5652
vn 0.0749 -0.9060 -0.4165
vn 0.0748 -0.9060 -0.4165
vn 0.0459 -0.9658 -0.2552
vn 0.0154 -0.9962 -0.0859
vn 0.0155 -0.9962 -0.0859
vn 0.0052 -0.9962 -0.0871
vn 0.0154 -0.9658 -0.2588
vn 0.0251 -0.9060 -0.4225
vn 0.0340 -0.8187 -0.5733
vn 0.0340 -0.8187 -0.5732
vn 0.0419 -0.7065 -0.7065
vn 0.0486 -0.5729 -0.8182
vn 0.0537 -0.4220 -0.9050
vn 0.0572 -0.2584 -0.9643
vn 0.0590 -0.0870 -0.9945
vn 0.0837 0.0748 0.9937
vn 0.2486 0.0747 0.9657
vn 0.3614 0.0747 0.9294
vn 0.4691 0.0747 0.8800
vn 0.6096 0.0747 0.7892
vn 0.6990 0.0747 0.7112
vn 0.8080 0.0747 0.5844
vn 0.8716 0.0747 0.4845
vn 0.9404 0.0746 0.3319
vn 0.9731 0.0747 0.2180
vn 0.9950 0.0747 -0.0663
vn 0.9801 0.0747 -0.1839
vn 0.9356 0.0747 -0.3452
vn 0.8880 0.0747 -0.4537
vn 0.7997 0.0746 -0.5958
vn 0.7233 0.0747 -0.6865
vn 0.4995 0.0747 -0.8631
vn 0.3936 0.0747 -0.9162
vn 0.2349 0.0747 -0.9691
vn 0.1183 0.0747 -0.9902
vn -0.1667 0.0747 -0.9832
vn -0.4381 0.0747 -0.8958
vn -0.5413 0.0747 -0.8375
vn -0.6737 0.0747 -0.7353
vn -0.7561 0.0747 -0.6501
vn -0.9092 0.0747 -0.4096
vn -0.9514 0.0747 -0.2988
vn -0.9879 0.0747 -0.1356
vn -0.9971 0.0747 -0.0174
vn -0.9859 0.0747 0.1496
vn -0.9612 0.0747 0.2655
vn -0.8468 0.0747 0.5266
vn -0.7784 0.0748 0.6234
vn -0.6632 0.0746 0.7447
vn -0.5702 0.0747 0.8181
vn -0.4254 0.0747 0.9019
vn -0.3154 0.0747 0.9460
vn -0.0348 0.0747 0.9966
vn 0.0197 0.8261 0.5632
vn 0.1135 0.8262 0.5518
vn 0.2405 0.8259 0.5099
vn 0.3221 0.8262 0.4622
vn 0.3749 0.8260 0.4209
vn 0.4397 0.8262 0.3521
vn 0.4786 0.8261 0.2976
vn 0.5214 0.8262 0.2133
vn 0.5573 0.8260 0.0845
vn 0.5633 0.8262 -0.0098
vn 0.5584 0.8260 -0.0766
vn 0.5375 0.8262 -0.1688
vn 0.5138 0.8261 -0.2314
vn 0.4677 0.8262 -0.3140
vn 0.3808 0.8260 -0.4156
vn 0.3058 0.8262 -0.4732
vn 0.2476 0.8261 -0.5063
vn 0.1594 0.8262 -0.5403
vn 0.0942 0.8261 -0.5556
vn -0.0668 0.8262 -0.5594
vn -0.1328 0.8260 -0.5478
vn -0.2224 0.8262 -0.5176
vn -0.2823 0.8261 -0.4878
vn -0.3598 0.8262 -0.4335
vn -0.4521 0.8259 -0.3368
vn -0.5017 0.8262 -0.2563
vn -0.5288 0.8260 -0.1951
vn -0.5537 0.8262 -0.1039
vn -0.5622 0.8261 -0.0375
vn -0.5605 0.8262 0.0571
vn -0.5316 0.8260 0.1876
vn -0.4925 0.8262 0.2737
vn -0.4567 0.8260 0.3303
vn -0.3948 0.8262 0.4018
vn -0.3445 0.8261 0.4459
vn -0.2650 0.8262 0.4971
vn -0.1405 0.8260 0.5459
vn -0.0473 0.8262 0.5614
vn -0.2449 0.8189 0.5191
vn -0.5884 0.8036 0.0893
vn -0.4172 0.7865 -0.4553
vn 0.4686 0.8114 -0.3492
vn 0.5716 0.7954 0.2017
vn 0.1569 0.7773 0.6093
vn -0.1135 0.8262 0.5518
vn -0.1506 0.7848 0.6011
vn -0.1654 0.7327 0.6602
vn -0.1653 0.7327 0.6602
vn -0.1901 0.6230 0.7588
vn -0.1900 0.6231 0.7587
vn -0.2105 0.4995 0.8403
vn -0.2105 0.4996 0.8403
vn -0.2263 0.3649 0.9031
vn -0.2262 0.3650 0.9031
vn -0.2369 0.2223 0.9458
vn -0.2369 0.2222 0.9458
vn -0.5215 0.8262 0.2133
vn -0.5670 0.7984 0.2029
vn -0.6408 0.7327 0.2293
vn -0.7365 0.6230 0.2635
vn -0.7364 0.6231 0.2635
vn -0.8156 0.4996 0.2918
vn -0.8157 0.4995 0.2918
vn -0.8766 0.3649 0.3136
vn -0.8766 0.3650 0.3137
vn -0.9180 0.2222 0.3284
vn -0.9180 0.2223 0.3285
vn -0.4677 0.8262 -0.3140
vn -0.4686 0.8121 -0.3476
vn -0.5466 0.7327 -0.4054
vn -0.5467 0.7327 -0.4054
vn -0.6282 0.6231 -0.4660
vn -0.6283 0.6230 -0.4659
vn -0.6958 0.4996 -0.5161
vn -0.6958 0.4995 -0.5160
vn -0.7478 0.3649 -0.5546
vn -0.7831 0.2223 -0.5808
vn -0.1594 0.8262 -0.5403
vn -0.1526 0.7783 -0.6091
vn -0.1654 0.7327 -0.6602
vn -0.1900 0.6230 -0.7588
vn -0.1901 0.6230 -0.7588
vn -0.2105 0.4996 -0.8403
vn -0.2263 0.3649 -0.9031
vn -0.2262 0.3649 -0.9031
vn -0.2369 0.2223 -0.9458
vn 0.3598 0.8262 -0.4335
vn 0.4104 0.7915 -0.4528
vn 0.4570 0.7327 -0.5043
vn 0.4571 0.7326 -0.5043
vn 0.5253 0.6230 -0.5796
vn 0.5818 0.4996 -0.6419
vn 0.6253 0.3649 -0.6898
vn 0.6252 0.3649 -0.6899
vn 0.6548 0.2223 -0.7224
vn 0.6547 0.2223 -0.7224
vn 0.5605 0.8262 0.0571
vn 0.5866 0.8052 0.0870
vn 0.6732 0.7327 0.0999
vn 0.7737 0.6230 0.1148
vn 0.7738 0.6230 0.1148
vn 0.8569 0.4996 0.1271
vn 0.8569 0.4995 0.1271
vn 0.9209 0.3650 0.1366
vn 0.9644 0.2223 0.1431
vn -0.0837 0.0748 0.9937
vn -0.0473 0.2673 0.9625
vn -0.0478 0.2223 0.9738
vn -0.0457 0.3650 0.9299
vn -0.0457 0.3649 0.9299
vn -0.0425 0.4995 0.8653
vn -0.0425 0.4996 0.8652
vn -0.0384 0.6230 0.7813
vn -0.0384 0.6230 0.7812
vn -0.0334 0.7327 0.6798
vn -0.0334 0.7326 0.6798
vn -0.0328 0.7436 0.6678
vn -0.0197 0.8261 0.5632
vn -0.0827 0.8259 0.5577
vn -0.0999 0.7326 0.6732
vn -0.0999 0.7327 0.6732
vn -0.1148 0.6230 0.7737
vn -0.1271 0.4996 0.8569
vn -0.1271 0.4995 0.8569
vn -0.1366 0.3650 0.9209
vn -0.1366 0.3649 0.9210
vn -0.1431 0.2224 0.9644
vn -0.1431 0.2223 0.9644
vn -0.1463 0.0747 0.9864
vn -0.1463 0.0746 0.9864
vn -0.2423 0.0747 0.9673
vn -0.2442 0.2020 0.9485
vn -0.2009 0.0747 0.9768
vn -0.3614 0.0747 0.9294
vn -0.3210 0.3034 0.8972
vn -0.3285 0.2222 0.9180
vn -0.3284 0.2223 0.9180
vn -0.3137 0.3649 0.8766
vn -0.3137 0.3650 0.8766
vn -0.2919 0.4996 0.8156
vn -0.2918 0.4996 0.8156
vn -0.2635 0.6230 0.7365
vn -0.2293 0.7327 0.6408
vn -0.2293 0.7326 0.6408
vn -0.2334 0.7212 0.6522
vn -0.1782 0.8261 0.5346
vn -0.4691 0.0747 0.8800
vn -0.4256 0.0958 0.8998
vn -0.4169 0.2223 0.8814
vn -0.3980 0.3649 0.8417
vn -0.3981 0.3649 0.8416
vn -0.3704 0.4996 0.7831
vn -0.3704 0.4995 0.7831
vn -0.3345 0.6230 0.7071
vn -0.3344 0.6230 0.7071
vn -0.2910 0.7327 0.6153
vn -0.2910 0.7327 0.6152
vn -0.2410 0.8259 0.5097
vn -0.2042 0.8262 0.5251
vn -0.2898 0.8259 0.4836
vn -0.2899 0.8259 0.4836
vn -0.3499 0.7326 0.5838
vn -0.3499 0.7327 0.5837
vn -0.4021 0.6231 0.6709
vn -0.4021 0.6230 0.6709
vn -0.4453 0.4996 0.7431
vn -0.4454 0.4996 0.7430
vn -0.4786 0.3650 0.7986
vn -0.4787 0.3649 0.7986
vn -0.5012 0.2223 0.8363
vn -0.5012 0.2224 0.8363
vn -0.5127 0.0746 0.8553
vn -0.5126 0.0747 0.8554
vn -0.3222 0.8262 0.4622
vn -0.4102 0.7251 0.5531
vn -0.4054 0.7326 0.5467
vn -0.4054 0.7327 0.5467
vn -0.4660 0.6230 0.6282
vn -0.4659 0.6230 0.6283
vn -0.5160 0.4996 0.6958
vn -0.5161 0.4996 0.6958
vn -0.5546 0.3649 0.7478
vn -0.5546 0.3650 0.7478
vn -0.5808 0.2223 0.7831
vn -0.5688 0.2974 0.7668
vn -0.6096 0.0747 0.7892
vn -0.6990 0.0747 0.7112
vn -0.6561 0.2139 0.7238
vn -0.6548 0.2223 0.7224
vn -0.6547 0.2223 0.7224
vn -0.6252 0.3650 0.6898
vn -0.6253 0.3650 0.6898
vn -0.5818 0.4995 0.6419
vn -0.5817 0.4996 0.6419
vn -0.5253 0.6230 0.5796
vn -0.4571 0.7326 0.5043
vn -0.4570 0.7327 0.5043
vn -0.4270 0.7718 0.4711
vn -0.3749 0.8260 0.4209
vn -0.4177 0.8259 0.3786
vn -0.5043 0.7327 0.4571
vn -0.5043 0.7327 0.4570
vn -0.5795 0.6231 0.5253
vn -0.5796 0.6230 0.5253
vn -0.6418 0.4996 0.5818
vn -0.6419 0.4995 0.5817
vn -0.6899 0.3650 0.6252
vn -0.6898 0.3649 0.6253
vn -0.7224 0.2223 0.6548
vn -0.7389 0.0746 0.6697
vn -0.4397 0.8262 0.3522
vn -0.5275 0.7540 0.3913
vn -0.5467 0.7326 0.4054
vn -0.5467 0.7327 0.4054
vn -0.6283 0.6230 0.4660
vn -0.6283 0.6230 0.4659
vn -0.6958 0.4995 0.5161
vn -0.6958 0.4996 0.5160
vn -0.7478 0.3649 0.5546
vn -0.7831 0.2223 0.5808
vn -0.7780 0.2489 0.5769
vn -0.8080 0.0747 0.5844
vn -0.8716 0.0747 0.4845
vn -0.8229 0.2820 0.4932
vn -0.8362 0.2223 0.5013
vn -0.8363 0.2223 0.5012
vn -0.7985 0.3650 0.4787
vn -0.7986 0.3649 0.4786
vn -0.7431 0.4995 0.4453
vn -0.7430 0.4996 0.4454
vn -0.6709 0.6231 0.4021
vn -0.6710 0.6230 0.4021
vn -0.5837 0.7327 0.3499
vn -0.5838 0.7327 0.3499
vn -0.5818 0.7348 0.3487
vn -0.4786 0.8261 0.2976
vn -0.5097 0.8259 0.2410
vn -0.5097 0.8259 0.2411
vn -0.6153 0.7327 0.2910
vn -0.6152 0.7327 0.2910
vn -0.7071 0.6230 0.3344
vn -0.7831 0.4996 0.3704
vn -0.8417 0.3649 0.3980
vn -0.8416 0.3650 0.3981
vn -0.8814 0.2223 0.4169
vn -0.8814 0.2223 0.4168
vn -0.9015 0.0746 0.4263
vn -0.9014 0.0747 0.4264
vn -0.9389 0.0746 0.3359
vn -0.9308 0.1604 0.3285
vn -0.9230 0.0747 0.3776
vn -0.9731 0.0747 0.2180
vn -0.9236 0.3058 0.2313
vn -0.9458 0.2223 0.2369
vn -0.9031 0.3649 0.2262
vn -0.8403 0.4995 0.2105
vn -0.8403 0.4996 0.2105
vn -0.7588 0.6230 0.1901
vn -0.7587 0.6230 0.1901
vn -0.6602 0.7327 0.1654
vn -0.6602 0.7326 0.1654
vn -0.6737 0.7195 0.1688
vn -0.5431 0.8261 0.1500
vn -0.9921 0.0747 0.1010
vn -0.9801 0.1349 0.1454
vn -0.9644 0.2223 0.1431
vn -0.9644 0.2222 0.1430
vn -0.9209 0.3650 0.1366
vn -0.9209 0.3649 0.1366
vn -0.8569 0.4995 0.1271
vn -0.8569 0.4996 0.1271
vn -0.7738 0.6230 0.1148
vn -0.7737 0.6231 0.1148
vn -0.6732 0.7327 0.0999
vn -0.5577 0.8259 0.0827
vn -0.5498 0.8262 0.1232
vn -0.5631 0.8259 0.0277
vn -0.6798 0.7326 0.0334
vn -0.6797 0.7327 0.0334
vn -0.7812 0.6231 0.0384
vn -0.7813 0.6230 0.0384
vn -0.8652 0.4996 0.0425
vn -0.9299 0.3649 0.0457
vn -0.9738 0.2223 0.0478
vn -0.9960 0.0746 0.0489
vn -0.5633 0.8262 -0.0098
vn -0.6815 0.7311 -0.0335
vn -0.6797 0.7327 -0.0334
vn -0.6798 0.7326 -0.0334
vn -0.7812 0.6231 -0.0384
vn -0.7813 0.6230 -0.0384
vn -0.8652 0.4996 -0.0425
vn -0.8653 0.4995 -0.0425
vn -0.9299 0.3649 -0.0457
vn -0.9738 0.2223 -0.0478
vn -0.9565 0.2880 -0.0470
vn -0.9950 0.0747 -0.0663
vn -0.9801 0.0747 -0.1839
vn -0.9607 0.2382 -0.1425
vn -0.9644 0.2223 -0.1430
vn -0.9644 0.2223 -0.1431
vn -0.9209 0.3650 -0.1366
vn -0.9210 0.3649 -0.1366
vn -0.8569 0.4996 -0.1271
vn -0.7737 0.6230 -0.1148
vn -0.6732 0.7327 -0.0999
vn -0.6433 0.7596 -0.0954
vn -0.5584 0.8260 -0.0766
vn -0.5469 0.8259 -0.1370
vn -0.6602 0.7327 -0.1654
vn -0.7588 0.6230 -0.1901
vn -0.8403 0.4996 -0.2105
vn -0.8404 0.4995 -0.2105
vn -0.9031 0.3649 -0.2262
vn -0.9031 0.3650 -0.2262
vn -0.9458 0.2223 -0.2369
vn -0.9673 0.0746 -0.2423
vn -0.9673 0.0747 -0.2423
vn -0.5375 0.8262 -0.1688
vn -0.6057 0.7656 -0.2167
vn -0.6408 0.7326 -0.2293
vn -0.6408 0.7327 -0.2293
vn -0.7365 0.6230 -0.2635
vn -0.7364 0.6231 -0.2635
vn -0.8156 0.4996 -0.2918
vn -0.8157 0.4995 -0.2918
vn -0.8766 0.3649 -0.3136
vn -0.8766 0.3650 -0.3137
vn -0.9180 0.2223 -0.3285
vn -0.9171 0.2266 -0.3281
vn -0.9356 0.0747 -0.3452
vn -0.8880 0.0747 -0.4537
vn -0.8643 0.2932 -0.4088
vn -0.8814 0.2223 -0.4169
vn -0.8814 0.2223 -0.4168
vn -0.8416 0.3649 -0.3981
vn -0.7832 0.4995 -0.3704
vn -0.7831 0.4996 -0.3704
vn -0.7071 0.6230 -0.3344
vn -0.6153 0.7327 -0.2910
vn -0.6153 0.7326 -0.2910
vn -0.6199 0.7278 -0.2932
vn -0.5138 0.8261 -0.2314
vn -0.4835 0.8259 -0.2899
vn -0.4836 0.8259 -0.2899
vn -0.5838 0.7327 -0.3499
vn -0.6709 0.6230 -0.4021
vn -0.7430 0.4996 -0.4454
vn -0.7431 0.4995 -0.4453
vn -0.7986 0.3649 -0.4786
vn -0.8363 0.2223 -0.5013
vn -0.8363 0.2223 -0.5012
vn -0.8553 0.0746 -0.5127
vn -0.8010 0.0746 -0.5940
vn -0.7963 0.1178 -0.5933
vn -0.8279 0.0747 -0.5559
vn -0.4272 0.8262 -0.3673
vn -0.5142 0.7201 -0.4660
vn -0.5043 0.7327 -0.4571
vn -0.5043 0.7326 -0.4571
vn -0.5795 0.6230 -0.5253
vn -0.5796 0.6230 -0.5253
vn -0.6418 0.4996 -0.5818
vn -0.6419 0.4996 -0.5817
vn -0.6899 0.3649 -0.6252
vn -0.6898 0.3650 -0.6252
vn -0.7224 0.2223 -0.6548
vn -0.7057 0.3050 -0.6395
vn -0.7233 0.0747 -0.6865
vn -0.6368 0.0747 -0.7674
vn -0.6619 0.1697 -0.7302
vn -0.6547 0.2223 -0.7224
vn -0.6548 0.2223 -0.7224
vn -0.6252 0.3649 -0.6899
vn -0.6252 0.3649 -0.6898
vn -0.5818 0.4996 -0.6419
vn -0.5253 0.6230 -0.5796
vn -0.4571 0.7327 -0.5043
vn -0.3786 0.8259 -0.4177
vn -0.4087 0.8261 -0.3879
vn -0.3359 0.8259 -0.4528
vn -0.3359 0.8259 -0.4529
vn -0.4054 0.7327 -0.5467
vn -0.4659 0.6230 -0.6283
vn -0.4660 0.6230 -0.6283
vn -0.5160 0.4996 -0.6958
vn -0.5161 0.4995 -0.6958
vn -0.5546 0.3649 -0.7478
vn -0.5808 0.2223 -0.7831
vn -0.5941 0.0746 -0.8010
vn -0.5940 0.0746 -0.8010
vn -0.3058 0.8262 -0.4732
vn -0.3464 0.7390 -0.5778
vn -0.3499 0.7327 -0.5838
vn -0.4022 0.6230 -0.6709
vn -0.4021 0.6230 -0.6709
vn -0.4453 0.4996 -0.7431
vn -0.4454 0.4996 -0.7430
vn -0.4787 0.3649 -0.7985
vn -0.4786 0.3649 -0.7986
vn -0.5012 0.2223 -0.8363
vn -0.4943 0.2751 -0.8246
vn -0.4995 0.0747 -0.8631
vn -0.3936 0.0747 -0.9162
vn -0.4130 0.2586 -0.8732
vn -0.4169 0.2223 -0.8814
vn -0.4168 0.2223 -0.8814
vn -0.3981 0.3649 -0.8416
vn -0.3704 0.4996 -0.7831
vn -0.3344 0.6230 -0.7071
vn -0.2910 0.7327 -0.6153
vn -0.2835 0.7486 -0.5993
vn -0.2476 0.8261 -0.5063
vn -0.1899 0.8259 -0.5308
vn -0.1900 0.8259 -0.5308
vn -0.2293 0.7327 -0.6408
vn -0.2635 0.6230 -0.7365
vn -0.2918 0.4996 -0.8156
vn -0.2919 0.4996 -0.8156
vn -0.3137 0.3649 -0.8766
vn -0.3285 0.2223 -0.9180
vn -0.3360 0.0746 -0.9389
vn -0.3359 0.0747 -0.9389
vn -0.2423 0.0746 -0.9673
vn -0.2297 0.2225 -0.9475
vn -0.2822 0.0747 -0.9564
vn -0.1183 0.0747 -0.9902
vn -0.1399 0.3008 -0.9434
vn -0.1431 0.2223 -0.9644
vn -0.1366 0.3649 -0.9210
vn -0.1271 0.4996 -0.8569
vn -0.1148 0.6230 -0.7737
vn -0.0999 0.7327 -0.6732
vn -0.1014 0.7229 -0.6835
vn -0.0942 0.8261 -0.5556
vn -0.0277 0.8259 -0.5631
vn -0.0334 0.7327 -0.6798
vn -0.0384 0.6230 -0.7812
vn -0.0384 0.6230 -0.7813
vn -0.0425 0.4996 -0.8652
vn -0.0457 0.3649 -0.9299
vn -0.0478 0.2223 -0.9738
vn -0.0489 0.0746 -0.9960
vn 0.0277 0.8259 -0.5631
vn 0.0334 0.7327 -0.6798
vn 0.0384 0.6230 -0.7813
vn 0.0425 0.4996 -0.8652
vn 0.0457 0.3649 -0.9299
vn 0.0478 0.2223 -0.9738
vn 0.0489 0.0746 -0.9960
vn 0.0668 0.8262 -0.5594
vn 0.1014 0.7229 -0.6835
vn 0.0999 0.7327 -0.6732
vn 0.1148 0.6230 -0.7737
vn 0.1271 0.4996 -0.8569
vn 0.1366 0.3649 -0.9210
vn 0.1431 0.2223 -0.9644
vn 0.1399 0.3008 -0.9434
vn 0.1667 0.0747 -0.9832
vn 0.2822 0.0747 -0.9564
vn 0.2381 0.2002 -0.9504
vn 0.2369 0.2223 -0.9458
vn 0.2262 0.3649 -0.9031
vn 0.2105 0.4996 -0.8403
vn 0.1901 0.6230 -0.7588
vn 0.1900 0.6230 -0.7588
vn 0.1653 0.7327 -0.6602
vn 0.1654 0.7327 -0.6602
vn 0.1526 0.7783 -0.6091
vn 0.1328 0.8260 -0.5478
vn 0.1899 0.8259 -0.5308
vn 0.2293 0.7327 -0.6408
vn 0.2635 0.6230 -0.7365
vn 0.2918 0.4996 -0.8156
vn 0.2919 0.4996 -0.8156
vn 0.3137 0.3649 -0.8766
vn 0.3285 0.2223 -0.9180
vn 0.3284 0.2223 -0.9180
vn 0.3360 0.0746 -0.9389
vn 0.3359 0.0747 -0.9389
vn 0.2224 0.8262 -0.5176
vn 0.2835 0.7486 -0.5993
vn 0.2910 0.7327 -0.6153
vn 0.2910 0.7327 -0.6152
vn 0.3344 0.6230 -0.7071
vn 0.3703 0.4996 -0.7831
vn 0.3704 0.4995 -0.7831
vn 0.3980 0.3649 -0.8417
vn 0.3981 0.3649 -0.8416
vn 0.4169 0.2223 -0.8814
vn 0.4130 0.2586 -0.8732
vn 0.4381 0.0747 -0.8958
vn 0.5413 0.0747 -0.8375
vn 0.4943 0.2751 -0.8246
vn 0.5012 0.2223 -0.8363
vn 0.4787 0.3649 -0.7986
vn 0.4453 0.4996 -0.7430
vn 0.4453 0.4996 -0.7431
vn 0.4022 0.6230 -0.6709
vn 0.4021 0.6230 -0.6709
vn 0.3499 0.7327 -0.5838
vn 0.3464 0.7390 -0.5778
vn 0.2823 0.8261 -0.4878
vn 0.3359 0.8259 -0.4528
vn 0.4054 0.7327 -0.5467
vn 0.4659 0.6230 -0.6283
vn 0.5160 0.4996 -0.6958
vn 0.5161 0.4995 -0.6958
vn 0.5546 0.3649 -0.7478
vn 0.5808 0.2223 -0.7831
vn 0.5941 0.0746 -0.8010
vn 0.5940 0.0747 -0.8010
vn 0.6697 0.0746 -0.7389
vn 0.6644 0.1813 -0.7251
vn 0.6368 0.0747 -0.7674
vn 0.7561 0.0747 -0.6501
vn 0.7057 0.3050 -0.6395
vn 0.7224 0.2223 -0.6548
vn 0.6898 0.3649 -0.6253
vn 0.6899 0.3649 -0.6252
vn 0.6419 0.4996 -0.5817
vn 0.6419 0.4996 -0.5818
vn 0.5796 0.6230 -0.5253
vn 0.5795 0.6230 -0.5253
vn 0.5043 0.7327 -0.4571
vn 0.5043 0.7326 -0.4571
vn 0.5141 0.7201 -0.4660
vn 0.4088 0.8261 -0.3879
vn 0.8279 0.0747 -0.5558
vn 0.7978 0.1159 -0.5917
vn 0.7831 0.2223 -0.5808
vn 0.7478 0.3649 -0.5546
vn 0.6958 0.4996 -0.5160
vn 0.6958 0.4996 -0.5161
vn 0.6283 0.6230 -0.4660
vn 0.6282 0.6230 -0.4660
vn 0.5467 0.7327 -0.4054
vn 0.5466 0.7327 -0.4054
vn 0.4528 0.8259 -0.3359
vn 0.4272 0.8262 -0.3673
vn 0.4836 0.8259 -0.2899
vn 0.5838 0.7327 -0.3499
vn 0.5838 0.7326 -0.3499
vn 0.6709 0.6230 -0.4021
vn 0.7430 0.4996 -0.4454
vn 0.7431 0.4995 -0.4453
vn 0.7986 0.3649 -0.4786
vn 0.7986 0.3650 -0.4787
vn 0.8362 0.2223 -0.5013
vn 0.8363 0.2223 -0.5012
vn 0.8553 0.0746 -0.5126
vn 0.8553 0.0746 -0.5127
vn 0.5017 0.8262 -0.2563
vn 0.6199 0.7278 -0.2932
vn 0.6153 0.7327 -0.2910
vn 0.6153 0.7326 -0.2910
vn 0.7071 0.6230 -0.3344
vn 0.7831 0.4996 -0.3704
vn 0.7831 0.4995 -0.3704
vn 0.8417 0.3649 -0.3980
vn 0.8416 0.3650 -0.3981
vn 0.8814 0.2223 -0.4169
vn 0.8814 0.2222 -0.4168
vn 0.8643 0.2932 -0.4088
vn 0.9092 0.0747 -0.4096
vn 0.9514 0.0747 -0.2989
vn 0.9171 0.2266 -0.3281
vn 0.9180 0.2223 -0.3285
vn 0.9180 0.2222 -0.3284
vn 0.8766 0.3650 -0.3137
vn 0.8766 0.3649 -0.3136
vn 0.8157 0.4995 -0.2918
vn 0.8156 0.4996 -0.2918
vn 0.7364 0.6231 -0.2635
vn 0.7365 0.6230 -0.2635
vn 0.6408 0.7326 -0.2293
vn 0.6408 0.7327 -0.2293
vn 0.6057 0.7656 -0.2167
vn 0.5288 0.8260 -0.1951
vn 0.5469 0.8259 -0.1370
vn 0.6602 0.7327 -0.1654
vn 0.7588 0.6230 -0.1901
vn 0.7587 0.6231 -0.1901
vn 0.8403 0.4996 -0.2105
vn 0.8403 0.4995 -0.2105
vn 0.9031 0.3650 -0.2262
vn 0.9031 0.3649 -0.2262
vn 0.9458 0.2223 -0.2369
vn 0.9673 0.0746 -0.2423
vn 0.5538 0.8262 -0.1039
vn 0.6433 0.7596 -0.0954
vn 0.6732 0.7327 -0.0999
vn 0.7737 0.6231 -0.1148
vn 0.7738 0.6230 -0.1148
vn 0.8569 0.4996 -0.1271
vn 0.8569 0.4995 -0.1271
vn 0.9210 0.3649 -0.1366
vn 0.9209 0.3650 -0.1366
vn 0.9644 0.2223 -0.1431
vn 0.9607 0.2382 -0.1425
vn 0.9880 0.0747 -0.1356
vn 0.9971 0.0747 -0.0174
vn 0.9565 0.2880 -0.0470
vn 0.9738 0.2223 -0.0478
vn 0.9299 0.3649 -0.0457
vn 0.8652 0.4996 -0.0425
vn 0.8652 0.4995 -0.0425
vn 0.7813 0.6230 -0.0384
vn 0.7812 0.6231 -0.0384
vn 0.6798 0.7326 -0.0334
vn 0.6797 0.7327 -0.0334
vn 0.6815 0.7311 -0.0335
vn 0.5623 0.8261 -0.0375
vn 0.5631 0.8259 0.0277
vn 0.6798 0.7326 0.0334
vn 0.6797 0.7327 0.0334
vn 0.7812 0.6231 0.0384
vn 0.7813 0.6230 0.0384
vn 0.8652 0.4996 0.0425
vn 0.8653 0.4995 0.0425
vn 0.9299 0.3649 0.0457
vn 0.9738 0.2223 0.0478
vn 0.9960 0.0746 0.0489
vn 0.9864 0.0746 0.1463
vn 0.9791 0.1392 0.1485
vn 0.9921 0.0747 0.1010
vn 0.5498 0.8262 0.1232
vn 0.6737 0.7195 0.1688
vn 0.6602 0.7327 0.1654
vn 0.7587 0.6230 0.1901
vn 0.7588 0.6230 0.1901
vn 0.8403 0.4996 0.2105
vn 0.8403 0.4995 0.2105
vn 0.9031 0.3649 0.2262
vn 0.9031 0.3650 0.2262
vn 0.9458 0.2223 0.2369
vn 0.9236 0.3058 0.2313
vn 0.9612 0.0747 0.2655
vn 0.9230 0.0748 0.3776
vn 0.9305 0.1529 0.3329
vn 0.9180 0.2223 0.3285
vn 0.9180 0.2223 0.3284
vn 0.8766 0.3649 0.3137
vn 0.8766 0.3650 0.3137
vn 0.8156 0.4996 0.2918
vn 0.7364 0.6231 0.2635
vn 0.7365 0.6230 0.2635
vn 0.6408 0.7327 0.2293
vn 0.5309 0.8259 0.1899
vn 0.5431 0.8261 0.1500
vn 0.5097 0.8259 0.2410
vn 0.5097 0.8259 0.2411
vn 0.6153 0.7327 0.2910
vn 0.6152 0.7327 0.2910
vn 0.7071 0.6230 0.3344
vn 0.7831 0.4996 0.3704
vn 0.7831 0.4995 0.3704
vn 0.8416 0.3649 0.3981
vn 0.8814 0.2222 0.4169
vn 0.8814 0.2223 0.4169
vn 0.9015 0.0746 0.4263
vn 0.9014 0.0747 0.4264
vn 0.4925 0.8262 0.2737
vn 0.5818 0.7348 0.3487
vn 0.5838 0.7327 0.3499
vn 0.5837 0.7327 0.3499
vn 0.6709 0.6230 0.4021
vn 0.7430 0.4996 0.4454
vn 0.7430 0.4996 0.4453
vn 0.7986 0.3649 0.4786
vn 0.7986 0.3649 0.4787
vn 0.8363 0.2223 0.5013
vn 0.8363 0.2223 0.5012
vn 0.8229 0.2820 0.4932
vn 0.8468 0.0747 0.5266
vn 0.7784 0.0747 0.6233
vn 0.7780 0.2489 0.5769
vn 0.7831 0.2223 0.5808
vn 0.7478 0.3649 0.5546
vn 0.6958 0.4995 0.5160
vn 0.6958 0.4996 0.5161
vn 0.6283 0.6230 0.4660
vn 0.5467 0.7327 0.4054
vn 0.5467 0.7326 0.4054
vn 0.5275 0.7540 0.3913
vn 0.4568 0.8260 0.3303
vn 0.4177 0.8259 0.3786
vn 0.5043 0.7327 0.4571
vn 0.5795 0.6231 0.5253
vn 0.5796 0.6230 0.5253
vn 0.6418 0.4996 0.5818
vn 0.6419 0.4995 0.5817
vn 0.6899 0.3649 0.6252
vn 0.6898 0.3650 0.6252
vn 0.7224 0.2223 0.6548
vn 0.7224 0.2223 0.6547
vn 0.7389 0.0747 0.6697
vn 0.7389 0.0746 0.6697
vn 0.3948 0.8262 0.4018
vn 0.4270 0.7718 0.4711
vn 0.4570 0.7327 0.5043
vn 0.4571 0.7327 0.5043
vn 0.5253 0.6230 0.5796
vn 0.5253 0.6231 0.5796
vn 0.5817 0.4996 0.6419
vn 0.5818 0.4996 0.6418
vn 0.6253 0.3650 0.6898
vn 0.6252 0.3649 0.6899
vn 0.6548 0.2223 0.7224
vn 0.6560 0.2139 0.7238
vn 0.6632 0.0747 0.7447
vn 0.5702 0.0747 0.8181
vn 0.5688 0.2974 0.7668
vn 0.5808 0.2223 0.7831
vn 0.5546 0.3649 0.7479
vn 0.5546 0.3650 0.7478
vn 0.5161 0.4996 0.6958
vn 0.5160 0.4996 0.6958
vn 0.4659 0.6231 0.6283
vn 0.4660 0.6230 0.6283
vn 0.4054 0.7327 0.5467
vn 0.4055 0.7326 0.5467
vn 0.4102 0.7251 0.5531
vn 0.3445 0.8261 0.4459
vn 0.2899 0.8259 0.4836
vn 0.2898 0.8259 0.4836
vn 0.3499 0.7326 0.5838
vn 0.3499 0.7327 0.5838
vn 0.4021 0.6230 0.6709
vn 0.4453 0.4996 0.7430
vn 0.4454 0.4996 0.7430
vn 0.4787 0.3649 0.7986
vn 0.4786 0.3649 0.7986
vn 0.5012 0.2223 0.8363
vn 0.5127 0.0746 0.8553
vn 0.5126 0.0746 0.8554
vn 0.4253 0.0748 0.9019
vn 0.4256 0.0958 0.8998
vn 0.4169 0.2222 0.8814
vn 0.4168 0.2223 0.8814
vn 0.3981 0.3649 0.8416
vn 0.3981 0.3650 0.8416
vn 0.3704 0.4995 0.7831
vn 0.3704 0.4996 0.7831
vn 0.3344 0.6230 0.7071
vn 0.2910 0.7327 0.6152
vn 0.2910 0.7327 0.6153
vn 0.2453 0.8191 0.5186
vn 0.2650 0.8262 0.4972
vn 0.2042 0.8261 0.5251
vn 0.2334 0.7212 0.6522
vn 0.2293 0.7326 0.6408
vn 0.2293 0.7327 0.6408
vn 0.2635 0.6230 0.7365
vn 0.2918 0.4996 0.8156
vn 0.2918 0.4995 0.8157
vn 0.3137 0.3649 0.8766
vn 0.3136 0.3650 0.8766
vn 0.3285 0.2222 0.9180
vn 0.3285 0.2223 0.9180
vn 0.3210 0.3033 0.8972
vn 0.3154 0.0747 0.9460
vn 0.2009 0.0747 0.9768
vn 0.2388 0.1855 0.9532
vn 0.2369 0.2222 0.9458
vn 0.2369 0.2223 0.9458
vn 0.2262 0.3650 0.9031
vn 0.2263 0.3649 0.9031
vn 0.2105 0.4996 0.8403
vn 0.2105 0.4995 0.8403
vn 0.1900 0.6230 0.7587
vn 0.1901 0.6230 0.7588
vn 0.1653 0.7327 0.6602
vn 0.1654 0.7326 0.6602
vn 0.1370 0.8259 0.5469
vn 0.1782 0.8261 0.5346
vn 0.0827 0.8259 0.5577
vn 0.0999 0.7327 0.6732
vn 0.1148 0.6230 0.7738
vn 0.1148 0.6230 0.7737
vn 0.1271 0.4996 0.8569
vn 0.1271 0.4995 0.8569
vn 0.1366 0.3650 0.9209
vn 0.1366 0.3649 0.9210
vn 0.1431 0.2223 0.9644
vn 0.1431 0.2222 0.9644
vn 0.1463 0.0747 0.9864
vn 0.1463 0.0746 0.9864
vn 0.0473 0.8262 0.5614
vn 0.0328 0.7436 0.6678
vn 0.0334 0.7327 0.6798
vn 0.0384 0.6230 0.7813
vn 0.0384 0.6230 0.7812
vn 0.0425 0.4995 0.8653
vn 0.0425 0.4996 0.8652
vn 0.0457 0.3649 0.9299
vn 0.0478 0.2224 0.9738
vn 0.0478 0.2222 0.9738
vn 0.0473 0.2673 0.9624
vn 0.0348 0.0747 0.9966
vn 0.1667 -0.0747 -0.9832
vn 0.4382 -0.0747 -0.8958
vn 0.5413 -0.0747 -0.8375
vn 0.6737 -0.0747 -0.7352
vn 0.7562 -0.0747 -0.6501
vn 0.9092 -0.0747 -0.4095
vn 0.9514 -0.0747 -0.2988
vn 0.9880 -0.0747 -0.1356
vn 0.9971 -0.0747 -0.0174
vn 0.9859 -0.0746 0.1495
vn 0.9612 -0.0747 0.2655
vn 0.8468 -0.0747 0.5266
vn 0.7784 -0.0747 0.6233
vn 0.6632 -0.0746 0.7447
vn 0.5702 -0.0747 0.8181
vn 0.4253 -0.0748 0.9019
vn 0.3154 -0.0747 0.9460
vn 0.0348 -0.0747 0.9966
vn -0.0837 -0.0748 0.9937
vn -0.2486 -0.0746 0.9657
vn -0.3614 -0.0747 0.9294
vn -0.4692 -0.0747 0.8800
vn -0.6096 -0.0747 0.7892
vn -0.6990 -0.0747 0.7112
vn -0.8080 -0.0747 0.5844
vn -0.8717 -0.0747 0.4844
vn -0.9404 -0.0746 0.3318
vn -0.9731 -0.0747 0.2179
vn -0.9950 -0.0747 -0.0663
vn -0.9801 -0.0747 -0.1839
vn -0.9356 -0.0747 -0.3452
vn -0.8880 -0.0747 -0.4537
vn -0.7997 -0.0746 -0.5958
vn -0.7233 -0.0747 -0.6864
vn -0.4995 -0.0747 -0.8631
vn -0.3936 -0.0747 -0.9162
vn -0.2349 -0.0747 -0.9691
vn -0.1183 -0.0747 -0.9902
vn 0.0668 -0.8262 -0.5594
vn 0.1328 -0.8260 -0.5478
vn 0.2224 -0.8262 -0.5176
vn 0.2823 -0.8261 -0.4878
vn 0.3597 -0.8262 -0.4335
vn 0.4520 -0.8260 -0.3368
vn 0.5017 -0.8262 -0.2563
vn 0.5288 -0.8260 -0.1951
vn 0.5537 -0.8262 -0.1039
vn 0.5623 -0.8261 -0.0375
vn 0.5604 -0.8262 0.0571
vn 0.5315 -0.8260 0.1876
vn 0.4925 -0.8262 0.2737
vn 0.4567 -0.8260 0.3303
vn 0.3949 -0.8262 0.4018
vn 0.3445 -0.8261 0.4459
vn 0.2650 -0.8262 0.4972
vn 0.1405 -0.8260 0.5459
vn 0.0473 -0.8262 0.5614
vn -0.0197 -0.8261 0.5632
vn -0.1135 -0.8262 0.5518
vn -0.2405 -0.8259 0.5099
vn -0.3222 -0.8262 0.4622
vn -0.3748 -0.8260 0.4209
vn -0.4397 -0.8262 0.3522
vn -0.4785 -0.8261 0.2976
vn -0.5213 -0.8263 0.2133
vn -0.5573 -0.8260 0.0845
vn -0.5633 -0.8262 -0.0098
vn -0.5584 -0.8260 -0.0766
vn -0.5375 -0.8262 -0.1688
vn -0.5138 -0.8261 -0.2314
vn -0.4678 -0.8262 -0.3140
vn -0.3809 -0.8260 -0.4156
vn -0.3058 -0.8262 -0.4732
vn -0.2476 -0.8261 -0.5063
vn -0.1594 -0.8262 -0.5403
vn -0.0942 -0.8261 -0.5556
vn -0.4686 -0.8114 -0.3492
vn -0.5716 -0.7954 0.2017
vn -0.1569 -0.7772 0.6093
vn 0.2448 -0.8189 0.5191
vn 0.5884 -0.8036 0.0893
vn 0.4172 -0.7866 -0.4553
vn -0.3598 -0.8262 -0.4335
vn -0.4104 -0.7916 -0.4528
vn -0.4571 -0.7327 -0.5043
vn -0.4570 -0.7327 -0.5043
vn -0.5253 -0.6230 -0.5796
vn -0.5818 -0.4996 -0.6418
vn -0.5817 -0.4996 -0.6419
vn -0.6253 -0.3649 -0.6898
vn -0.6252 -0.3649 -0.6899
vn -0.6548 -0.2223 -0.7224
vn -0.5604 -0.8263 0.0571
vn -0.5865 -0.8053 0.0870
vn -0.6733 -0.7326 0.0999
vn -0.6732 -0.7327 0.0999
vn -0.7737 -0.6231 0.1148
vn -0.7738 -0.6230 0.1148
vn -0.8569 -0.4996 0.1271
vn -0.9210 -0.3649 0.1366
vn -0.9209 -0.3650 0.1366
vn -0.9644 -0.2223 0.1431
vn -0.9644 -0.2223 0.1430
vn 0.1136 -0.8262 0.5518
vn 0.1506 -0.7849 0.6011
vn 0.1654 -0.7326 0.6602
vn 0.1654 -0.7327 0.6602
vn 0.1901 -0.6230 0.7588
vn 0.1901 -0.6230 0.7587
vn 0.2105 -0.4995 0.8403
vn 0.2105 -0.4996 0.8403
vn 0.2262 -0.3650 0.9031
vn 0.2262 -0.3649 0.9031
vn 0.2369 -0.2223 0.9458
vn 0.2369 -0.2222 0.9458
vn 0.5214 -0.8262 0.2133
vn 0.5670 -0.7984 0.2029
vn 0.6408 -0.7326 0.2293
vn 0.6408 -0.7327 0.2293
vn 0.7365 -0.6230 0.2635
vn 0.8156 -0.4996 0.2918
vn 0.8766 -0.3649 0.3136
vn 0.8766 -0.3650 0.3137
vn 0.9180 -0.2223 0.3285
vn 0.4678 -0.8262 -0.3140
vn 0.4686 -0.8121 -0.3476
vn 0.5467 -0.7326 -0.4054
vn 0.5466 -0.7327 -0.4054
vn 0.6283 -0.6230 -0.4660
vn 0.6283 -0.6230 -0.4659
vn 0.6958 -0.4996 -0.5160
vn 0.7478 -0.3649 -0.5546
vn 0.7831 -0.2223 -0.5808
vn 0.1594 -0.8262 -0.5403
vn 0.1526 -0.7783 -0.6091
vn 0.1654 -0.7327 -0.6602
vn 0.1901 -0.6230 -0.7588
vn 0.2105 -0.4996 -0.8403
vn 0.2262 -0.3649 -0.9031
vn 0.2369 -0.2223 -0.9458
vn -0.0277 -0.8259 -0.5631
vn -0.0334 -0.7327 -0.6798
vn -0.0384 -0.6230 -0.7813
vn -0.0425 -0.4996 -0.8652
vn -0.0457 -0.3649 -0.9299
vn -0.0478 -0.2223 -0.9738
vn -0.0489 -0.0746 -0.9960
vn -0.0668 -0.8262 -0.5594
vn -0.1014 -0.7229 -0.6835
vn -0.0999 -0.7327 -0.6732
vn -0.1148 -0.6230 -0.7737
vn -0.1271 -0.4996 -0.8569
vn -0.1366 -0.3649 -0.9210
vn -0.1431 -0.2223 -0.9644
vn -0.1399 -0.3008 -0.9434
vn -0.1667 -0.0747 -0.9832
vn -0.2822 -0.0747 -0.9565
vn -0.2381 -0.2002 -0.9504
vn -0.2369 -0.2223 -0.9458
vn -0.2262 -0.3649 -0.9031
vn -0.2105 -0.4996 -0.8403
vn -0.1901 -0.6230 -0.7588
vn -0.1654 -0.7327 -0.6602
vn -0.1526 -0.7783 -0.6091
vn -0.1328 -0.8260 -0.5478
vn -0.1900 -0.8259 -0.5308
vn -0.1899 -0.8259 -0.5308
vn -0.2293 -0.7327 -0.6408
vn -0.2635 -0.6230 -0.7365
vn -0.2918 -0.4996 -0.8156
vn -0.3137 -0.3649 -0.8766
vn -0.3285 -0.2223 -0.9180
vn -0.3360 -0.0746 -0.9389
vn -0.2224 -0.8262 -0.5176
vn -0.2834 -0.7486 -0.5993
vn -0.2910 -0.7327 -0.6153
vn -0.2910 -0.7327 -0.6152
vn -0.3344 -0.6230 -0.7071
vn -0.3345 -0.6230 -0.7071
vn -0.3704 -0.4996 -0.7831
vn -0.3981 -0.3649 -0.8416
vn -0.4168 -0.2223 -0.8814
vn -0.4169 -0.2223 -0.8814
vn -0.4382 -0.0747 -0.8958
vn -0.5413 -0.0747 -0.8375
vn -0.4943 -0.2751 -0.8246
vn -0.5013 -0.2223 -0.8362
vn -0.5012 -0.2223 -0.8363
vn -0.4786 -0.3649 -0.7986
vn -0.4787 -0.3649 -0.7986
vn -0.4454 -0.4996 -0.7430
vn -0.4453 -0.4996 -0.7430
vn -0.4022 -0.6230 -0.6709
vn -0.4021 -0.6230 -0.6709
vn -0.3499 -0.7327 -0.5838
vn -0.3463 -0.7390 -0.5778
vn -0.2823 -0.8261 -0.4878
vn -0.3359 -0.8259 -0.4528
vn -0.3358 -0.8259 -0.4529
vn -0.4054 -0.7327 -0.5467
vn -0.4660 -0.6230 -0.6283
vn -0.5161 -0.4996 -0.6958
vn -0.5160 -0.4996 -0.6958
vn -0.5546 -0.3649 -0.7478
vn -0.5808 -0.2223 -0.7831
vn -0.5941 -0.0746 -0.8009
vn -0.5940 -0.0746 -0.8010
vn -0.6697 -0.0746 -0.7389
vn -0.6644 -0.1813 -0.7251
vn -0.6368 -0.0747 -0.7674
vn -0.7562 -0.0747 -0.6501
vn -0.7057 -0.3050 -0.6396
vn -0.7224 -0.2223 -0.6548
vn -0.7224 -0.2223 -0.6547
vn -0.6898 -0.3649 -0.6253
vn -0.6899 -0.3649 -0.6252
vn -0.6419 -0.4996 -0.5817
vn -0.6418 -0.4996 -0.5818
vn -0.5796 -0.6230 -0.5253
vn -0.5044 -0.7326 -0.4570
vn -0.5043 -0.7327 -0.4571
vn -0.5142 -0.7201 -0.4660
vn -0.4087 -0.8261 -0.3879
vn -0.8279 -0.0747 -0.5559
vn -0.7978 -0.1159 -0.5917
vn -0.7831 -0.2223 -0.5808
vn -0.7478 -0.3649 -0.5546
vn -0.6958 -0.4996 -0.5160
vn -0.6283 -0.6230 -0.4660
vn -0.5467 -0.7327 -0.4054
vn -0.4528 -0.8259 -0.3359
vn -0.4273 -0.8261 -0.3673
vn -0.4835 -0.8259 -0.2899
vn -0.4836 -0.8259 -0.2898
vn -0.5838 -0.7327 -0.3499
vn -0.5837 -0.7327 -0.3499
vn -0.6710 -0.6230 -0.4021
vn -0.6709 -0.6230 -0.4022
vn -0.7430 -0.4996 -0.4453
vn -0.7431 -0.4995 -0.4453
vn -0.7986 -0.3649 -0.4786
vn -0.7985 -0.3650 -0.4787
vn -0.8363 -0.2223 -0.5012
vn -0.8362 -0.2223 -0.5013
vn -0.8553 -0.0746 -0.5127
vn -0.5017 -0.8262 -0.2563
vn -0.6199 -0.7278 -0.2932
vn -0.6153 -0.7326 -0.2910
vn -0.6153 -0.7327 -0.2910
vn -0.7071 -0.6230 -0.3344
vn -0.7831 -0.4996 -0.3704
vn -0.8416 -0.3649 -0.3981
vn -0.8814 -0.2223 -0.4169
vn -0.8643 -0.2931 -0.4088
vn -0.9092 -0.0747 -0.4096
vn -0.9514 -0.0747 -0.2988
vn -0.9171 -0.2265 -0.3281
vn -0.9180 -0.2223 -0.3285
vn -0.8766 -0.3649 -0.3137
vn -0.8766 -0.3649 -0.3136
vn -0.8157 -0.4995 -0.2918
vn -0.8156 -0.4996 -0.2919
vn -0.7366 -0.6229 -0.2635
vn -0.7365 -0.6230 -0.2635
vn -0.6408 -0.7326 -0.2293
vn -0.6057 -0.7657 -0.2167
vn -0.5288 -0.8260 -0.1951
vn -0.5469 -0.8259 -0.1370
vn -0.6602 -0.7327 -0.1654
vn -0.6602 -0.7326 -0.1654
vn -0.7587 -0.6231 -0.1901
vn -0.7588 -0.6230 -0.1901
vn -0.8403 -0.4996 -0.2105
vn -0.9031 -0.3649 -0.2262
vn -0.9031 -0.3650 -0.2262
vn -0.9458 -0.2223 -0.2369
vn -0.9458 -0.2222 -0.2369
vn -0.9673 -0.0747 -0.2423
vn -0.9673 -0.0746 -0.2423
vn -0.5538 -0.8262 -0.1039
vn -0.6433 -0.7597 -0.0954
vn -0.6732 -0.7327 -0.0999
vn -0.7737 -0.6230 -0.1148
vn -0.7738 -0.6230 -0.1148
vn -0.8569 -0.4996 -0.1271
vn -0.9210 -0.3649 -0.1366
vn -0.9209 -0.3650 -0.1366
vn -0.9644 -0.2223 -0.1431
vn -0.9607 -0.2382 -0.1425
vn -0.9880 -0.0747 -0.1356
vn -0.9971 -0.0747 -0.0174
vn -0.9565 -0.2880 -0.0470
vn -0.9738 -0.2223 -0.0478
vn -0.9299 -0.3649 -0.0457
vn -0.8652 -0.4996 -0.0425
vn -0.7813 -0.6230 -0.0384
vn -0.7812 -0.6231 -0.0384
vn -0.6797 -0.7327 -0.0334
vn -0.6798 -0.7326 -0.0334
vn -0.6815 -0.7311 -0.0335
vn -0.5623 -0.8261 -0.0375
vn -0.5631 -0.8259 0.0277
vn -0.5632 -0.8259 0.0277
vn -0.6797 -0.7327 0.0334
vn -0.6798 -0.7327 0.0334
vn -0.7813 -0.6230 0.0384
vn -0.8652 -0.4996 0.0425
vn -0.9299 -0.3649 0.0457
vn -0.9299 -0.3650 0.0457
vn -0.9738 -0.2223 0.0478
vn -0.9960 -0.0747 0.0489
vn -0.9960 -0.0746 0.0489
vn -0.9864 -0.0746 0.1463
vn -0.9791 -0.1392 0.1485
vn -0.9921 -0.0747 0.1010
vn -0.5499 -0.8261 0.1231
vn -0.6737 -0.7194 0.1688
vn -0.6602 -0.7327 0.1654
vn -0.6602 -0.7326 0.1654
vn -0.7588 -0.6230 0.1901
vn -0.8403 -0.4996 0.2105
vn -0.9032 -0.3649 0.2262
vn -0.9031 -0.3650 0.2262
vn -0.9458 -0.2223 0.2369
vn -0.9236 -0.3058 0.2313
vn -0.9612 -0.0747 0.2655
vn -0.9230 -0.0747 0.3776
vn -0.9305 -0.1529 0.3329
vn -0.9180 -0.2223 0.3285
vn -0.8766 -0.3649 0.3137
vn -0.8766 -0.3649 0.3136
vn -0.8156 -0.4996 0.2919
vn -0.8156 -0.4996 0.2918
vn -0.7366 -0.6229 0.2635
vn -0.7365 -0.6230 0.2635
vn -0.6408 -0.7326 0.2293
vn -0.6408 -0.7327 0.2293
vn -0.5309 -0.8259 0.1899
vn -0.5430 -0.8262 0.1500
vn -0.5096 -0.8259 0.2411
vn -0.5097 -0.8259 0.2411
vn -0.6153 -0.7327 0.2910
vn -0.6152 -0.7327 0.2910
vn -0.7072 -0.6230 0.3344
vn -0.7071 -0.6230 0.3345
vn -0.7831 -0.4996 0.3704
vn -0.8417 -0.3649 0.3980
vn -0.8417 -0.3649 0.3981
vn -0.8813 -0.2223 0.4169
vn -0.8814 -0.2223 0.4169
vn -0.9015 -0.0746 0.4264
vn -0.4925 -0.8262 0.2737
vn -0.5817 -0.7348 0.3487
vn -0.5838 -0.7327 0.3499
vn -0.5838 -0.7326 0.3499
vn -0.6710 -0.6230 0.4021
vn -0.6709 -0.6230 0.4021
vn -0.7430 -0.4996 0.4453
vn -0.7431 -0.4995 0.4453
vn -0.7986 -0.3649 0.4786
vn -0.7986 -0.3650 0.4787
vn -0.8362 -0.2223 0.5013
vn -0.8363 -0.2223 0.5012
vn -0.8229 -0.2820 0.4932
vn -0.8468 -0.0747 0.5266
vn -0.7784 -0.0747 0.6233
vn -0.7779 -0.2489 0.5770
vn -0.7831 -0.2223 0.5808
vn -0.7478 -0.3649 0.5546
vn -0.6958 -0.4996 0.5160
vn -0.6958 -0.4996 0.5161
vn -0.6283 -0.6230 0.4659
vn -0.6283 -0.6230 0.4660
vn -0.5467 -0.7326 0.4054
vn -0.5276 -0.7540 0.3913
vn -0.4567 -0.8260 0.3303
vn -0.4178 -0.8259 0.3786
vn -0.5043 -0.7327 0.4571
vn -0.5795 -0.6230 0.5253
vn -0.5797 -0.6229 0.5253
vn -0.6418 -0.4996 0.5818
vn -0.6419 -0.4996 0.5818
vn -0.6899 -0.3650 0.6252
vn -0.6898 -0.3650 0.6253
vn -0.7224 -0.2223 0.6548
vn -0.7389 -0.0747 0.6697
vn -0.7389 -0.0746 0.6697
vn -0.3949 -0.8262 0.4018
vn -0.4270 -0.7718 0.4711
vn -0.4570 -0.7327 0.5043
vn -0.4571 -0.7327 0.5043
vn -0.5253 -0.6230 0.5796
vn -0.5817 -0.4996 0.6419
vn -0.5818 -0.4996 0.6418
vn -0.6252 -0.3650 0.6899
vn -0.6252 -0.3649 0.6899
vn -0.6548 -0.2223 0.7224
vn -0.6560 -0.2139 0.7238
vn -0.6632 -0.0746 0.7447
vn -0.5702 -0.0747 0.8181
vn -0.5687 -0.2974 0.7669
vn -0.5808 -0.2223 0.7831
vn -0.5808 -0.2222 0.7831
vn -0.5546 -0.3649 0.7478
vn -0.5160 -0.4996 0.6958
vn -0.5161 -0.4996 0.6958
vn -0.4660 -0.6230 0.6283
vn -0.4659 -0.6230 0.6283
vn -0.4054 -0.7326 0.5467
vn -0.4054 -0.7327 0.5467
vn -0.4102 -0.7251 0.5531
vn -0.3445 -0.8261 0.4459
vn -0.2899 -0.8259 0.4836
vn -0.3499 -0.7327 0.5838
vn -0.4021 -0.6230 0.6710
vn -0.4022 -0.6230 0.6709
vn -0.4454 -0.4996 0.7430
vn -0.4453 -0.4996 0.7430
vn -0.4787 -0.3649 0.7986
vn -0.4786 -0.3649 0.7986
vn -0.5013 -0.2223 0.8362
vn -0.5012 -0.2223 0.8363
vn -0.5127 -0.0746 0.8553
vn -0.5127 -0.0747 0.8553
vn -0.4254 -0.0747 0.9019
vn -0.4256 -0.0958 0.8998
vn -0.4169 -0.2222 0.8814
vn -0.4169 -0.2223 0.8814
vn -0.3980 -0.3649 0.8417
vn -0.3981 -0.3649 0.8416
vn -0.3704 -0.4995 0.7831
vn -0.3704 -0.4996 0.7831
vn -0.3344 -0.6231 0.7071
vn -0.3344 -0.6230 0.7071
vn -0.2910 -0.7327 0.6152
vn -0.2454 -0.8190 0.5186
vn -0.2650 -0.8262 0.4971
vn -0.2042 -0.8262 0.5251
vn -0.2334 -0.7212 0.6522
vn -0.2293 -0.7326 0.6409
vn -0.2293 -0.7327 0.6408
vn -0.2635 -0.6230 0.7365
vn -0.2918 -0.4996 0.8156
vn -0.2918 -0.4995 0.8157
vn -0.3137 -0.3649 0.8766
vn -0.3137 -0.3650 0.8766
vn -0.3285 -0.2223 0.9180
vn -0.3210 -0.3033 0.8972
vn -0.3154 -0.0747 0.9460
vn -0.2009 -0.0747 0.9767
vn -0.2387 -0.1855 0.9532
vn -0.2369 -0.2222 0.9458
vn -0.2369 -0.2223 0.9458
vn -0.2262 -0.3650 0.9031
vn -0.2262 -0.3649 0.9032
vn -0.2105 -0.4996 0.8403
vn -0.2105 -0.4995 0.8403
vn -0.1901 -0.6230 0.7588
vn -0.1653 -0.7327 0.6602
vn -0.1654 -0.7327 0.6602
vn -0.1370 -0.8259 0.5469
vn -0.1783 -0.8261 0.5346
vn -0.0827 -0.8259 0.5577
vn -0.0999 -0.7327 0.6732
vn -0.1148 -0.6230 0.7738
vn -0.1148 -0.6230 0.7737
vn -0.1271 -0.4996 0.8569
vn -0.1271 -0.4995 0.8569
vn -0.1366 -0.3650 0.9209
vn -0.1366 -0.3649 0.9210
vn -0.1431 -0.2223 0.9644
vn -0.1463 -0.0747 0.9864
vn -0.1463 -0.0746 0.9864
vn -0.0473 -0.8262 0.5614
vn -0.0328 -0.7436 0.6678
vn -0.0334 -0.7326 0.6798
vn -0.0334 -0.7327 0.6798
vn -0.0384 -0.6230 0.7813
vn -0.0425 -0.4995 0.8653
vn -0.0425 -0.4996 0.8652
vn -0.0457 -0.3650 0.9299
vn -0.0457 -0.3649 0.9299
vn -0.0478 -0.2223 0.9738
vn -0.0478 -0.2222 0.9738
vn -0.0473 -0.2673 0.9625
vn -0.0348 -0.0747 0.9966
vn 0.0836 -0.0748 0.9937
vn 0.0473 -0.2673 0.9624
vn 0.0478 -0.2224 0.9738
vn 0.0478 -0.2223 0.9738
vn 0.0457 -0.3649 0.9299
vn 0.0425 -0.4996 0.8652
vn 0.0384 -0.6230 0.7813
vn 0.0334 -0.7327 0.6798
vn 0.0328 -0.7436 0.6678
vn 0.0197 -0.8261 0.5632
vn 0.0827 -0.8259 0.5577
vn 0.0999 -0.7326 0.6732
vn 0.0999 -0.7327 0.6732
vn 0.1148 -0.6230 0.7738
vn 0.1148 -0.6230 0.7737
vn 0.1271 -0.4996 0.8569
vn 0.1366 -0.3650 0.9209
vn 0.1366 -0.3649 0.9210
vn 0.1431 -0.2223 0.9644
vn 0.1431 -0.2222 0.9644
vn 0.1463 -0.0747 0.9864
vn 0.1463 -0.0746 0.9864
vn 0.2423 -0.0747 0.9673
vn 0.2442 -0.2020 0.9485
vn 0.2010 -0.0747 0.9767
vn 0.3614 -0.0747 0.9294
vn 0.3210 -0.3033 0.8972
vn 0.3285 -0.2223 0.9180
vn 0.3136 -0.3649 0.8766
vn 0.3137 -0.3650 0.8766
vn 0.2918 -0.4996 0.8156
vn 0.2635 -0.6230 0.7365
vn 0.2293 -0.7327 0.6408
vn 0.2293 -0.7326 0.6408
vn 0.2334 -0.7212 0.6522
vn 0.1782 -0.8261 0.5346
vn 0.4691 -0.0747 0.8800
vn 0.4255 -0.0958 0.8999
vn 0.4169 -0.2223 0.8814
vn 0.4169 -0.2222 0.8814
vn 0.3981 -0.3649 0.8416
vn 0.3981 -0.3650 0.8416
vn 0.3704 -0.4996 0.7831
vn 0.3704 -0.4995 0.7831
vn 0.3345 -0.6230 0.7071
vn 0.3344 -0.6230 0.7071
vn 0.2910 -0.7326 0.6153
vn 0.2909 -0.7327 0.6152
vn 0.2411 -0.8259 0.5097
vn 0.2042 -0.8261 0.5251
vn 0.2898 -0.8259 0.4836
vn 0.2899 -0.8259 0.4836
vn 0.3499 -0.7327 0.5838
vn 0.4021 -0.6230 0.6709
vn 0.4454 -0.4996 0.7430
vn 0.4453 -0.4996 0.7430
vn 0.4786 -0.3650 0.7986
vn 0.4786 -0.3649 0.7986
vn 0.5013 -0.2223 0.8363
vn 0.5012 -0.2224 0.8363
vn 0.5127 -0.0746 0.8553
vn 0.3222 -0.8262 0.4622
vn 0.4102 -0.7251 0.5531
vn 0.4054 -0.7326 0.5467
vn 0.4054 -0.7327 0.5466
vn 0.4660 -0.6230 0.6283
vn 0.5161 -0.4996 0.6958
vn 0.5160 -0.4996 0.6958
vn 0.5546 -0.3650 0.7478
vn 0.5546 -0.3649 0.7478
vn 0.5808 -0.2223 0.7831
vn 0.5808 -0.2222 0.7831
vn 0.5687 -0.2974 0.7669
vn 0.6096 -0.0747 0.7892
vn 0.6990 -0.0747 0.7112
vn 0.6560 -0.2139 0.7238
vn 0.6548 -0.2223 0.7224
vn 0.6252 -0.3650 0.6899
vn 0.6252 -0.3649 0.6899
vn 0.5818 -0.4996 0.6418
vn 0.5817 -0.4996 0.6419
vn 0.5254 -0.6230 0.5796
vn 0.5253 -0.6230 0.5796
vn 0.4570 -0.7327 0.5043
vn 0.4571 -0.7327 0.5043
vn 0.4270 -0.7718 0.4711
vn 0.3748 -0.8260 0.4209
vn 0.4178 -0.8259 0.3786
vn 0.5043 -0.7327 0.4571
vn 0.5043 -0.7327 0.4570
vn 0.5795 -0.6230 0.5253
vn 0.5796 -0.6230 0.5253
vn 0.6418 -0.4996 0.5818
vn 0.6419 -0.4996 0.5817
vn 0.6899 -0.3650 0.6252
vn 0.6898 -0.3649 0.6253
vn 0.7224 -0.2222 0.6547
vn 0.7224 -0.2223 0.6548
vn 0.7389 -0.0746 0.6697
vn 0.7389 -0.0747 0.6697
vn 0.4397 -0.8262 0.3521
vn 0.5276 -0.7540 0.3913
vn 0.5467 -0.7326 0.4054
vn 0.5466 -0.7327 0.4054
vn 0.6282 -0.6230 0.4660
vn 0.6283 -0.6230 0.4659
vn 0.6958 -0.4996 0.5160
vn 0.7478 -0.3649 0.5546
vn 0.7831 -0.2223 0.5808
vn 0.7779 -0.2489 0.5770
vn 0.8080 -0.0747 0.5844
vn 0.8717 -0.0747 0.4844
vn 0.8229 -0.2820 0.4932
vn 0.8363 -0.2223 0.5013
vn 0.7986 -0.3649 0.4786
vn 0.7431 -0.4996 0.4453
vn 0.7430 -0.4996 0.4453
vn 0.6710 -0.6230 0.4021
vn 0.6709 -0.6230 0.4021
vn 0.5837 -0.7327 0.3499
vn 0.5838 -0.7326 0.3499
vn 0.5817 -0.7348 0.3487
vn 0.4785 -0.8261 0.2976
vn 0.5096 -0.8259 0.2411
vn 0.5097 -0.8259 0.2410
vn 0.6152 -0.7327 0.2910
vn 0.6153 -0.7327 0.2910
vn 0.7071 -0.6230 0.3344
vn 0.7071 -0.6230 0.3345
vn 0.7831 -0.4996 0.3704
vn 0.8416 -0.3649 0.3981
vn 0.8417 -0.3649 0.3980
vn 0.8813 -0.2223 0.4169
vn 0.8814 -0.2223 0.4168
vn 0.9015 -0.0746 0.4264
vn 0.9015 -0.0747 0.4263
vn 0.9389 -0.0746 0.3359
vn 0.9308 -0.1604 0.3285
vn 0.9230 -0.0748 0.3776
vn 0.9731 -0.0747 0.2179
vn 0.9236 -0.3058 0.2313
vn 0.9458 -0.2223 0.2369
vn 0.9031 -0.3650 0.2263
vn 0.9032 -0.3649 0.2262
vn 0.8403 -0.4996 0.2105
vn 0.7588 -0.6230 0.1901
vn 0.7587 -0.6231 0.1901
vn 0.6603 -0.7326 0.1654
vn 0.6602 -0.7327 0.1654
vn 0.6737 -0.7194 0.1688
vn 0.5431 -0.8262 0.1500
vn 0.9921 -0.0747 0.1010
vn 0.9801 -0.1349 0.1454
vn 0.9644 -0.2223 0.1430
vn 0.9644 -0.2223 0.1431
vn 0.9209 -0.3650 0.1366
vn 0.9210 -0.3649 0.1366
vn 0.8569 -0.4996 0.1271
vn 0.7737 -0.6230 0.1148
vn 0.6732 -0.7327 0.0999
vn 0.5577 -0.8259 0.0827
vn 0.5499 -0.8261 0.1231
vn 0.5632 -0.8259 0.0277
vn 0.5631 -0.8259 0.0277
vn 0.6797 -0.7327 0.0334
vn 0.7813 -0.6230 0.0384
vn 0.7813 -0.6229 0.0384
vn 0.8652 -0.4996 0.0425
vn 0.9299 -0.3649 0.0457
vn 0.9738 -0.2223 0.0478
vn 0.9960 -0.0746 0.0489
vn 0.5633 -0.8262 -0.0098
vn 0.6814 -0.7311 -0.0335
vn 0.6798 -0.7326 -0.0334
vn 0.6798 -0.7327 -0.0334
vn 0.7812 -0.6230 -0.0384
vn 0.7813 -0.6230 -0.0384
vn 0.8652 -0.4996 -0.0425
vn 0.8652 -0.4995 -0.0425
vn 0.9299 -0.3649 -0.0457
vn 0.9738 -0.2223 -0.0478
vn 0.9565 -0.2880 -0.0470
vn 0.9950 -0.0747 -0.0663
vn 0.9801 -0.0747 -0.1839
vn 0.9607 -0.2382 -0.1425
vn 0.9644 -0.2223 -0.1430
vn 0.9644 -0.2223 -0.1431
vn 0.9210 -0.3649 -0.1366
vn 0.8569 -0.4996 -0.1271
vn 0.7738 -0.6230 -0.1148
vn 0.7737 -0.6230 -0.1148
vn 0.6732 -0.7327 -0.0999
vn 0.6733 -0.7326 -0.0999
vn 0.6433 -0.7597 -0.0954
vn 0.5584 -0.8260 -0.0766
vn 0.5469 -0.8259 -0.1370
vn 0.6603 -0.7326 -0.1654
vn 0.6602 -0.7327 -0.1654
vn 0.7588 -0.6230 -0.1901
vn 0.8403 -0.4996 -0.2105
vn 0.9031 -0.3649 -0.2262
vn 0.9031 -0.3650 -0.2262
vn 0.9458 -0.2223 -0.2369
vn 0.9673 -0.0746 -0.2423
vn 0.5375 -0.8262 -0.1688
vn 0.6056 -0.7657 -0.2167
vn 0.6408 -0.7326 -0.2293
vn 0.7365 -0.6230 -0.2635
vn 0.7366 -0.6229 -0.2635
vn 0.8156 -0.4996 -0.2918
vn 0.8766 -0.3649 -0.3136
vn 0.8766 -0.3649 -0.3137
vn 0.9180 -0.2223 -0.3285
vn 0.9171 -0.2265 -0.3281
vn 0.9356 -0.0747 -0.3452
vn 0.8880 -0.0747 -0.4537
vn 0.8643 -0.2932 -0.4088
vn 0.8814 -0.2223 -0.4169
vn 0.8416 -0.3650 -0.3981
vn 0.8417 -0.3649 -0.3981
vn 0.7831 -0.4996 -0.3704
vn 0.7071 -0.6230 -0.3344
vn 0.6153 -0.7327 -0.2910
vn 0.6199 -0.7278 -0.2932
vn 0.5138 -0.8261 -0.2314
vn 0.4835 -0.8259 -0.2899
vn 0.4836 -0.8259 -0.2899
vn 0.5838 -0.7327 -0.3499
vn 0.5837 -0.7327 -0.3499
vn 0.6710 -0.6230 -0.4021
vn 0.6709 -0.6230 -0.4022
vn 0.7430 -0.4996 -0.4453
vn 0.7431 -0.4996 -0.4453
vn 0.7986 -0.3650 -0.4787
vn 0.7986 -0.3649 -0.4787
vn 0.8363 -0.2223 -0.5012
vn 0.8363 -0.2223 -0.5013
vn 0.8553 -0.0746 -0.5127
vn 0.8010 -0.0746 -0.5940
vn 0.7963 -0.1178 -0.5933
vn 0.8279 -0.0747 -0.5558
vn 0.4273 -0.8261 -0.3673
vn 0.5141 -0.7201 -0.4660
vn 0.5043 -0.7326 -0.4570
vn 0.5043 -0.7327 -0.4571
vn 0.5795 -0.6230 -0.5253
vn 0.5797 -0.6230 -0.5253
vn 0.6418 -0.4996 -0.5818
vn 0.6419 -0.4996 -0.5817
vn 0.6899 -0.3649 -0.6252
vn 0.6898 -0.3650 -0.6253
vn 0.7224 -0.2223 -0.6547
vn 0.7224 -0.2223 -0.6548
vn 0.7057 -0.3050 -0.6396
vn 0.7233 -0.0747 -0.6864
vn 0.6368 -0.0747 -0.7674
vn 0.6618 -0.1697 -0.7302
vn 0.6548 -0.2223 -0.7224
vn 0.6252 -0.3649 -0.6899
vn 0.6253 -0.3649 -0.6898
vn 0.5817 -0.4996 -0.6419
vn 0.5818 -0.4996 -0.6418
vn 0.5253 -0.6230 -0.5796
vn 0.4570 -0.7327 -0.5043
vn 0.4571 -0.7327 -0.5043
vn 0.3787 -0.8259 -0.4177
vn 0.4088 -0.8261 -0.3879
vn 0.3358 -0.8259 -0.4529
vn 0.3359 -0.8259 -0.4528
vn 0.4054 -0.7327 -0.5467
vn 0.4660 -0.6230 -0.6283
vn 0.5161 -0.4996 -0.6958
vn 0.5160 -0.4996 -0.6958
vn 0.5546 -0.3649 -0.7478
vn 0.5808 -0.2223 -0.7831
vn 0.5941 -0.0746 -0.8009
vn 0.5940 -0.0746 -0.8010
vn 0.3058 -0.8262 -0.4732
vn 0.3463 -0.7390 -0.5778
vn 0.3499 -0.7327 -0.5838
vn 0.3499 -0.7326 -0.5838
vn 0.4021 -0.6230 -0.6709
vn 0.4022 -0.6230 -0.6709
vn 0.4454 -0.4996 -0.7430
vn 0.4453 -0.4996 -0.7430
vn 0.4787 -0.3649 -0.7986
vn 0.4786 -0.3649 -0.7986
vn 0.5013 -0.2223 -0.8362
vn 0.5012 -0.2223 -0.8363
vn 0.4943 -0.2751 -0.8246
vn 0.4995 -0.0747 -0.8631
vn 0.3936 -0.0747 -0.9162
vn 0.4130 -0.2586 -0.8733
vn 0.4168 -0.2223 -0.8814
vn 0.4169 -0.2223 -0.8814
vn 0.3981 -0.3649 -0.8416
vn 0.3704 -0.4996 -0.7831
vn 0.3344 -0.6230 -0.7071
vn 0.2910 -0.7327 -0.6153
vn 0.2910 -0.7327 -0.6152
vn 0.2834 -0.7486 -0.5993
vn 0.2476 -0.8261 -0.5063
vn 0.1899 -0.8259 -0.5308
vn 0.2293 -0.7327 -0.6408
vn 0.2635 -0.6230 -0.7365
vn 0.2918 -0.4996 -0.8156
vn 0.3137 -0.3649 -0.8766
vn 0.3285 -0.2223 -0.9180
vn 0.3284 -0.2223 -0.9180
vn 0.3359 -0.0746 -0.9389
vn 0.3360 -0.0746 -0.9389
vn 0.2423 -0.0746 -0.9673
vn 0.2296 -0.2224 -0.9475
vn 0.2822 -0.0747 -0.9565
vn 0.1183 -0.0747 -0.9902
vn 0.1399 -0.3008 -0.9434
vn 0.1431 -0.2223 -0.9644
vn 0.1366 -0.3649 -0.9210
vn 0.1271 -0.4996 -0.8569
vn 0.1148 -0.6230 -0.7737
vn 0.0999 -0.7327 -0.6732
vn 0.1014 -0.7229 -0.6835
vn 0.0942 -0.8261 -0.5556
vn 0.0277 -0.8259 -0.5631
vn 0.0334 -0.7327 -0.6798
vn 0.0384 -0.6230 -0.7813
vn 0.0425 -0.4996 -0.8652
vn 0.0457 -0.3649 -0.9299
vn 0.0478 -0.2223 -0.9738
vn 0.0489 -0.0746 -0.9960
vn 0.1347 -0.6025 0.7866
vn 0.2276 -0.6027 0.7648
vn 0.3535 -0.6025 0.7156
vn 0.4363 -0.6027 0.6682
vn 0.6087 -0.6026 0.5160
vn 0.6659 -0.6028 0.4396
vn 0.7307 -0.6025 0.3210
vn 0.7637 -0.6027 0.2314
vn 0.7980 -0.6026 0.0040
vn 0.7927 -0.6027 -0.0913
vn 0.7661 -0.6024 -0.2238
vn 0.7338 -0.6027 -0.3136
vn 0.6139 -0.6026 -0.5099
vn 0.5486 -0.6027 -0.5795
vn 0.4430 -0.6025 -0.6639
vn 0.3605 -0.6027 -0.7119
vn 0.1425 -0.6026 -0.7852
vn 0.0477 -0.6027 -0.7965
vn -0.0199 -0.6026 -0.7978
vn -0.0874 -0.6025 -0.7934
vn -0.1814 -0.6027 -0.7771
vn -0.3956 -0.6026 -0.6931
vn -0.4754 -0.6027 -0.6409
vn -0.5769 -0.6025 -0.5516
vn -0.6385 -0.6027 -0.4787
vn -0.7485 -0.6026 -0.2767
vn -0.7761 -0.6028 -0.1853
vn -0.7965 -0.6025 -0.0517
vn -0.7968 -0.6027 0.0438
vn -0.7512 -0.6026 0.2692
vn -0.7137 -0.6027 0.3569
vn -0.6433 -0.6025 0.4724
vn -0.5822 -0.6027 0.5457
vn -0.4024 -0.6026 0.6892
vn -0.3173 -0.6027 0.7322
vn -0.1892 -0.6025 0.7754
vn -0.0953 -0.6027 0.7923
vn 0.0348 -0.0718 0.9968
vn 0.2025 -0.0719 0.9766
vn 0.4282 -0.0717 0.9008
vn 0.5741 -0.0718 0.8156
vn 0.6674 -0.0718 0.7413
vn 0.7829 -0.0718 0.6180
vn 0.9071 -0.0718 0.4148
vn 0.9641 -0.0718 0.2558
vn 0.9877 -0.0718 0.1388
vn 0.9970 -0.0718 -0.0298
vn 0.9615 -0.0718 -0.2654
vn 0.9029 -0.0718 -0.4238
vn 0.8459 -0.0717 -0.5286
vn 0.7445 -0.0718 -0.6637
vn 0.5660 -0.0718 -0.8213
vn 0.4192 -0.0718 -0.9050
vn 0.3082 -0.0718 -0.9486
vn 0.1437 -0.0718 -0.9870
vn -0.0943 -0.0718 -0.9930
vn -0.2605 -0.0718 -0.9628
vn -0.3737 -0.0718 -0.9248
vn -0.5243 -0.0718 -0.8485
vn -0.7105 -0.0718 -0.7000
vn -0.8184 -0.0718 -0.5701
vn -0.8807 -0.0718 -0.4683
vn -0.9471 -0.0718 -0.3129
vn -0.9942 -0.0718 -0.0795
vn -0.9934 -0.0718 0.0894
vn -0.9756 -0.0718 0.2074
vn -0.9266 -0.0718 0.3690
vn -0.8127 -0.0717 0.5782
vn -0.7035 -0.0718 0.7070
vn -0.6141 -0.0718 0.7860
vn -0.4726 -0.0718 0.8783
vn -0.2509 -0.0717 0.9654
vn -0.0844 -0.0718 0.9938
vn -0.4229 -0.1732 0.8895
vn -0.8957 -0.1734 0.4096
vn -0.9494 -0.1734 -0.2621
vn -0.5588 -0.1733 -0.8110
vn 0.0932 -0.1733 -0.9804
vn 0.7016 -0.1733 -0.6912
vn 0.9817 -0.1733 -0.0785
vn 0.8025 -0.1733 0.5710
vn 0.2477 -0.1733 0.9532
vn -0.0348 -0.0718 0.9968
vn -0.0479 -0.2790 0.9591
vn -0.0487 -0.2137 0.9757
vn -0.0487 -0.2138 0.9757
vn -0.0467 -0.3513 0.9351
vn -0.0467 -0.3514 0.9351
vn -0.0437 -0.4818 0.8752
vn -0.0437 -0.4817 0.8753
vn -0.0398 -0.6023 0.7973
vn -0.1486 -0.0717 0.9863
vn -0.1487 -0.0717 0.9863
vn -0.1456 -0.2137 0.9660
vn -0.1395 -0.3513 0.9258
vn -0.1395 -0.3514 0.9258
vn -0.1306 -0.4817 0.8665
vn -0.1362 -0.4064 0.9035
vn -0.1347 -0.6025 0.7866
vn -0.2276 -0.6027 0.7648
vn -0.2164 -0.4805 0.8498
vn -0.2162 -0.4818 0.8492
vn -0.2163 -0.4817 0.8492
vn -0.2310 -0.3514 0.9073
vn -0.2310 -0.3513 0.9073
vn -0.2410 -0.2138 0.9467
vn -0.2411 -0.2136 0.9467
vn -0.2434 -0.1635 0.9560
vn -0.2025 -0.0718 0.9766
vn -0.3177 -0.0718 0.9455
vn -0.3246 -0.3153 0.8918
vn -0.3341 -0.2137 0.9180
vn -0.3202 -0.3514 0.8798
vn -0.2997 -0.4817 0.8235
vn -0.2730 -0.6023 0.7501
vn -0.2730 -0.6023 0.7502
vn -0.3644 -0.0718 0.9285
vn -0.4328 -0.0718 0.8986
vn -0.4239 -0.2137 0.8801
vn -0.4238 -0.2137 0.8802
vn -0.4063 -0.3513 0.8435
vn -0.4062 -0.3514 0.8435
vn -0.3802 -0.4818 0.7895
vn -0.3802 -0.4817 0.7895
vn -0.3805 -0.4806 0.7901
vn -0.3535 -0.6025 0.7156
vn -0.4362 -0.6027 0.6682
vn -0.4765 -0.4063 0.7797
vn -0.4569 -0.4818 0.7477
vn -0.4570 -0.4818 0.7477
vn -0.4881 -0.3514 0.7989
vn -0.4882 -0.3513 0.7989
vn -0.5093 -0.2138 0.8336
vn -0.5094 -0.2137 0.8336
vn -0.5201 -0.0718 0.8511
vn -0.5201 -0.0717 0.8511
vn -0.5741 -0.0718 0.8156
vn -0.5798 -0.2790 0.7655
vn -0.5898 -0.2138 0.7787
vn -0.5899 -0.2137 0.7787
vn -0.5653 -0.3513 0.7463
vn -0.5653 -0.3514 0.7463
vn -0.5291 -0.4817 0.6985
vn -0.4820 -0.6023 0.6364
vn -0.4820 -0.6023 0.6363
vn -0.6673 -0.0718 0.7413
vn -0.6532 -0.2790 0.7039
vn -0.6645 -0.2137 0.7161
vn -0.6644 -0.2138 0.7161
vn -0.6368 -0.3513 0.6863
vn -0.6368 -0.3514 0.6863
vn -0.5961 -0.4817 0.6424
vn -0.5960 -0.4818 0.6424
vn -0.5430 -0.6023 0.5852
vn -0.7478 -0.0718 0.6600
vn -0.7479 -0.0717 0.6600
vn -0.7325 -0.2137 0.6464
vn -0.7324 -0.2137 0.6464
vn -0.7020 -0.3514 0.6195
vn -0.7020 -0.3513 0.6195
vn -0.6571 -0.4818 0.5798
vn -0.6570 -0.4818 0.5799
vn -0.6851 -0.4063 0.6046
vn -0.6087 -0.6026 0.5160
vn -0.6659 -0.6028 0.4396
vn -0.7121 -0.4805 0.5119
vn -0.7115 -0.4818 0.5116
vn -0.7115 -0.4817 0.5115
vn -0.7602 -0.3514 0.5465
vn -0.7932 -0.2137 0.5703
vn -0.7932 -0.2137 0.5702
vn -0.8010 -0.1634 0.5759
vn -0.7829 -0.0718 0.6180
vn -0.8511 -0.0718 0.5201
vn -0.8219 -0.3153 0.4745
vn -0.8460 -0.2137 0.4884
vn -0.8460 -0.2137 0.4885
vn -0.8108 -0.3514 0.4681
vn -0.7589 -0.4817 0.4381
vn -0.7589 -0.4818 0.4382
vn -0.6914 -0.6023 0.3991
vn -0.6913 -0.6023 0.3991
vn -0.8759 -0.0718 0.4771
vn -0.9092 -0.0717 0.4102
vn -0.8904 -0.2137 0.4018
vn -0.8534 -0.3514 0.3851
vn -0.8534 -0.3513 0.3851
vn -0.7987 -0.4818 0.3604
vn -0.7988 -0.4817 0.3604
vn -0.7994 -0.4805 0.3607
vn -0.7307 -0.6025 0.3210
vn -0.7637 -0.6027 0.2314
vn -0.8661 -0.4063 0.2910
vn -0.8307 -0.4817 0.2791
vn -0.8875 -0.3513 0.2982
vn -0.8875 -0.3514 0.2982
vn -0.9260 -0.2137 0.3111
vn -0.9455 -0.0718 0.3176
vn -0.9455 -0.0717 0.3177
vn -0.9641 -0.0718 0.2558
vn -0.9362 -0.2790 0.2137
vn -0.9524 -0.2137 0.2174
vn -0.9128 -0.3513 0.2083
vn -0.9128 -0.3514 0.2083
vn -0.8543 -0.4818 0.1950
vn -0.7783 -0.6023 0.1776
vn -0.9877 -0.0718 0.1388
vn -0.9528 -0.2790 0.1194
vn -0.9693 -0.2137 0.1215
vn -0.9290 -0.3514 0.1164
vn -0.9290 -0.3513 0.1164
vn -0.8695 -0.4817 0.1090
vn -0.8695 -0.4818 0.1090
vn -0.7921 -0.6023 0.0993
vn -0.9971 -0.0717 0.0249
vn -0.9766 -0.2137 0.0244
vn -0.9360 -0.3513 0.0233
vn -0.9359 -0.3514 0.0233
vn -0.8761 -0.4817 0.0218
vn -0.8760 -0.4818 0.0218
vn -0.9134 -0.4063 0.0228
vn -0.7980 -0.6026 0.0040
vn -0.7927 -0.6027 -0.0913
vn -0.8745 -0.4805 -0.0655
vn -0.8739 -0.4817 -0.0655
vn -0.8738 -0.4818 -0.0655
vn -0.9336 -0.3514 -0.0700
vn -0.9742 -0.2137 -0.0730
vn -0.9838 -0.1634 -0.0737
vn -0.9970 -0.0718 -0.0298
vn -0.9863 -0.0718 -0.1487
vn -0.9346 -0.3152 -0.1648
vn -0.9621 -0.2137 -0.1696
vn -0.9220 -0.3513 -0.1626
vn -0.8630 -0.4817 -0.1522
vn -0.8630 -0.4818 -0.1522
vn -0.7861 -0.6023 -0.1386
vn -0.9776 -0.0718 -0.1976
vn -0.9602 -0.0717 -0.2701
vn -0.9404 -0.2137 -0.2646
vn -0.9013 -0.3513 -0.2536
vn -0.9012 -0.3514 -0.2536
vn -0.8435 -0.4818 -0.2374
vn -0.8436 -0.4817 -0.2373
vn -0.8442 -0.4805 -0.2375
vn -0.7661 -0.6025 -0.2238
vn -0.7337 -0.6027 -0.3136
vn -0.8506 -0.4063 -0.3338
vn -0.8157 -0.4818 -0.3202
vn -0.8157 -0.4817 -0.3201
vn -0.8715 -0.3513 -0.3420
vn -0.8715 -0.3514 -0.3421
vn -0.9093 -0.2137 -0.3569
vn -0.9094 -0.2137 -0.3569
vn -0.9285 -0.0717 -0.3644
vn -0.9029 -0.0718 -0.4238
vn -0.8545 -0.2790 -0.4381
vn -0.8693 -0.2137 -0.4456
vn -0.8693 -0.2137 -0.4457
vn -0.8331 -0.3514 -0.4271
vn -0.7798 -0.4817 -0.3998
vn -0.7798 -0.4818 -0.3998
vn -0.7104 -0.6023 -0.3642
vn -0.8459 -0.0718 -0.5285
vn -0.8067 -0.2790 -0.5210
vn -0.8206 -0.2137 -0.5300
vn -0.7865 -0.3513 -0.5080
vn -0.7865 -0.3514 -0.5079
vn -0.7361 -0.4818 -0.4755
vn -0.7361 -0.4817 -0.4754
vn -0.6707 -0.6022 -0.4330
vn -0.6705 -0.6023 -0.4332
vn -0.7798 -0.0717 -0.6219
vn -0.7637 -0.2137 -0.6091
vn -0.7638 -0.2137 -0.6091
vn -0.7320 -0.3514 -0.5837
vn -0.6851 -0.4818 -0.5464
vn -0.6852 -0.4817 -0.5464
vn -0.7144 -0.4063 -0.5697
vn -0.6139 -0.6026 -0.5099
vn -0.5485 -0.6027 -0.5795
vn -0.6278 -0.4805 -0.6123
vn -0.6273 -0.4817 -0.6119
vn -0.6702 -0.3514 -0.6537
vn -0.6703 -0.3513 -0.6537
vn -0.6993 -0.2137 -0.6821
vn -0.7063 -0.1634 -0.6888
vn -0.7445 -0.0718 -0.6637
vn -0.6600 -0.0718 -0.7479
vn -0.6100 -0.3152 -0.7270
vn -0.6279 -0.2137 -0.7484
vn -0.6280 -0.2137 -0.7483
vn -0.6018 -0.3514 -0.7172
vn -0.5633 -0.4817 -0.6713
vn -0.5633 -0.4818 -0.6713
vn -0.5132 -0.6023 -0.6115
vn -0.5131 -0.6023 -0.6115
vn -0.6219 -0.0718 -0.7798
vn -0.5619 -0.0717 -0.8241
vn -0.5503 -0.2137 -0.8071
vn -0.5274 -0.3514 -0.7736
vn -0.4936 -0.4818 -0.7240
vn -0.4937 -0.4817 -0.7240
vn -0.4940 -0.4806 -0.7246
vn -0.4430 -0.6025 -0.6639
vn -0.3605 -0.6027 -0.7119
vn -0.4370 -0.4063 -0.8025
vn -0.4191 -0.4818 -0.7696
vn -0.4191 -0.4817 -0.7696
vn -0.4477 -0.3514 -0.8223
vn -0.4478 -0.3514 -0.8222
vn -0.4672 -0.2137 -0.8579
vn -0.4770 -0.0717 -0.8760
vn -0.4192 -0.0718 -0.9050
vn -0.3730 -0.2790 -0.8849
vn -0.3794 -0.2137 -0.9002
vn -0.3795 -0.2137 -0.9002
vn -0.3636 -0.3514 -0.8627
vn -0.3637 -0.3514 -0.8627
vn -0.3403 -0.4818 -0.8075
vn -0.3404 -0.4817 -0.8075
vn -0.3101 -0.6023 -0.7356
vn -0.3082 -0.0718 -0.9486
vn -0.2831 -0.2790 -0.9176
vn -0.2880 -0.2137 -0.9335
vn -0.2759 -0.3514 -0.8947
vn -0.2760 -0.3513 -0.8946
vn -0.2583 -0.4817 -0.8374
vn -0.2353 -0.6023 -0.7628
vn -0.1976 -0.0717 -0.9776
vn -0.1977 -0.0717 -0.9776
vn -0.1936 -0.2137 -0.9575
vn -0.1855 -0.3513 -0.9177
vn -0.1737 -0.4817 -0.8589
vn -0.1736 -0.4818 -0.8589
vn -0.1811 -0.4063 -0.8956
vn -0.1425 -0.6026 -0.7852
vn -0.0477 -0.6027 -0.7965
vn -0.0873 -0.4805 -0.8726
vn -0.0872 -0.4818 -0.8720
vn -0.0873 -0.4818 -0.8720
vn -0.0932 -0.3513 -0.9316
vn -0.0973 -0.2137 -0.9720
vn -0.0982 -0.1634 -0.9817
vn -0.1437 -0.0718 -0.9870
vn 0.0199 -0.6026 -0.7978
vn -0.0000 -0.3964 -0.9181
vn -0.0000 -0.4818 -0.8763
vn -0.0000 -0.3513 -0.9362
vn -0.0000 -0.2137 -0.9769
vn -0.0000 -0.3153 -0.9490
vn -0.0249 -0.0718 -0.9971
vn 0.0249 -0.0718 -0.9971
vn 0.0993 -0.0717 -0.9925
vn 0.0973 -0.2137 -0.9720
vn 0.0932 -0.3513 -0.9316
vn 0.0872 -0.4818 -0.8720
vn 0.0873 -0.4818 -0.8720
vn 0.0873 -0.4805 -0.8726
vn 0.0874 -0.6025 -0.7934
vn 0.1814 -0.6027 -0.7771
vn 0.1811 -0.4063 -0.8956
vn 0.1736 -0.4817 -0.8589
vn 0.1736 -0.4818 -0.8589
vn 0.1855 -0.3513 -0.9177
vn 0.1936 -0.2137 -0.9575
vn 0.1976 -0.0717 -0.9776
vn 0.2605 -0.0718 -0.9628
vn 0.2831 -0.2790 -0.9176
vn 0.2879 -0.2137 -0.9335
vn 0.2759 -0.3513 -0.8947
vn 0.2760 -0.3514 -0.8946
vn 0.2583 -0.4817 -0.8374
vn 0.2353 -0.6023 -0.7628
vn 0.3737 -0.0718 -0.9248
vn 0.3730 -0.2790 -0.8849
vn 0.3794 -0.2137 -0.9002
vn 0.3795 -0.2137 -0.9002
vn 0.3637 -0.3514 -0.8627
vn 0.3403 -0.4818 -0.8075
vn 0.3404 -0.4818 -0.8075
vn 0.3101 -0.6023 -0.7356
vn 0.4770 -0.0717 -0.8760
vn 0.4672 -0.2137 -0.8579
vn 0.4477 -0.3514 -0.8222
vn 0.4191 -0.4818 -0.7696
vn 0.4191 -0.4817 -0.7696
vn 0.4370 -0.4063 -0.8025
vn 0.3956 -0.6026 -0.6931
vn 0.4754 -0.6027 -0.6409
vn 0.4940 -0.4806 -0.7246
vn 0.4937 -0.4817 -0.7240
vn 0.4936 -0.4818 -0.7241
vn 0.5274 -0.3513 -0.7735
vn 0.5274 -0.3514 -0.7736
vn 0.5503 -0.2137 -0.8071
vn 0.5557 -0.1634 -0.8151
vn 0.5243 -0.0718 -0.8485
vn 0.6219 -0.0718 -0.7798
vn 0.6100 -0.3152 -0.7270
vn 0.6279 -0.2137 -0.7484
vn 0.6279 -0.2137 -0.7483
vn 0.6018 -0.3514 -0.7172
vn 0.5632 -0.4818 -0.6713
vn 0.5633 -0.4817 -0.6713
vn 0.5132 -0.6023 -0.6115
vn 0.5131 -0.6023 -0.6115
vn 0.6600 -0.0718 -0.7479
vn 0.7140 -0.0717 -0.6964
vn 0.6993 -0.2137 -0.6821
vn 0.6703 -0.3514 -0.6537
vn 0.6702 -0.3514 -0.6537
vn 0.6273 -0.4817 -0.6119
vn 0.6273 -0.4818 -0.6119
vn 0.6278 -0.4805 -0.6123
vn 0.5769 -0.6025 -0.5516
vn 0.6384 -0.6027 -0.4787
vn 0.7144 -0.4063 -0.5697
vn 0.6851 -0.4817 -0.5464
vn 0.6851 -0.4818 -0.5464
vn 0.7320 -0.3514 -0.5837
vn 0.7638 -0.2137 -0.6091
vn 0.7799 -0.0717 -0.6218
vn 0.7798 -0.0717 -0.6219
vn 0.8184 -0.0718 -0.5701
vn 0.8066 -0.2790 -0.5210
vn 0.8206 -0.2137 -0.5300
vn 0.7865 -0.3514 -0.5080
vn 0.7865 -0.3513 -0.5079
vn 0.7361 -0.4817 -0.4754
vn 0.7361 -0.4818 -0.4755
vn 0.6706 -0.6023 -0.4331
vn 0.8807 -0.0718 -0.4683
vn 0.8545 -0.2790 -0.4381
vn 0.8693 -0.2137 -0.4456
vn 0.8693 -0.2137 -0.4457
vn 0.8331 -0.3514 -0.4271
vn 0.7798 -0.4817 -0.3998
vn 0.7104 -0.6023 -0.3642
vn 0.7103 -0.6023 -0.3642
vn 0.9285 -0.0717 -0.3645
vn 0.9285 -0.0717 -0.3644
vn 0.9094 -0.2137 -0.3569
vn 0.8715 -0.3513 -0.3420
vn 0.8715 -0.3513 -0.3421
vn 0.8157 -0.4818 -0.3202
vn 0.8157 -0.4817 -0.3201
vn 0.8506 -0.4063 -0.3338
vn 0.7486 -0.6026 -0.2767
vn 0.7761 -0.6028 -0.1853
vn 0.8442 -0.4805 -0.2375
vn 0.8436 -0.4817 -0.2373
vn 0.8435 -0.4818 -0.2373
vn 0.9012 -0.3514 -0.2536
vn 0.9013 -0.3513 -0.2536
vn 0.9404 -0.2137 -0.2646
vn 0.9497 -0.1634 -0.2672
vn 0.9471 -0.0718 -0.3129
vn 0.9776 -0.0718 -0.1976
vn 0.9346 -0.3152 -0.1648
vn 0.9621 -0.2137 -0.1696
vn 0.9620 -0.2137 -0.1696
vn 0.9220 -0.3514 -0.1626
vn 0.8630 -0.4817 -0.1522
vn 0.7861 -0.6023 -0.1386
vn 0.9863 -0.0718 -0.1487
vn 0.9946 -0.0717 -0.0745
vn 0.9742 -0.2137 -0.0730
vn 0.9336 -0.3514 -0.0700
vn 0.8739 -0.4817 -0.0655
vn 0.8738 -0.4818 -0.0655
vn 0.8745 -0.4805 -0.0655
vn 0.7965 -0.6025 -0.0517
vn 0.7968 -0.6027 0.0438
vn 0.9135 -0.4063 0.0228
vn 0.8760 -0.4818 0.0218
vn 0.8761 -0.4817 0.0218
vn 0.9359 -0.3514 0.0233
vn 0.9360 -0.3513 0.0233
vn 0.9766 -0.2137 0.0244
vn 0.9971 -0.0717 0.0249
vn 0.9934 -0.0718 0.0894
vn 0.9528 -0.2790 0.1194
vn 0.9693 -0.2137 0.1215
vn 0.9290 -0.3513 0.1164
vn 0.9290 -0.3514 0.1164
vn 0.8695 -0.4817 0.1090
vn 0.8695 -0.4818 0.1090
vn 0.7921 -0.6023 0.0993
vn 0.9756 -0.0718 0.2074
vn 0.9362 -0.2790 0.2137
vn 0.9524 -0.2137 0.2174
vn 0.9128 -0.3514 0.2083
vn 0.9128 -0.3513 0.2083
vn 0.8543 -0.4817 0.1950
vn 0.8543 -0.4818 0.1950
vn 0.7783 -0.6022 0.1776
vn 0.7782 -0.6023 0.1777
vn 0.9455 -0.0718 0.3177
vn 0.9455 -0.0717 0.3177
vn 0.9260 -0.2137 0.3111
vn 0.8875 -0.3514 0.2982
vn 0.8307 -0.4818 0.2791
vn 0.8307 -0.4817 0.2791
vn 0.8661 -0.4063 0.2910
vn 0.7512 -0.6026 0.2692
vn 0.7137 -0.6027 0.3569
vn 0.7994 -0.4805 0.3607
vn 0.7987 -0.4818 0.3604
vn 0.7988 -0.4817 0.3604
vn 0.8534 -0.3514 0.3851
vn 0.8534 -0.3514 0.3850
vn 0.8905 -0.2137 0.4018
vn 0.8904 -0.2137 0.4018
vn 0.8993 -0.1634 0.4057
vn 0.9266 -0.0718 0.3691
vn 0.8759 -0.0718 0.4770
vn 0.8219 -0.3152 0.4745
vn 0.8460 -0.2137 0.4884
vn 0.8460 -0.2137 0.4885
vn 0.8108 -0.3514 0.4681
vn 0.8108 -0.3513 0.4681
vn 0.7589 -0.4817 0.4381
vn 0.7589 -0.4818 0.4382
vn 0.6914 -0.6022 0.3991
vn 0.6913 -0.6023 0.3992
vn 0.8511 -0.0718 0.5201
vn 0.8099 -0.0717 0.5822
vn 0.7932 -0.2137 0.5702
vn 0.7932 -0.2137 0.5703
vn 0.7602 -0.3514 0.5465
vn 0.7115 -0.4818 0.5116
vn 0.7115 -0.4817 0.5115
vn 0.7121 -0.4805 0.5119
vn 0.6433 -0.6025 0.4724
vn 0.5822 -0.6027 0.5457
vn 0.6851 -0.4063 0.6046
vn 0.6570 -0.4817 0.5798
vn 0.6570 -0.4818 0.5798
vn 0.7020 -0.3514 0.6195
vn 0.7020 -0.3513 0.6195
vn 0.7324 -0.2137 0.6464
vn 0.7325 -0.2137 0.6464
vn 0.7479 -0.0718 0.6600
vn 0.7478 -0.0717 0.6600
vn 0.7035 -0.0718 0.7071
vn 0.6532 -0.2790 0.7039
vn 0.6645 -0.2137 0.7161
vn 0.6644 -0.2138 0.7161
vn 0.6368 -0.3513 0.6863
vn 0.6368 -0.3514 0.6863
vn 0.5960 -0.4817 0.6424
vn 0.5961 -0.4817 0.6424
vn 0.5430 -0.6023 0.5852
vn 0.5429 -0.6023 0.5852
vn 0.6141 -0.0717 0.7859
vn 0.5798 -0.2790 0.7655
vn 0.5898 -0.2138 0.7787
vn 0.5899 -0.2137 0.7787
vn 0.5653 -0.3513 0.7463
vn 0.5653 -0.3514 0.7463
vn 0.5291 -0.4817 0.6985
vn 0.5291 -0.4818 0.6985
vn 0.4820 -0.6023 0.6363
vn 0.4820 -0.6022 0.6364
vn 0.5201 -0.0717 0.8511
vn 0.5094 -0.2138 0.8335
vn 0.5093 -0.2138 0.8336
vn 0.4882 -0.3513 0.7989
vn 0.4881 -0.3514 0.7989
vn 0.4570 -0.4818 0.7477
vn 0.4569 -0.4817 0.7478
vn 0.4765 -0.4063 0.7797
vn 0.4024 -0.6026 0.6891
vn 0.3173 -0.6027 0.7322
vn 0.3805 -0.4806 0.7901
vn 0.3803 -0.4818 0.7895
vn 0.3802 -0.4817 0.7895
vn 0.4062 -0.3514 0.8435
vn 0.4238 -0.2137 0.8802
vn 0.4239 -0.2137 0.8801
vn 0.4281 -0.1634 0.8889
vn 0.4726 -0.0718 0.8783
vn 0.3644 -0.0719 0.9285
vn 0.3246 -0.3153 0.8918
vn 0.3341 -0.2137 0.9180
vn 0.3341 -0.2138 0.9180
vn 0.3202 -0.3513 0.8798
vn 0.2997 -0.4817 0.8235
vn 0.2997 -0.4818 0.8235
vn 0.2731 -0.6022 0.7502
vn 0.2730 -0.6023 0.7502
vn 0.3176 -0.0718 0.9455
vn 0.2461 -0.0718 0.9666
vn 0.2411 -0.2137 0.9467
vn 0.2410 -0.2137 0.9467
vn 0.2310 -0.3514 0.9073
vn 0.2162 -0.4817 0.8492
vn 0.2162 -0.4818 0.8492
vn 0.2164 -0.4805 0.8498
vn 0.1892 -0.6024 0.7754
vn 0.0953 -0.6027 0.7922
vn 0.1362 -0.4064 0.9035
vn 0.1306 -0.4817 0.8665
vn 0.1306 -0.4818 0.8665
vn 0.1395 -0.3514 0.9258
vn 0.1395 -0.3513 0.9258
vn 0.1456 -0.2138 0.9660
vn 0.1456 -0.2136 0.9660
vn 0.1487 -0.0718 0.9863
vn 0.1487 -0.0717 0.9863
vn 0.0844 -0.0718 0.9938
vn 0.0479 -0.2791 0.9591
vn 0.0487 -0.2137 0.9757
vn 0.0487 -0.2138 0.9757
vn 0.0467 -0.3513 0.9351
vn 0.0437 -0.4817 0.8752
vn 0.0437 -0.4818 0.8752
vn 0.0398 -0.6023 0.7973
vn 0.0836 0.0872 0.9927
vn 0.2484 0.0871 0.9647
vn 0.4687 0.0872 0.8791
vn 0.6090 0.0871 0.7883
vn 0.8072 0.0871 0.5838
vn 0.9394 0.0871 0.3315
vn 0.9911 0.0872 0.1009
vn 0.9940 0.0871 -0.0662
vn 0.9346 0.0871 -0.3448
vn 0.7989 0.0871 -0.5952
vn 0.7226 0.0871 -0.6857
vn 0.4990 0.0871 -0.8622
vn 0.2347 0.0871 -0.9682
vn -0.1666 0.0871 -0.9822
vn -0.4377 0.0871 -0.8949
vn -0.6730 0.0871 -0.7345
vn -0.8271 0.0872 -0.5553
vn -0.9083 0.0871 -0.4092
vn -0.9870 0.0871 -0.1354
vn -0.9849 0.0871 0.1494
vn -0.9603 0.0871 0.2652
vn -0.9220 0.0872 0.3772
vn -0.8460 0.0871 0.5261
vn -0.6625 0.0871 0.7439
vn -0.4249 0.0871 0.9010
vn -0.3151 0.0871 0.9451
vn -0.0520 0.9962 0.0701
vn -0.0449 0.9962 0.0748
vn -0.1332 0.9658 0.2222
vn -0.0373 0.9962 0.0789
vn -0.1108 0.9658 0.2342
vn -0.1809 0.9061 0.3824
vn -0.0294 0.9962 0.0822
vn -0.0873 0.9658 0.2440
vn -0.1425 0.9061 0.3983
vn -0.1934 0.8188 0.5405
vn -0.0212 0.9962 0.0846
vn -0.0630 0.9658 0.2513
vn -0.1028 0.9061 0.4104
vn -0.1395 0.8188 0.5568
vn -0.1719 0.7067 0.6863
vn -0.0128 0.9962 0.0863
vn -0.0380 0.9658 0.2563
vn -0.0621 0.9061 0.4185
vn -0.0842 0.8188 0.5678
vn -0.1038 0.7067 0.6999
vn -0.1202 0.5731 0.8106
vn -0.0043 0.9962 0.0872
vn -0.0127 0.9658 0.2588
vn -0.0208 0.9061 0.4225
vn -0.0282 0.8188 0.5734
vn -0.0282 0.8188 0.5733
vn -0.0347 0.7067 0.7067
vn -0.0402 0.5731 0.8185
vn -0.0445 0.4222 0.9054
vn 0.0043 0.9962 0.0872
vn 0.0127 0.9658 0.2588
vn 0.0208 0.9061 0.4225
vn 0.0282 0.8188 0.5734
vn 0.0347 0.7067 0.7067
vn 0.0402 0.5731 0.8185
vn 0.0445 0.4222 0.9054
vn 0.0474 0.2585 0.9648
vn -0.0474 0.2585 0.9648
vn -0.2347 0.2585 0.9371
vn -0.2347 0.2585 0.9370
vn -0.2203 0.4222 0.8793
vn -0.1991 0.5731 0.7949
vn -0.5754 0.2585 0.7759
vn -0.5400 0.4222 0.7281
vn -0.4882 0.5731 0.6582
vn -0.4215 0.7067 0.5683
vn -0.3420 0.8188 0.4611
vn -0.2520 0.9061 0.3398
vn -0.1544 0.9658 0.2081
vn -0.0701 0.9962 0.0520
vn -0.2081 0.9658 0.1544
vn -0.3398 0.9061 0.2520
vn -0.4611 0.8188 0.3420
vn -0.5683 0.7067 0.4215
vn -0.6582 0.5731 0.4882
vn -0.7281 0.4222 0.5400
vn -0.7759 0.2585 0.5754
vn -0.0872 0.9962 -0.0043
vn -0.2588 0.9658 -0.0127
vn -0.4225 0.9061 -0.0208
vn -0.5733 0.8188 -0.0282
vn -0.7067 0.7067 -0.0347
vn -0.8185 0.5731 -0.0402
vn -0.9054 0.4222 -0.0445
vn -0.9648 0.2585 -0.0474
vn -0.0822 0.9962 -0.0294
vn -0.2440 0.9658 -0.0873
vn -0.3983 0.9061 -0.1425
vn -0.5405 0.8188 -0.1934
vn -0.6662 0.7067 -0.2384
vn -0.7716 0.5731 -0.2761
vn -0.8535 0.4222 -0.3054
vn -0.9095 0.2585 -0.3254
vn -0.0647 0.9962 -0.0586
vn -0.1920 0.9658 -0.1740
vn -0.3134 0.9061 -0.2841
vn -0.4253 0.8188 -0.3855
vn -0.5242 0.7067 -0.4751
vn -0.5242 0.7067 -0.4752
vn -0.6072 0.5731 -0.5503
vn -0.6717 0.4222 -0.6088
vn -0.7158 0.2585 -0.6487
vn -0.0449 0.9962 -0.0748
vn -0.1332 0.9658 -0.2222
vn -0.2175 0.9061 -0.3629
vn -0.2951 0.8188 -0.4924
vn -0.3637 0.7067 -0.6069
vn -0.4213 0.5731 -0.7029
vn -0.4660 0.4222 -0.7775
vn -0.4966 0.2585 -0.8286
vn -0.0212 0.9962 -0.0846
vn -0.0630 0.9658 -0.2513
vn -0.1028 0.9061 -0.4104
vn -0.1395 0.8188 -0.5568
vn -0.1719 0.7067 -0.6863
vn -0.1991 0.5731 -0.7949
vn -0.2203 0.4222 -0.8793
vn -0.2347 0.2585 -0.9371
vn 0.0128 0.9962 -0.0863
vn 0.0380 0.9658 -0.2563
vn 0.0621 0.9061 -0.4185
vn 0.0842 0.8188 -0.5678
vn 0.1038 0.7067 -0.6999
vn 0.1202 0.5731 -0.8106
vn 0.1330 0.4222 -0.8967
vn 0.1417 0.2585 -0.9555
vn 0.0373 0.9962 -0.0789
vn 0.1108 0.9658 -0.2342
vn 0.1809 0.9061 -0.3824
vn 0.2454 0.8188 -0.5189
vn 0.3025 0.7067 -0.6396
vn 0.3504 0.5731 -0.7408
vn 0.3876 0.4222 -0.8195
vn 0.4130 0.2585 -0.8733
vn 0.0586 0.9962 -0.0647
vn 0.1740 0.9658 -0.1920
vn 0.2841 0.9061 -0.3135
vn 0.2841 0.9061 -0.3134
vn 0.3855 0.8188 -0.4253
vn 0.4751 0.7067 -0.5242
vn 0.4752 0.7067 -0.5242
vn 0.5503 0.5731 -0.6072
vn 0.6088 0.4222 -0.6717
vn 0.6487 0.2585 -0.7158
vn 0.0789 0.9962 -0.0373
vn 0.2342 0.9658 -0.1108
vn 0.3824 0.9061 -0.1809
vn 0.5189 0.8188 -0.2454
vn 0.6396 0.7067 -0.3025
vn 0.7408 0.5731 -0.3504
vn 0.8195 0.4222 -0.3876
vn 0.8733 0.2585 -0.4130
vn 0.0863 0.9962 -0.0128
vn 0.2563 0.9658 -0.0380
vn 0.4185 0.9061 -0.0621
vn 0.5678 0.8188 -0.0842
vn 0.6999 0.7067 -0.1038
vn 0.8106 0.5731 -0.1202
vn 0.8967 0.4222 -0.1330
vn 0.9555 0.2585 -0.1417
vn 0.0846 0.9962 0.0212
vn 0.2513 0.9658 0.0630
vn 0.4104 0.9061 0.1028
vn 0.5568 0.8188 0.1395
vn 0.6863 0.7067 0.1719
vn 0.7949 0.5731 0.1991
vn 0.8793 0.4222 0.2203
vn 0.9371 0.2585 0.2347
vn 0.0748 0.9962 0.0449
vn 0.2222 0.9658 0.1332
vn 0.3628 0.9061 0.2175
vn 0.3629 0.9061 0.2175
vn 0.4924 0.8188 0.2951
vn 0.6069 0.7067 0.3637
vn 0.7029 0.5731 0.4213
vn 0.7775 0.4222 0.4660
vn 0.8286 0.2585 0.4966
vn 0.0586 0.9962 0.0647
vn 0.1740 0.9658 0.1920
vn 0.2841 0.9061 0.3134
vn 0.3855 0.8188 0.4253
vn 0.4751 0.7067 0.5242
vn 0.4752 0.7067 0.5242
vn 0.5503 0.5731 0.6072
vn 0.6088 0.4222 0.6717
vn 0.6487 0.2585 0.7158
vn 0.0294 0.9962 0.0822
vn 0.0873 0.9658 0.2440
vn 0.1425 0.9061 0.3983
vn 0.1934 0.8188 0.5405
vn 0.2384 0.7067 0.6662
vn 0.2761 0.5731 0.7716
vn 0.3054 0.4222 0.8535
vn 0.3254 0.2585 0.9095
vn -0.0348 0.0871 0.9956
vn -0.0486 0.1438 0.9884
vn -0.0836 0.0872 0.9927
vn -0.1462 0.0870 0.9854
vn -0.1417 0.2586 0.9555
vn -0.1417 0.2585 0.9556
vn -0.1330 0.4222 0.8967
vn -0.2421 0.0871 0.9663
vn -0.2474 0.1240 0.9609
vn -0.2007 0.0872 0.9758
vn -0.3611 0.0871 0.9285
vn -0.3328 0.1551 0.9301
vn -0.3254 0.2585 0.9095
vn -0.3054 0.4222 0.8535
vn -0.2761 0.5731 0.7716
vn -0.2384 0.7067 0.6662
vn -0.4687 0.0872 0.8791
vn -0.4257 0.0931 0.9001
vn -0.4130 0.2585 0.8733
vn -0.3876 0.4222 0.8195
vn -0.3504 0.5731 0.7408
vn -0.3025 0.7067 0.6396
vn -0.2454 0.8188 0.5189
vn -0.5122 0.0871 0.8545
vn -0.4966 0.2585 0.8286
vn -0.4660 0.4222 0.7775
vn -0.4213 0.5731 0.7029
vn -0.3637 0.7067 0.6069
vn -0.2951 0.8188 0.4924
vn -0.2175 0.9061 0.3629
vn -0.5934 0.0871 0.8002
vn -0.5995 0.1962 0.7760
vn -0.5696 0.0871 0.8173
vn -0.6982 0.0872 0.7105
vn -0.6661 0.1276 0.7349
vn -0.6487 0.2585 0.7158
vn -0.6088 0.4222 0.6717
vn -0.5503 0.5731 0.6072
vn -0.4751 0.7067 0.5242
vn -0.3855 0.8188 0.4253
vn -0.2841 0.9061 0.3134
vn -0.1740 0.9658 0.1920
vn -0.0586 0.9962 0.0647
vn -0.0647 0.9962 0.0586
vn -0.1920 0.9658 0.1740
vn -0.3134 0.9061 0.2841
vn -0.3135 0.9061 0.2841
vn -0.4253 0.8188 0.3855
vn -0.5242 0.7067 0.4751
vn -0.6072 0.5731 0.5503
vn -0.6717 0.4222 0.6088
vn -0.7158 0.2585 0.6487
vn -0.7381 0.0871 0.6690
vn -0.7381 0.0870 0.6690
vn -0.8002 0.0870 0.5934
vn -0.8006 0.1544 0.5790
vn -0.7776 0.0872 0.6227
vn -0.8708 0.0871 0.4839
vn -0.8482 0.1484 0.5084
vn -0.8286 0.2585 0.4966
vn -0.7775 0.4222 0.4660
vn -0.7029 0.5731 0.4213
vn -0.6069 0.7067 0.3637
vn -0.4924 0.8188 0.2951
vn -0.3628 0.9061 0.2175
vn -0.3629 0.9061 0.2175
vn -0.2222 0.9658 0.1332
vn -0.0748 0.9962 0.0449
vn -0.0789 0.9962 0.0373
vn -0.2342 0.9658 0.1108
vn -0.3824 0.9061 0.1809
vn -0.5189 0.8188 0.2454
vn -0.6396 0.7067 0.3025
vn -0.7408 0.5731 0.3504
vn -0.8195 0.4222 0.3876
vn -0.8733 0.2585 0.4130
vn -0.9006 0.0871 0.4259
vn -0.9006 0.0870 0.4259
vn -0.9394 0.0871 0.3315
vn -0.9359 0.1096 0.3349
vn -0.9095 0.2585 0.3254
vn -0.8535 0.4222 0.3054
vn -0.7716 0.5731 0.2761
vn -0.6662 0.7067 0.2384
vn -0.5405 0.8188 0.1934
vn -0.3983 0.9061 0.1425
vn -0.2440 0.9658 0.0873
vn -0.0822 0.9962 0.0294
vn -0.9721 0.0871 0.2177
vn -0.9582 0.1559 0.2400
vn -0.9371 0.2585 0.2347
vn -0.8793 0.4222 0.2203
vn -0.7949 0.5731 0.1991
vn -0.6863 0.7067 0.1719
vn -0.5568 0.8188 0.1395
vn -0.4104 0.9061 0.1028
vn -0.2513 0.9658 0.0630
vn -0.0846 0.9962 0.0212
vn -0.9911 0.0872 0.1009
vn -0.9838 0.1044 0.1459
vn -0.9555 0.2585 0.1417
vn -0.8967 0.4222 0.1330
vn -0.8106 0.5731 0.1202
vn -0.6999 0.7067 0.1038
vn -0.5678 0.8188 0.0842
vn -0.4185 0.9061 0.0621
vn -0.2563 0.9658 0.0380
vn -0.0863 0.9962 0.0128
vn -0.0872 0.9962 0.0043
vn -0.2588 0.9658 0.0127
vn -0.4225 0.9061 0.0208
vn -0.5733 0.8188 0.0282
vn -0.7067 0.7067 0.0347
vn -0.8185 0.5731 0.0402
vn -0.9054 0.4222 0.0445
vn -0.9648 0.2585 0.0474
vn -0.9950 0.0871 0.0489
vn -0.9950 0.0871 -0.0489
vn -0.9807 0.1844 -0.0654
vn -0.9960 0.0871 -0.0174
vn -0.9791 0.0872 -0.1837
vn -0.9801 0.1349 -0.1454
vn -0.9555 0.2585 -0.1417
vn -0.8967 0.4222 -0.1330
vn -0.8106 0.5731 -0.1202
vn -0.6999 0.7067 -0.1038
vn -0.5678 0.8188 -0.0842
vn -0.4185 0.9061 -0.0621
vn -0.2563 0.9658 -0.0380
vn -0.0863 0.9962 -0.0128
vn -0.0846 0.9962 -0.0212
vn -0.2513 0.9658 -0.0630
vn -0.4104 0.9061 -0.1028
vn -0.5568 0.8188 -0.1395
vn -0.6863 0.7067 -0.1719
vn -0.7949 0.5731 -0.1991
vn -0.8793 0.4222 -0.2203
vn -0.9371 0.2585 -0.2347
vn -0.9663 0.0870 -0.2421
vn -0.9663 0.0871 -0.2421
vn -0.9380 0.0871 -0.3356
vn -0.9286 0.1423 -0.3426
vn -0.9504 0.0872 -0.2985
vn -0.8871 0.0871 -0.4532
vn -0.8935 0.1519 -0.4226
vn -0.8733 0.2585 -0.4130
vn -0.8195 0.4222 -0.3876
vn -0.7408 0.5731 -0.3504
vn -0.6396 0.7067 -0.3025
vn -0.5189 0.8188 -0.2454
vn -0.3824 0.9061 -0.1809
vn -0.2342 0.9658 -0.1108
vn -0.0789 0.9962 -0.0373
vn -0.0748 0.9962 -0.0449
vn -0.2222 0.9658 -0.1332
vn -0.3629 0.9061 -0.2175
vn -0.4924 0.8188 -0.2951
vn -0.6069 0.7067 -0.3637
vn -0.7029 0.5731 -0.4213
vn -0.7775 0.4222 -0.4660
vn -0.8286 0.2585 -0.4966
vn -0.8545 0.0870 -0.5122
vn -0.8545 0.0871 -0.5122
vn -0.7989 0.0871 -0.5952
vn -0.7993 0.0989 -0.5928
vn -0.7759 0.2585 -0.5754
vn -0.7281 0.4222 -0.5400
vn -0.6582 0.5731 -0.4882
vn -0.5683 0.7067 -0.4215
vn -0.4611 0.8188 -0.3420
vn -0.3398 0.9061 -0.2520
vn -0.2081 0.9658 -0.1544
vn -0.0701 0.9962 -0.0520
vn -0.7381 0.0871 -0.6690
vn -0.7086 0.2138 -0.6724
vn -0.7554 0.0871 -0.6495
vn -0.6362 0.0872 -0.7666
vn -0.6671 0.1145 -0.7361
vn -0.6487 0.2585 -0.7158
vn -0.6088 0.4222 -0.6717
vn -0.5503 0.5731 -0.6072
vn -0.4752 0.7067 -0.5242
vn -0.3855 0.8188 -0.4253
vn -0.2841 0.9061 -0.3135
vn -0.2841 0.9061 -0.3134
vn -0.1740 0.9658 -0.1920
vn -0.0586 0.9962 -0.0647
vn -0.0520 0.9962 -0.0701
vn -0.1544 0.9658 -0.2081
vn -0.2520 0.9061 -0.3398
vn -0.3420 0.8188 -0.4611
vn -0.4215 0.7067 -0.5683
vn -0.4882 0.5731 -0.6582
vn -0.5400 0.4222 -0.7281
vn -0.5754 0.2585 -0.7759
vn -0.5934 0.0870 -0.8002
vn -0.5934 0.0871 -0.8002
vn -0.5122 0.0871 -0.8545
vn -0.4934 0.1724 -0.8525
vn -0.5407 0.0871 -0.8367
vn -0.3932 0.0871 -0.9153
vn -0.4233 0.1411 -0.8949
vn -0.4130 0.2585 -0.8733
vn -0.3876 0.4222 -0.8195
vn -0.3504 0.5731 -0.7408
vn -0.3025 0.7067 -0.6396
vn -0.2454 0.8188 -0.5189
vn -0.1809 0.9061 -0.3824
vn -0.1108 0.9658 -0.2342
vn -0.0373 0.9962 -0.0789
vn -0.0294 0.9962 -0.0822
vn -0.0873 0.9658 -0.2440
vn -0.1425 0.9061 -0.3983
vn -0.1934 0.8188 -0.5405
vn -0.2384 0.7067 -0.6662
vn -0.2761 0.5731 -0.7716
vn -0.3054 0.4222 -0.8535
vn -0.3254 0.2585 -0.9095
vn -0.3356 0.0871 -0.9380
vn -0.2421 0.0870 -0.9663
vn -0.2336 0.1301 -0.9636
vn -0.2819 0.0872 -0.9555
vn -0.1182 0.0871 -0.9892
vn -0.1450 0.1543 -0.9773
vn -0.1417 0.2585 -0.9555
vn -0.1330 0.4222 -0.8967
vn -0.1202 0.5731 -0.8106
vn -0.1038 0.7067 -0.6999
vn -0.0842 0.8188 -0.5678
vn -0.0621 0.9061 -0.4185
vn -0.0380 0.9658 -0.2563
vn -0.0128 0.9962 -0.0863
vn -0.0043 0.9962 -0.0872
vn -0.0127 0.9658 -0.2588
vn -0.0208 0.9061 -0.4225
vn -0.0282 0.8188 -0.5733
vn -0.0347 0.7067 -0.7067
vn -0.0402 0.5731 -0.8185
vn -0.0445 0.4222 -0.9054
vn -0.0474 0.2585 -0.9648
vn -0.0489 0.0871 -0.9950
vn 0.0043 0.9962 -0.0872
vn 0.0127 0.9658 -0.2588
vn 0.0208 0.9061 -0.4225
vn 0.0282 0.8188 -0.5733
vn 0.0347 0.7067 -0.7067
vn 0.0402 0.5731 -0.8185
vn 0.0445 0.4222 -0.9054
vn 0.0474 0.2585 -0.9648
vn 0.0489 0.0871 -0.9950
vn 0.1462 0.0870 -0.9854
vn 0.1637 0.2021 -0.9656
vn 0.1182 0.0871 -0.9892
vn 0.2819 0.0872 -0.9555
vn 0.2411 0.1235 -0.9626
vn 0.2347 0.2585 -0.9371
vn 0.2203 0.4222 -0.8793
vn 0.1991 0.5731 -0.7949
vn 0.1719 0.7067 -0.6863
vn 0.1395 0.8188 -0.5568
vn 0.1028 0.9061 -0.4104
vn 0.0630 0.9658 -0.2513
vn 0.0212 0.9962 -0.0846
vn 0.0294 0.9962 -0.0822
vn 0.0873 0.9658 -0.2440
vn 0.1425 0.9061 -0.3983
vn 0.1934 0.8188 -0.5405
vn 0.2384 0.7067 -0.6662
vn 0.2761 0.5731 -0.7716
vn 0.3054 0.4222 -0.8535
vn 0.3254 0.2585 -0.9095
vn 0.3356 0.0871 -0.9380
vn 0.4259 0.0871 -0.9006
vn 0.4337 0.1604 -0.8867
vn 0.3932 0.0871 -0.9153
vn 0.5407 0.0871 -0.8367
vn 0.5086 0.1463 -0.8485
vn 0.4966 0.2585 -0.8286
vn 0.4660 0.4222 -0.7775
vn 0.4213 0.5731 -0.7029
vn 0.3637 0.7067 -0.6069
vn 0.2951 0.8188 -0.4924
vn 0.2175 0.9061 -0.3629
vn 0.2175 0.9061 -0.3628
vn 0.1332 0.9658 -0.2222
vn 0.0449 0.9962 -0.0748
vn 0.0520 0.9962 -0.0701
vn 0.1544 0.9658 -0.2081
vn 0.2520 0.9061 -0.3398
vn 0.3420 0.8188 -0.4611
vn 0.4215 0.7067 -0.5683
vn 0.4882 0.5731 -0.6582
vn 0.5400 0.4222 -0.7281
vn 0.5754 0.2585 -0.7759
vn 0.5934 0.0871 -0.8002
vn 0.6690 0.0871 -0.7381
vn 0.6709 0.1179 -0.7321
vn 0.6362 0.0872 -0.7666
vn 0.7554 0.0871 -0.6495
vn 0.7319 0.1557 -0.6634
vn 0.7158 0.2585 -0.6487
vn 0.6717 0.4222 -0.6088
vn 0.6072 0.5731 -0.5503
vn 0.5242 0.7067 -0.4751
vn 0.5242 0.7067 -0.4752
vn 0.4253 0.8188 -0.3855
vn 0.3135 0.9061 -0.2841
vn 0.3134 0.9061 -0.2841
vn 0.1920 0.9658 -0.1740
vn 0.0647 0.9962 -0.0586
vn 0.8271 0.0872 -0.5552
vn 0.7993 0.0989 -0.5928
vn 0.7759 0.2585 -0.5754
vn 0.7281 0.4222 -0.5400
vn 0.6582 0.5731 -0.4882
vn 0.5683 0.7067 -0.4215
vn 0.4611 0.8188 -0.3420
vn 0.3398 0.9061 -0.2520
vn 0.2081 0.9658 -0.1544
vn 0.0701 0.9962 -0.0520
vn 0.0748 0.9962 -0.0449
vn 0.2222 0.9658 -0.1332
vn 0.3629 0.9061 -0.2175
vn 0.4924 0.8188 -0.2951
vn 0.6069 0.7067 -0.3637
vn 0.7029 0.5731 -0.4213
vn 0.7775 0.4222 -0.4660
vn 0.8286 0.2585 -0.4966
vn 0.8545 0.0871 -0.5122
vn 0.9006 0.0871 -0.4259
vn 0.8951 0.1903 -0.4032
vn 0.8871 0.0871 -0.4532
vn 0.9504 0.0872 -0.2985
vn 0.9334 0.1314 -0.3340
vn 0.9095 0.2585 -0.3254
vn 0.8535 0.4222 -0.3054
vn 0.7716 0.5731 -0.2761
vn 0.6662 0.7067 -0.2384
vn 0.5405 0.8188 -0.1934
vn 0.3983 0.9061 -0.1425
vn 0.2440 0.9658 -0.0873
vn 0.0822 0.9962 -0.0294
vn 0.0846 0.9962 -0.0212
vn 0.2513 0.9658 -0.0630
vn 0.4104 0.9061 -0.1028
vn 0.5568 0.8188 -0.1395
vn 0.6863 0.7067 -0.1719
vn 0.7949 0.5731 -0.1991
vn 0.8793 0.4222 -0.2203
vn 0.9371 0.2585 -0.2347
vn 0.9663 0.0871 -0.2421
vn 0.9663 0.0870 -0.2421
vn 0.9854 0.0870 -0.1462
vn 0.9798 0.1483 -0.1344
vn 0.9791 0.0871 -0.1837
vn 0.9960 0.0871 -0.0174
vn 0.9875 0.1503 -0.0485
vn 0.9648 0.2585 -0.0474
vn 0.9054 0.4222 -0.0445
vn 0.8185 0.5731 -0.0402
vn 0.7067 0.7067 -0.0347
vn 0.5733 0.8188 -0.0282
vn 0.4225 0.9061 -0.0208
vn 0.2588 0.9658 -0.0127
vn 0.0872 0.9962 -0.0043
vn 0.0872 0.9962 0.0043
vn 0.2588 0.9658 0.0127
vn 0.4225 0.9061 0.0208
vn 0.5733 0.8188 0.0282
vn 0.7067 0.7067 0.0347
vn 0.8185 0.5731 0.0402
vn 0.9054 0.4222 0.0445
vn 0.9648 0.2585 0.0474
vn 0.9950 0.0871 0.0489
vn 0.9849 0.0871 0.1494
vn 0.9838 0.1044 0.1459
vn 0.9555 0.2585 0.1417
vn 0.8967 0.4222 0.1330
vn 0.8106 0.5731 0.1202
vn 0.6999 0.7067 0.1038
vn 0.5678 0.8188 0.0842
vn 0.4185 0.9061 0.0621
vn 0.2563 0.9658 0.0380
vn 0.0863 0.9962 0.0128
vn 0.9663 0.0871 0.2421
vn 0.9404 0.2196 0.2597
vn 0.9721 0.0871 0.2177
vn 0.9220 0.0872 0.3772
vn 0.9359 0.1096 0.3349
vn 0.9095 0.2585 0.3254
vn 0.8535 0.4222 0.3054
vn 0.7716 0.5731 0.2761
vn 0.6662 0.7067 0.2384
vn 0.5405 0.8188 0.1934
vn 0.3983 0.9061 0.1425
vn 0.2440 0.9658 0.0873
vn 0.0822 0.9962 0.0294
vn 0.0789 0.9962 0.0373
vn 0.2342 0.9658 0.1108
vn 0.3824 0.9061 0.1809
vn 0.5189 0.8188 0.2454
vn 0.6396 0.7067 0.3025
vn 0.7408 0.5731 0.3504
vn 0.8195 0.4222 0.3876
vn 0.8733 0.2585 0.4130
vn 0.9006 0.0871 0.4259
vn 0.8545 0.0871 0.5122
vn 0.8356 0.1784 0.5196
vn 0.8708 0.0871 0.4839
vn 0.7776 0.0871 0.6227
vn 0.7955 0.1381 0.5900
vn 0.7759 0.2585 0.5754
vn 0.7281 0.4222 0.5400
vn 0.6582 0.5731 0.4882
vn 0.5683 0.7067 0.4215
vn 0.4611 0.8188 0.3420
vn 0.3398 0.9061 0.2520
vn 0.2081 0.9658 0.1544
vn 0.0701 0.9962 0.0520
vn 0.0647 0.9962 0.0586
vn 0.1920 0.9658 0.1740
vn 0.3134 0.9061 0.2841
vn 0.4253 0.8188 0.3855
vn 0.5242 0.7067 0.4751
vn 0.5242 0.7067 0.4752
vn 0.6072 0.5731 0.5503
vn 0.6717 0.4222 0.6088
vn 0.7158 0.2585 0.6487
vn 0.7381 0.0871 0.6690
vn 0.7381 0.0870 0.6690
vn 0.6690 0.0871 0.7381
vn 0.6589 0.1362 0.7398
vn 0.6983 0.0871 0.7105
vn 0.5696 0.0871 0.8173
vn 0.5887 0.1533 0.7937
vn 0.5754 0.2585 0.7759
vn 0.5400 0.4222 0.7281
vn 0.4882 0.5731 0.6582
vn 0.4215 0.7067 0.5683
vn 0.3420 0.8188 0.4611
vn 0.2520 0.9061 0.3398
vn 0.1543 0.9658 0.2081
vn 0.1544 0.9658 0.2081
vn 0.0520 0.9962 0.0701
vn 0.0449 0.9962 0.0748
vn 0.1332 0.9658 0.2222
vn 0.2175 0.9061 0.3628
vn 0.2175 0.9061 0.3629
vn 0.2951 0.8188 0.4924
vn 0.3637 0.7067 0.6069
vn 0.4213 0.5731 0.7029
vn 0.4660 0.4222 0.7775
vn 0.4966 0.2585 0.8286
vn 0.5122 0.0871 0.8545
vn 0.5122 0.0870 0.8545
vn 0.4249 0.0871 0.9010
vn 0.4257 0.0931 0.9001
vn 0.4130 0.2585 0.8733
vn 0.3876 0.4222 0.8195
vn 0.3504 0.5731 0.7408
vn 0.3025 0.7067 0.6396
vn 0.2454 0.8188 0.5189
vn 0.1809 0.9061 0.3824
vn 0.1108 0.9658 0.2342
vn 0.0373 0.9962 0.0789
vn 0.3356 0.0871 0.9380
vn 0.3094 0.2080 0.9279
vn 0.3611 0.0871 0.9285
vn 0.2007 0.0872 0.9758
vn 0.2413 0.1191 0.9631
vn 0.2347 0.2585 0.9371
vn 0.2203 0.4222 0.8793
vn 0.1991 0.5731 0.7949
vn 0.1719 0.7067 0.6863
vn 0.1395 0.8188 0.5568
vn 0.1028 0.9061 0.4104
vn 0.0630 0.9658 0.2513
vn 0.0212 0.9962 0.0846
vn 0.0128 0.9962 0.0863
vn 0.0380 0.9658 0.2563
vn 0.0621 0.9061 0.4185
vn 0.0621 0.9061 0.4184
vn 0.0842 0.8188 0.5678
vn 0.1038 0.7067 0.6999
vn 0.1202 0.5731 0.8106
vn 0.1330 0.4222 0.8967
vn 0.1417 0.2585 0.9555
vn 0.1462 0.0870 0.9854
vn -0.2175 0.9061 0.3628
vn 0.0489 0.0871 0.9950
vn 0.0344 0.1664 0.9855
s 0
g 灌粉瓶2_Material
usemtl Material
f 1//1 2//1 3//1
f 3//1 2//1 4//1
f 3//1 4//1 5//1
f 6//1 7//1 3//1
f 3//1 7//1 8//1
f 3//1 8//1 1//1
f 9//1 10//1 3//1
f 3//1 10//1 11//1
f 3//1 11//1 6//1
f 12//1 13//1 3//1
f 3//1 13//1 14//1
f 3//1 14//1 9//1
f 15//1 16//1 3//1
f 3//1 16//1 17//1
f 3//1 17//1 12//1
f 18//1 19//1 3//1
f 3//1 19//1 20//1
f 3//1 20//1 15//1
f 21//1 22//1 3//1
f 3//1 22//1 23//1
f 3//1 23//1 18//1
f 24//1 25//1 3//1
f 3//1 25//1 26//1
f 3//1 26//1 21//1
f 27//1 28//1 3//1
f 3//1 28//1 29//1
f 3//1 29//1 24//1
f 30//1 31//1 3//1
f 3//1 31//1 32//1
f 3//1 32//1 27//1
f 33//1 34//1 3//1
f 3//1 34//1 35//1
f 3//1 35//1 30//1
f 36//1 37//1 3//1
f 3//1 37//1 38//1
f 3//1 38//1 33//1
f 39//1 40//1 3//1
f 3//1 40//1 41//1
f 3//1 41//1 36//1
f 42//1 43//1 3//1
f 3//1 43//1 44//1
f 3//1 44//1 39//1
f 45//1 46//1 3//1
f 3//1 46//1 47//1
f 3//1 47//1 42//1
f 48//1 49//1 3//1
f 3//1 49//1 50//1
f 3//1 50//1 45//1
f 51//1 52//1 3//1
f 3//1 52//1 53//1
f 3//1 53//1 48//1
f 54//1 55//1 3//1
f 3//1 55//1 56//1
f 3//1 56//1 51//1
f 57//1 58//1 3//1
f 3//1 58//1 59//1
f 3//1 59//1 54//1
f 60//1 61//1 3//1
f 3//1 61//1 62//1
f 3//1 62//1 57//1
f 63//1 64//1 3//1
f 3//1 64//1 65//1
f 3//1 65//1 60//1
f 66//1 67//1 3//1
f 3//1 67//1 68//1
f 3//1 68//1 63//1
f 69//1 70//1 3//1
f 3//1 70//1 71//1
f 3//1 71//1 66//1
f 72//1 73//1 3//1
f 3//1 73//1 74//1
f 3//1 74//1 69//1
f 75//1 76//1 3//1
f 3//1 76//1 77//1
f 3//1 77//1 72//1
f 5//1 78//1 3//1
f 3//1 78//1 79//1
f 3//1 79//1 75//1
f 80//2 81//2 82//2
f 82//3 81//3 83//3
f 82//4 83//4 84//4
f 84//5 83//5 85//5
f 84//6 85//6 86//6
f 86//6 85//6 87//6
f 86//7 87//7 88//7
f 88//8 87//8 89//8
f 88//9 89//9 90//9
f 90//10 89//10 91//10
f 90//11 91//11 92//11
f 92//12 91//12 93//12
f 92//13 93//13 94//13
f 94//13 93//13 95//13
f 94//14 95//14 96//14
f 96//15 95//15 97//15
f 96//16 97//16 98//16
f 98//16 97//16 99//16
f 98//17 99//17 100//17
f 100//17 99//17 101//17
f 100//18 101//18 102//18
f 102//19 101//19 103//19
f 102//20 103//20 104//20
f 104//20 103//20 105//20
f 104//21 105//21 106//21
f 106//21 105//21 107//21
f 106//22 107//22 108//22
f 108//22 107//22 109//22
f 108//23 109//23 110//23
f 110//23 109//23 111//23
f 110//24 111//24 112//24
f 112//25 111//25 113//25
f 112//26 113//26 114//26
f 114//26 113//26 115//26
f 114//27 115//27 116//27
f 116//27 115//27 117//27
f 116//28 117//28 118//28
f 118//29 117//29 119//29
f 118//30 119//30 120//30
f 120//31 119//31 121//31
f 120//32 121//32 122//32
f 122//33 121//33 123//33
f 122//34 123//34 124//34
f 124//35 123//35 125//35
f 124//36 125//36 126//36
f 126//37 125//37 127//37
f 126//38 127//38 128//38
f 128//39 127//39 129//39
f 128//40 129//40 130//40
f 130//41 129//41 131//41
f 130//42 131//42 132//42
f 132//42 131//42 133//42
f 132//43 133//43 134//43
f 134//44 133//44 135//44
f 134//45 135//45 136//45
f 136//46 135//46 137//46
f 136//47 137//47 138//47
f 138//47 137//47 139//47
f 138//48 139//48 140//48
f 140//48 139//48 141//48
f 140//49 141//49 142//49
f 142//49 141//49 143//49
f 142//50 143//50 144//50
f 144//51 143//51 145//51
f 144//52 145//52 146//52
f 146//52 145//52 147//52
f 146//53 147//53 148//53
f 148//54 147//54 149//54
f 148//55 149//55 150//55
f 150//55 149//55 151//55
f 150//56 151//56 152//56
f 152//57 151//57 153//57
f 152//58 153//58 154//58
f 154//59 153//59 155//59
f 154//60 155//60 156//60
f 156//60 155//60 157//60
f 156//61 157//61 158//61
f 158//61 157//61 159//61
f 158//62 159//62 160//62
f 160//62 159//62 161//62
f 160//63 161//63 162//63
f 162//63 161//63 163//63
f 162//64 163//64 164//64
f 164//64 163//64 165//64
f 164//65 165//65 166//65
f 166//66 165//66 167//66
f 166//67 167//67 168//67
f 168//67 167//67 169//67
f 168//68 169//68 170//68
f 170//68 169//68 171//68
f 170//69 171//69 172//69
f 172//69 171//69 173//69
f 172//70 173//70 174//70
f 174//70 173//70 175//70
f 174//71 175//71 176//71
f 176//71 175//71 177//71
f 176//72 177//72 178//72
f 178//72 177//72 179//72
f 178//73 179//73 180//73
f 180//73 179//73 181//73
f 180//74 181//74 182//74
f 182//74 181//74 183//74
f 182//75 183//75 184//75
f 184//75 183//75 185//75
f 184//76 185//76 186//76
f 186//76 185//76 187//76
f 186//77 187//77 188//77
f 188//77 187//77 189//77
f 188//78 189//78 190//78
f 190//78 189//78 191//78
f 190//79 191//79 192//79
f 192//79 191//79 193//79
f 192//80 193//80 194//80
f 194//80 193//80 195//80
f 194//81 195//81 196//81
f 196//81 195//81 197//81
f 196//82 197//82 198//82
f 198//83 197//83 199//83
f 198//84 199//84 200//84
f 200//84 199//84 201//84
f 200//85 201//85 202//85
f 202//85 201//85 203//85
f 202//86 203//86 204//86
f 204//87 203//87 205//87
f 204//88 205//88 206//88
f 206//88 205//88 207//88
f 206//89 207//89 208//89
f 208//89 207//89 209//89
f 208//90 209//90 210//90
f 210//91 209//91 211//91
f 210//92 211//92 212//92
f 212//93 211//93 213//93
f 212//94 213//94 214//94
f 214//95 213//95 215//95
f 214//96 215//96 216//96
f 216//96 215//96 217//96
f 216//97 217//97 218//97
f 218//97 217//97 219//97
f 218//98 219//98 220//98
f 220//98 219//98 221//98
f 220//99 221//99 222//99
f 222//100 221//100 223//100
f 222//101 223//101 224//101
f 224//101 223//101 225//101
f 224//102 225//102 226//102
f 226//103 225//103 227//103
f 226//104 227//104 228//104
f 228//105 227//105 229//105
f 228//106 229//106 230//106
f 230//107 229//107 231//107
f 230//108 231//108 232//108
f 232//109 231//109 233//109
f 232//110 233//110 234//110
f 234//110 233//110 235//110
f 234//111 235//111 80//111
f 80//111 235//111 81//111
f 236//1 237//1 238//1
f 238//1 237//1 239//1
f 238//1 239//1 240//1
f 240//1 239//1 241//1
f 240//1 241//1 242//1
f 242//1 241//1 243//1
f 242//1 243//1 244//1
f 243//1 245//1 244//1
f 244//1 245//1 246//1
f 244//1 246//1 247//1
f 247//1 246//1 248//1
f 247//1 248//1 249//1
f 249//1 248//1 250//1
f 249//1 250//1 251//1
f 251//1 250//1 252//1
f 251//1 252//1 253//1
f 253//1 252//1 254//1
f 253//1 254//1 255//1
f 256//1 257//1 258//1
f 258//1 257//1 259//1
f 258//1 259//1 260//1
f 260//1 259//1 261//1
f 260//1 261//1 262//1
f 262//1 261//1 263//1
f 262//1 263//1 264//1
f 264//1 263//1 265//1
f 264//1 265//1 266//1
f 267//1 268//1 269//1
f 269//1 268//1 270//1
f 269//1 270//1 271//1
f 271//1 270//1 272//1
f 271//1 272//1 273//1
f 273//1 272//1 274//1
f 273//1 274//1 275//1
f 275//1 274//1 276//1
f 275//1 276//1 236//1
f 236//1 276//1 277//1
f 236//1 277//1 237//1
f 254//1 278//1 255//1
f 255//1 278//1 279//1
f 255//1 279//1 280//1
f 280//1 279//1 281//1
f 280//1 281//1 282//1
f 282//1 281//1 283//1
f 282//1 283//1 284//1
f 284//1 283//1 285//1
f 284//1 285//1 286//1
f 286//1 285//1 287//1
f 286//1 287//1 288//1
f 287//1 289//1 288//1
f 288//1 289//1 290//1
f 288//1 290//1 291//1
f 291//1 290//1 292//1
f 291//1 292//1 293//1
f 293//1 292//1 294//1
f 293//1 294//1 295//1
f 295//1 294//1 296//1
f 295//1 296//1 256//1
f 256//1 296//1 297//1
f 256//1 297//1 257//1
f 265//1 298//1 266//1
f 266//1 298//1 299//1
f 266//1 299//1 300//1
f 300//1 299//1 301//1
f 300//1 301//1 302//1
f 302//1 301//1 303//1
f 302//1 303//1 304//1
f 304//1 303//1 305//1
f 304//1 305//1 306//1
f 305//1 307//1 306//1
f 306//1 307//1 308//1
f 306//1 308//1 309//1
f 309//1 308//1 310//1
f 309//1 310//1 311//1
f 311//1 310//1 312//1
f 311//1 312//1 313//1
f 313//1 312//1 314//1
f 313//1 314//1 315//1
f 315//1 314//1 316//1
f 315//1 316//1 317//1
f 316//1 318//1 317//1
f 317//1 318//1 319//1
f 317//1 319//1 320//1
f 320//1 319//1 321//1
f 320//1 321//1 322//1
f 322//1 321//1 323//1
f 322//1 323//1 324//1
f 324//1 323//1 325//1
f 324//1 325//1 326//1
f 325//1 327//1 326//1
f 326//1 327//1 328//1
f 326//1 328//1 329//1
f 329//1 328//1 330//1
f 329//1 330//1 331//1
f 331//1 330//1 332//1
f 331//1 332//1 333//1
f 333//1 332//1 334//1
f 333//1 334//1 335//1
f 335//1 334//1 336//1
f 335//1 336//1 337//1
f 336//1 338//1 337//1
f 337//1 338//1 339//1
f 337//1 339//1 340//1
f 340//1 339//1 341//1
f 340//1 341//1 342//1
f 342//1 341//1 343//1
f 342//1 343//1 344//1
f 344//1 343//1 345//1
f 344//1 345//1 346//1
f 346//1 345//1 347//1
f 346//1 347//1 348//1
f 349//1 350//1 351//1
f 351//1 350//1 352//1
f 351//1 352//1 353//1
f 353//1 352//1 354//1
f 353//1 354//1 355//1
f 355//1 354//1 356//1
f 355//1 356//1 267//1
f 267//1 356//1 357//1
f 267//1 357//1 268//1
f 347//1 358//1 348//1
f 348//1 358//1 359//1
f 348//1 359//1 360//1
f 360//1 359//1 361//1
f 360//1 361//1 362//1
f 362//1 361//1 363//1
f 362//1 363//1 364//1
f 364//1 363//1 365//1
f 364//1 365//1 366//1
f 365//1 367//1 366//1
f 366//1 367//1 368//1
f 366//1 368//1 369//1
f 369//1 368//1 370//1
f 369//1 370//1 371//1
f 371//1 370//1 372//1
f 371//1 372//1 373//1
f 373//1 372//1 374//1
f 373//1 374//1 375//1
f 375//1 374//1 376//1
f 375//1 376//1 349//1
f 349//1 376//1 377//1
f 349//1 377//1 350//1
f 378//112 379//112 380//112
f 380//112 379//112 381//112
f 380//113 381//113 382//113
f 382//113 381//113 383//113
f 382//114 383//114 384//114
f 384//114 383//114 385//114
f 384//115 385//115 386//115
f 386//115 385//115 387//115
f 386//116 387//116 388//116
f 388//116 387//116 389//116
f 388//117 389//117 390//117
f 390//117 389//117 391//117
f 390//118 391//118 392//118
f 392//118 391//118 393//118
f 392//119 393//119 394//119
f 394//119 393//119 395//119
f 394//120 395//120 396//120
f 396//120 395//120 397//120
f 396//121 397//121 398//121
f 398//121 397//121 399//121
f 398//122 399//122 400//122
f 400//122 399//122 401//122
f 400//123 401//123 402//123
f 402//123 401//123 403//123
f 402//124 403//124 404//124
f 404//124 403//124 405//124
f 404//125 405//125 406//125
f 406//125 405//125 407//125
f 406//126 407//126 408//126
f 408//126 407//126 409//126
f 408//127 409//127 410//127
f 410//127 409//127 411//127
f 410//128 411//128 412//128
f 412//128 411//128 413//128
f 412//129 413//129 414//129
f 414//129 413//129 415//129
f 414//130 415//130 416//130
f 416//130 415//130 417//130
f 416//131 417//131 418//131
f 418//131 417//131 419//131
f 418//132 419//132 420//132
f 420//132 419//132 421//132
f 420//133 421//133 422//133
f 422//133 421//133 423//133
f 422//134 423//134 424//134
f 424//134 423//134 425//134
f 424//135 425//135 426//135
f 426//135 425//135 427//135
f 426//136 427//136 428//136
f 428//136 427//136 429//136
f 428//137 429//137 430//137
f 430//137 429//137 431//137
f 430//138 431//138 432//138
f 432//138 431//138 433//138
f 432//139 433//139 434//139
f 434//139 433//139 435//139
f 434//140 435//140 436//140
f 436//140 435//140 437//140
f 436//141 437//141 438//141
f 438//141 437//141 439//141
f 438//142 439//142 440//142
f 440//142 439//142 441//142
f 440//143 441//143 442//143
f 442//143 441//143 443//143
f 442//144 443//144 444//144
f 444//144 443//144 445//144
f 444//145 445//145 446//145
f 446//145 445//145 447//145
f 446//146 447//146 448//146
f 448//146 447//146 449//146
f 448//147 449//147 450//147
f 450//147 449//147 451//147
f 450//148 451//148 452//148
f 452//148 451//148 453//148
f 452//149 453//149 454//149
f 454//149 453//149 455//149
f 454//150 455//150 456//150
f 456//150 455//150 457//150
f 456//151 457//151 458//151
f 458//151 457//151 459//151
f 458//152 459//152 460//152
f 460//152 459//152 461//152
f 460//153 461//153 462//153
f 462//153 461//153 463//153
f 462//154 463//154 464//154
f 464//154 463//154 465//154
f 464//155 465//155 466//155
f 466//155 465//155 467//155
f 466//156 467//156 468//156
f 468//156 467//156 469//156
f 468//157 469//157 470//157
f 470//157 469//157 471//157
f 470//158 471//158 472//158
f 472//158 471//158 473//158
f 472//159 473//159 474//159
f 474//159 473//159 475//159
f 474//160 475//160 476//160
f 476//160 475//160 477//160
f 476//161 477//161 478//161
f 478//161 477//161 479//161
f 478//162 479//162 480//162
f 480//162 479//162 481//162
f 480//163 481//163 482//163
f 482//163 481//163 483//163
f 482//164 483//164 484//164
f 484//164 483//164 485//164
f 484//165 485//165 486//165
f 486//165 485//165 487//165
f 486//166 487//166 488//166
f 488//166 487//166 489//166
f 488//167 489//167 490//167
f 490//167 489//167 491//167
f 490//168 491//168 492//168
f 492//168 491//168 493//168
f 492//169 493//169 494//169
f 494//169 493//169 495//169
f 494//170 495//170 496//170
f 496//170 495//170 497//170
f 496//171 497//171 498//171
f 498//171 497//171 499//171
f 498//172 499//172 500//172
f 500//172 499//172 501//172
f 500//173 501//173 502//173
f 502//173 501//173 503//173
f 502//174 503//174 504//174
f 504//174 503//174 505//174
f 504//175 505//175 506//175
f 506//175 505//175 507//175
f 506//176 507//176 508//176
f 508//176 507//176 509//176
f 508//177 509//177 510//177
f 510//177 509//177 511//177
f 510//178 511//178 512//178
f 512//178 511//178 513//178
f 512//179 513//179 514//179
f 514//179 513//179 515//179
f 514//180 515//180 516//180
f 516//180 515//180 517//180
f 516//181 517//181 518//181
f 518//181 517//181 519//181
f 518//182 519//182 520//182
f 520//182 519//182 521//182
f 520//183 521//183 522//183
f 522//183 521//183 523//183
f 522//184 523//184 524//184
f 524//184 523//184 525//184
f 524//185 525//185 526//185
f 526//185 525//185 527//185
f 526//186 527//186 528//186
f 528//186 527//186 529//186
f 528//187 529//187 530//187
f 530//188 529//188 531//188
f 530//189 531//189 532//189
f 532//189 531//189 533//189
f 532//190 533//190 534//190
f 534//190 533//190 535//190
f 534//191 535//191 536//191
f 536//191 535//191 537//191
f 536//192 537//192 538//192
f 538//192 537//192 539//192
f 538//193 539//193 540//193
f 540//193 539//193 541//193
f 540//194 541//194 542//194
f 542//194 541//194 543//194
f 542//195 543//195 544//195
f 544//195 543//195 545//195
f 544//196 545//196 546//196
f 546//196 545//196 547//196
f 546//197 547//197 548//197
f 548//197 547//197 549//197
f 548//198 549//198 550//198
f 550//198 549//198 551//198
f 550//199 551//199 552//199
f 552//199 551//199 553//199
f 552//200 553//200 554//200
f 554//201 553//201 555//201
f 554//202 555//202 556//202
f 556//202 555//202 557//202
f 556//203 557//203 558//203
f 558//203 557//203 559//203
f 558//204 559//204 560//204
f 560//204 559//204 561//204
f 560//205 561//205 562//205
f 562//205 561//205 563//205
f 562//206 563//206 564//206
f 564//207 563//207 565//207
f 564//208 565//208 566//208
f 566//209 565//209 567//209
f 566//210 567//210 568//210
f 568//210 567//210 569//210
f 568//211 569//211 570//211
f 570//211 569//211 571//211
f 570//212 571//212 572//212
f 572//212 571//212 573//212
f 572//213 573//213 574//213
f 574//213 573//213 575//213
f 574//214 575//214 576//214
f 576//214 575//214 577//214
f 576//215 577//215 578//215
f 578//215 577//215 579//215
f 578//216 579//216 580//216
f 580//216 579//216 581//216
f 580//217 581//217 582//217
f 582//217 581//217 583//217
f 582//218 583//218 584//218
f 584//218 583//218 585//218
f 584//219 585//219 586//219
f 586//219 585//219 587//219
f 586//220 587//220 588//220
f 588//220 587//220 589//220
f 588//221 589//221 590//221
f 590//221 589//221 591//221
f 590//222 591//222 592//222
f 592//222 591//222 593//222
f 592//223 593//223 378//223
f 378//223 593//223 379//223
f 594//112 595//112 596//112
f 596//112 595//112 597//112
f 596//113 597//113 598//113
f 598//113 597//113 599//113
f 598//114 599//114 600//114
f 600//114 599//114 601//114
f 600//115 601//115 602//115
f 602//115 601//115 603//115
f 602//116 603//116 604//116
f 604//116 603//116 605//116
f 604//117 605//117 606//117
f 606//117 605//117 607//117
f 606//118 607//118 608//118
f 608//118 607//118 609//118
f 608//119 609//119 610//119
f 610//119 609//119 611//119
f 610//120 611//120 612//120
f 612//120 611//120 613//120
f 612//121 613//121 614//121
f 614//121 613//121 615//121
f 614//122 615//122 616//122
f 616//122 615//122 617//122
f 616//123 617//123 618//123
f 618//123 617//123 619//123
f 618//124 619//124 620//124
f 620//124 619//124 621//124
f 620//125 621//125 622//125
f 622//125 621//125 623//125
f 622//126 623//126 624//126
f 624//126 623//126 625//126
f 624//127 625//127 626//127
f 626//127 625//127 627//127
f 626//128 627//128 628//128
f 628//128 627//128 629//128
f 628//129 629//129 630//129
f 630//129 629//129 631//129
f 630//130 631//130 632//130
f 632//130 631//130 633//130
f 632//131 633//131 634//131
f 634//131 633//131 635//131
f 634//132 635//132 636//132
f 636//132 635//132 637//132
f 636//133 637//133 638//133
f 638//133 637//133 639//133
f 638//134 639//134 640//134
f 640//134 639//134 641//134
f 640//135 641//135 642//135
f 642//135 641//135 643//135
f 642//136 643//136 644//136
f 644//136 643//136 645//136
f 644//137 645//137 646//137
f 646//137 645//137 647//137
f 646//138 647//138 648//138
f 648//138 647//138 649//138
f 648//139 649//139 650//139
f 650//139 649//139 651//139
f 650//140 651//140 652//140
f 652//140 651//140 653//140
f 652//141 653//141 654//141
f 654//141 653//141 655//141
f 654//142 655//142 656//142
f 656//142 655//142 657//142
f 656//143 657//143 658//143
f 658//143 657//143 659//143
f 658//144 659//144 660//144
f 660//144 659//144 661//144
f 660//145 661//145 662//145
f 662//145 661//145 663//145
f 662//146 663//146 664//146
f 664//146 663//146 665//146
f 664//147 665//147 666//147
f 666//147 665//147 667//147
f 666//148 667//148 668//148
f 668//148 667//148 669//148
f 668//149 669//149 670//149
f 670//149 669//149 671//149
f 670//150 671//150 672//150
f 672//150 671//150 673//150
f 672//151 673//151 674//151
f 674//151 673//151 675//151
f 674//152 675//152 676//152
f 676//152 675//152 677//152
f 676//224 677//224 678//224
f 678//224 677//224 679//224
f 678//154 679//154 680//154
f 680//154 679//154 681//154
f 680//155 681//155 682//155
f 682//155 681//155 683//155
f 682//156 683//156 684//156
f 684//156 683//156 685//156
f 684//157 685//157 686//157
f 686//157 685//157 687//157
f 686//158 687//158 688//158
f 688//158 687//158 689//158
f 688//159 689//159 690//159
f 690//159 689//159 691//159
f 690//160 691//160 692//160
f 692//160 691//160 693//160
f 692//161 693//161 694//161
f 694//161 693//161 695//161
f 694//162 695//162 696//162
f 696//162 695//162 697//162
f 696//163 697//163 698//163
f 698//163 697//163 699//163
f 698//164 699//164 700//164
f 700//164 699//164 701//164
f 700//165 701//165 702//165
f 702//165 701//165 703//165
f 702//166 703//166 704//166
f 704//166 703//166 705//166
f 704//167 705//167 706//167
f 706//167 705//167 707//167
f 706//168 707//168 708//168
f 708//168 707//168 709//168
f 708//169 709//169 710//169
f 710//169 709//169 711//169
f 710//170 711//170 712//170
f 712//170 711//170 713//170
f 712//171 713//171 714//171
f 714//171 713//171 715//171
f 714//172 715//172 716//172
f 716//172 715//172 717//172
f 716//173 717//173 718//173
f 718//173 717//173 719//173
f 718//174 719//174 720//174
f 720//174 719//174 721//174
f 720//175 721//175 722//175
f 722//225 721//225 723//225
f 722//176 723//176 724//176
f 724//176 723//176 725//176
f 724//177 725//177 726//177
f 726//177 725//177 727//177
f 726//178 727//178 728//178
f 728//178 727//178 729//178
f 728//179 729//179 730//179
f 730//179 729//179 731//179
f 730//180 731//180 732//180
f 732//226 731//226 733//226
f 732//181 733//181 734//181
f 734//181 733//181 735//181
f 734//182 735//182 736//182
f 736//182 735//182 737//182
f 736//183 737//183 738//183
f 738//183 737//183 739//183
f 738//184 739//184 740//184
f 740//184 739//184 741//184
f 740//185 741//185 742//185
f 742//185 741//185 743//185
f 742//186 743//186 744//186
f 744//186 743//186 745//186
f 744//188 745//188 746//188
f 746//227 745//227 747//227
f 746//189 747//189 748//189
f 748//189 747//189 749//189
f 748//190 749//190 750//190
f 750//190 749//190 751//190
f 750//191 751//191 752//191
f 752//191 751//191 753//191
f 752//192 753//192 754//192
f 754//192 753//192 755//192
f 754//193 755//193 756//193
f 756//193 755//193 757//193
f 756//194 757//194 758//194
f 758//194 757//194 759//194
f 758//195 759//195 760//195
f 760//228 759//228 761//228
f 760//196 761//196 762//196
f 762//196 761//196 763//196
f 762//197 763//197 764//197
f 764//197 763//197 765//197
f 764//198 765//198 766//198
f 766//198 765//198 767//198
f 766//199 767//199 768//199
f 768//199 767//199 769//199
f 768//201 769//201 770//201
f 770//201 769//201 771//201
f 770//202 771//202 772//202
f 772//202 771//202 773//202
f 772//203 773//203 774//203
f 774//203 773//203 775//203
f 774//204 775//204 776//204
f 776//204 775//204 777//204
f 776//205 777//205 778//205
f 778//205 777//205 779//205
f 778//229 779//229 780//229
f 780//206 779//206 781//206
f 780//208 781//208 782//208
f 782//208 781//208 783//208
f 782//210 783//210 784//210
f 784//210 783//210 785//210
f 784//211 785//211 786//211
f 786//211 785//211 787//211
f 786//212 787//212 788//212
f 788//212 787//212 789//212
f 788//213 789//213 790//213
f 790//213 789//213 791//213
f 790//214 791//214 792//214
f 792//214 791//214 793//214
f 792//215 793//215 794//215
f 794//215 793//215 795//215
f 794//216 795//216 796//216
f 796//216 795//216 797//216
f 796//217 797//217 798//217
f 798//217 797//217 799//217
f 798//218 799//218 800//218
f 800//218 799//218 801//218
f 800//219 801//219 802//219
f 802//219 801//219 803//219
f 802//220 803//220 804//220
f 804//220 803//220 805//220
f 804//221 805//221 806//221
f 806//221 805//221 807//221
f 806//222 807//222 808//222
f 808//222 807//222 809//222
f 808//223 809//223 594//223
f 594//223 809//223 595//223
f 810//112 811//112 812//112
f 812//112 811//112 813//112
f 812//113 813//113 814//113
f 814//113 813//113 815//113
f 814//114 815//114 816//114
f 816//114 815//114 817//114
f 816//115 817//115 818//115
f 818//115 817//115 819//115
f 818//116 819//116 820//116
f 820//116 819//116 821//116
f 820//117 821//117 822//117
f 822//117 821//117 823//117
f 822//118 823//118 824//118
f 824//118 823//118 825//118
f 824//119 825//119 826//119
f 826//119 825//119 827//119
f 826//120 827//120 828//120
f 828//120 827//120 829//120
f 828//121 829//121 830//121
f 830//121 829//121 831//121
f 830//122 831//122 832//122
f 832//122 831//122 833//122
f 832//123 833//123 834//123
f 834//123 833//123 835//123
f 834//124 835//124 836//124
f 836//124 835//124 837//124
f 836//125 837//125 838//125
f 838//125 837//125 839//125
f 838//126 839//126 840//126
f 840//126 839//126 841//126
f 840//127 841//127 842//127
f 842//127 841//127 843//127
f 842//230 843//230 844//230
f 844//128 843//128 845//128
f 844//129 845//129 846//129
f 846//129 845//129 847//129
f 846//130 847//130 848//130
f 848//130 847//130 849//130
f 848//131 849//131 850//131
f 850//131 849//131 851//131
f 850//132 851//132 852//132
f 852//132 851//132 853//132
f 852//133 853//133 854//133
f 854//133 853//133 855//133
f 854//134 855//134 856//134
f 856//134 855//134 857//134
f 856//135 857//135 858//135
f 858//135 857//135 859//135
f 858//136 859//136 860//136
f 860//136 859//136 861//136
f 860//137 861//137 862//137
f 862//137 861//137 863//137
f 862//138 863//138 864//138
f 864//138 863//138 865//138
f 864//139 865//139 866//139
f 866//139 865//139 867//139
f 866//140 867//140 868//140
f 868//140 867//140 869//140
f 868//141 869//141 870//141
f 870//141 869//141 871//141
f 870//142 871//142 872//142
f 872//142 871//142 873//142
f 872//143 873//143 874//143
f 874//143 873//143 875//143
f 874//144 875//144 876//144
f 876//144 875//144 877//144
f 876//145 877//145 878//145
f 878//145 877//145 879//145
f 878//146 879//146 880//146
f 880//146 879//146 881//146
f 880//147 881//147 882//147
f 882//147 881//147 883//147
f 882//148 883//148 884//148
f 884//148 883//148 885//148
f 884//149 885//149 886//149
f 886//149 885//149 887//149
f 886//150 887//150 888//150
f 888//150 887//150 889//150
f 888//151 889//151 890//151
f 890//151 889//151 891//151
f 890//152 891//152 892//152
f 892//231 891//231 893//231
f 892//153 893//153 894//153
f 894//153 893//153 895//153
f 894//154 895//154 896//154
f 896//154 895//154 897//154
f 896//155 897//155 898//155
f 898//155 897//155 899//155
f 898//156 899//156 900//156
f 900//156 899//156 901//156
f 900//157 901//157 902//157
f 902//157 901//157 903//157
f 902//232 903//232 904//232
f 904//158 903//158 905//158
f 904//159 905//159 906//159
f 906//159 905//159 907//159
f 906//160 907//160 908//160
f 908//160 907//160 909//160
f 908//161 909//161 910//161
f 910//161 909//161 911//161
f 910//162 911//162 912//162
f 912//162 911//162 913//162
f 912//163 913//163 914//163
f 914//163 913//163 915//163
f 914//164 915//164 916//164
f 916//164 915//164 917//164
f 916//165 917//165 918//165
f 918//165 917//165 919//165
f 918//166 919//166 920//166
f 920//166 919//166 921//166
f 920//167 921//167 922//167
f 922//167 921//167 923//167
f 922//168 923//168 924//168
f 924//168 923//168 925//168
f 924//169 925//169 926//169
f 926//169 925//169 927//169
f 926//170 927//170 928//170
f 928//170 927//170 929//170
f 928//171 929//171 930//171
f 930//171 929//171 931//171
f 930//172 931//172 932//172
f 932//172 931//172 933//172
f 932//173 933//173 934//173
f 934//173 933//173 935//173
f 934//174 935//174 936//174
f 936//174 935//174 937//174
f 936//233 937//233 938//233
f 938//175 937//175 939//175
f 938//176 939//176 940//176
f 940//176 939//176 941//176
f 940//177 941//177 942//177
f 942//177 941//177 943//177
f 942//178 943//178 944//178
f 944//178 943//178 945//178
f 944//179 945//179 946//179
f 946//179 945//179 947//179
f 946//180 947//180 948//180
f 948//180 947//180 949//180
f 948//181 949//181 950//181
f 950//234 949//234 951//234
f 950//182 951//182 952//182
f 952//182 951//182 953//182
f 952//183 953//183 954//183
f 954//183 953//183 955//183
f 954//184 955//184 956//184
f 956//184 955//184 957//184
f 956//185 957//185 958//185
f 958//185 957//185 959//185
f 958//186 959//186 960//186
f 960//186 959//186 961//186
f 960//227 961//227 962//227
f 962//227 961//227 963//227
f 962//189 963//189 964//189
f 964//189 963//189 965//189
f 964//190 965//190 966//190
f 966//190 965//190 967//190
f 966//191 967//191 968//191
f 968//191 967//191 969//191
f 968//192 969//192 970//192
f 970//192 969//192 971//192
f 970//193 971//193 972//193
f 972//193 971//193 973//193
f 972//194 973//194 974//194
f 974//194 973//194 975//194
f 974//195 975//195 976//195
f 976//195 975//195 977//195
f 976//196 977//196 978//196
f 978//196 977//196 979//196
f 978//197 979//197 980//197
f 980//197 979//197 981//197
f 980//198 981//198 982//198
f 982//198 981//198 983//198
f 982//199 983//199 984//199
f 984//199 983//199 985//199
f 984//201 985//201 986//201
f 986//201 985//201 987//201
f 986//202 987//202 988//202
f 988//202 987//202 989//202
f 988//203 989//203 990//203
f 990//203 989//203 991//203
f 990//204 991//204 992//204
f 992//204 991//204 993//204
f 992//205 993//205 994//205
f 994//205 993//205 995//205
f 994//207 995//207 996//207
f 996//207 995//207 997//207
f 996//208 997//208 998//208
f 998//209 997//209 999//209
f 998//210 999//210 1000//210
f 1000//210 999//210 1001//210
f 1000//211 1001//211 1002//211
f 1002//211 1001//211 1003//211
f 1002//212 1003//212 1004//212
f 1004//212 1003//212 1005//212
f 1004//213 1005//213 1006//213
f 1006//213 1005//213 1007//213
f 1006//214 1007//214 1008//214
f 1008//214 1007//214 1009//214
f 1008//215 1009//215 1010//215
f 1010//215 1009//215 1011//215
f 1010//216 1011//216 1012//216
f 1012//216 1011//216 1013//216
f 1012//217 1013//217 1014//217
f 1014//217 1013//217 1015//217
f 1014//218 1015//218 1016//218
f 1016//218 1015//218 1017//218
f 1016//219 1017//219 1018//219
f 1018//219 1017//219 1019//219
f 1018//220 1019//220 1020//220
f 1020//220 1019//220 1021//220
f 1020//221 1021//221 1022//221
f 1022//221 1021//221 1023//221
f 1022//222 1023//222 1024//222
f 1024//222 1023//222 1025//222
f 1024//223 1025//223 810//223
f 810//223 1025//223 811//223
f 1026//132 1027//132 1028//132
f 1029//115 1030//115 1031//115
f 1031//114 1030//114 1032//114
f 1031//235 1032//235 1033//235
f 1033//236 1032//236 1034//236
f 1033//237 1034//237 1035//237
f 1036//120 1037//120 1038//120
f 1038//119 1037//119 1039//119
f 1038//238 1039//238 1040//238
f 1040//239 1039//239 1041//239
f 1040//240 1041//240 1042//240
f 1042//117 1041//117 1043//117
f 1042//241 1043//241 1044//241
f 1044//242 1043//242 1029//242
f 1044//243 1029//243 1045//243
f 1045//244 1029//244 1031//244
f 1038//245 1046//245 1036//245
f 1036//246 1046//246 1047//246
f 1036//247 1047//247 1048//247
f 1048//248 1047//248 1049//248
f 1048//122 1049//122 1050//122
f 1050//249 1049//249 1051//249
f 1050//250 1051//250 1052//250
f 1052//251 1051//251 1053//251
f 1052//124 1053//124 1054//124
f 1054//125 1053//125 1055//125
f 1055//252 1053//252 1056//252
f 1055//253 1056//253 1057//253
f 1057//254 1056//254 1058//254
f 1057//127 1058//127 1059//127
f 1028//255 1027//255 1060//255
f 1058//256 1061//256 1059//256
f 1059//257 1061//257 1062//257
f 1059//258 1062//258 1063//258
f 1063//259 1062//259 1064//259
f 1063//129 1064//129 1065//129
f 1065//260 1064//260 1060//260
f 1065//261 1060//261 1066//261
f 1066//262 1060//262 1027//262
f 1028//263 1067//263 1026//263
f 1026//264 1067//264 1068//264
f 1026//265 1068//265 1069//265
f 1069//266 1068//266 1070//266
f 1069//134 1070//134 1071//134
f 1071//267 1070//267 1072//267
f 1071//268 1072//268 1073//268
f 1073//269 1072//269 1074//269
f 1073//136 1074//136 1075//136
f 1076//270 1077//270 1078//270
f 1078//271 1077//271 1079//271
f 1078//141 1079//141 1080//141
f 1075//137 1074//137 1081//137
f 1081//272 1074//272 1082//272
f 1081//273 1082//273 1083//273
f 1083//274 1082//274 1084//274
f 1083//139 1084//139 1076//139
f 1076//275 1084//275 1085//275
f 1076//276 1085//276 1077//276
f 1080//142 1079//142 1086//142
f 1086//277 1079//277 1087//277
f 1086//278 1087//278 1088//278
f 1088//279 1087//279 1089//279
f 1088//144 1089//144 1090//144
f 1089//280 1091//280 1090//280
f 1090//281 1091//281 1092//281
f 1090//282 1092//282 1093//282
f 1093//283 1092//283 1094//283
f 1093//146 1094//146 1095//146
f 1095//284 1094//284 1096//284
f 1095//285 1096//285 1097//285
f 1098//286 1099//286 1100//286
f 1100//287 1099//287 1101//287
f 1097//288 1096//288 1102//288
f 1102//289 1096//289 1103//289
f 1102//149 1103//149 1104//149
f 1104//290 1103//290 1105//290
f 1104//291 1105//291 1106//291
f 1106//292 1105//292 1107//292
f 1106//151 1107//151 1108//151
f 1108//293 1107//293 1109//293
f 1108//294 1109//294 1110//294
f 1110//295 1109//295 1111//295
f 1110//296 1111//296 1112//296
f 1112//297 1111//297 1113//297
f 1112//154 1113//154 1114//154
f 1114//298 1113//298 1115//298
f 1114//299 1115//299 1116//299
f 1116//300 1115//300 1117//300
f 1116//156 1117//156 1101//156
f 1101//301 1117//301 1118//301
f 1101//302 1118//302 1100//302
f 1035//303 1034//303 1119//303
f 1119//304 1034//304 1120//304
f 1119//305 1120//305 1121//305
f 1121//223 1120//223 1122//223
f 1121//306 1122//306 1123//306
f 1123//307 1122//307 1124//307
f 1123//308 1124//308 1125//308
f 1125//309 1124//309 1126//309
f 1125//310 1126//310 1127//310
f 1127//220 1126//220 1128//220
f 1127//311 1128//311 1129//311
f 1129//312 1128//312 1130//312
f 1129//313 1130//313 1131//313
f 1131//218 1130//218 1132//218
f 1131//314 1132//314 1133//314
f 1133//315 1132//315 1134//315
f 1133//316 1134//316 1135//316
f 1135//317 1134//317 1136//317
f 1135//318 1136//318 1137//318
f 1137//215 1136//215 1138//215
f 1137//319 1138//319 1139//319
f 1139//320 1138//320 1140//320
f 1139//321 1140//321 1141//321
f 1141//213 1140//213 1142//213
f 1141//322 1142//322 1143//322
f 1143//323 1142//323 1144//323
f 1143//324 1144//324 1145//324
f 1145//211 1144//211 1146//211
f 1145//325 1146//325 1147//325
f 1147//326 1146//326 1148//326
f 1147//327 1148//327 1149//327
f 1149//328 1148//328 1150//328
f 1149//329 1150//329 1151//329
f 1151//207 1150//207 1152//207
f 1151//330 1152//330 1153//330
f 1153//331 1152//331 1154//331
f 1153//332 1154//332 1155//332
f 1155//204 1154//204 1156//204
f 1155//333 1156//333 1157//333
f 1157//334 1156//334 1158//334
f 1157//335 1158//335 1159//335
f 1159//336 1158//336 1160//336
f 1159//337 1160//337 1161//337
f 1161//201 1160//201 1162//201
f 1161//338 1162//338 1163//338
f 1163//339 1162//339 1164//339
f 1163//340 1164//340 1165//340
f 1165//198 1164//198 1166//198
f 1165//341 1166//341 1167//341
f 1167//342 1166//342 1168//342
f 1167//343 1168//343 1169//343
f 1169//196 1168//196 1170//196
f 1169//344 1170//344 1171//344
f 1171//345 1170//345 1172//345
f 1171//346 1172//346 1173//346
f 1173//347 1172//347 1174//347
f 1173//348 1174//348 1175//348
f 1175//193 1174//193 1176//193
f 1175//349 1176//349 1177//349
f 1177//350 1176//350 1178//350
f 1177//351 1178//351 1179//351
f 1179//191 1178//191 1180//191
f 1179//352 1180//352 1181//352
f 1181//353 1180//353 1182//353
f 1181//354 1182//354 1183//354
f 1183//355 1182//355 1184//355
f 1183//356 1184//356 1185//356
f 1185//227 1184//227 1186//227
f 1185//357 1186//357 1187//357
f 1187//358 1186//358 1188//358
f 1187//359 1188//359 1189//359
f 1189//185 1188//185 1190//185
f 1189//360 1190//360 1191//360
f 1191//361 1190//361 1192//361
f 1191//362 1192//362 1193//362
f 1193//183 1192//183 1194//183
f 1193//363 1194//363 1195//363
f 1195//364 1194//364 1196//364
f 1195//365 1196//365 1197//365
f 1197//366 1196//366 1198//366
f 1197//367 1198//367 1199//367
f 1199//180 1198//180 1200//180
f 1199//368 1200//368 1201//368
f 1201//369 1200//369 1202//369
f 1201//370 1202//370 1203//370
f 1203//178 1202//178 1204//178
f 1203//371 1204//371 1205//371
f 1205//372 1204//372 1206//372
f 1205//373 1206//373 1207//373
f 1207//374 1206//374 1208//374
f 1207//375 1208//375 1209//375
f 1209//233 1208//233 1210//233
f 1209//376 1210//376 1211//376
f 1211//377 1210//377 1212//377
f 1211//378 1212//378 1213//378
f 1213//173 1212//173 1214//173
f 1213//379 1214//379 1215//379
f 1215//380 1214//380 1216//380
f 1215//381 1216//381 1217//381
f 1217//171 1216//171 1218//171
f 1217//382 1218//382 1219//382
f 1219//383 1218//383 1220//383
f 1219//384 1220//384 1221//384
f 1221//385 1220//385 1222//385
f 1221//386 1222//386 1223//386
f 1223//168 1222//168 1224//168
f 1223//167 1224//167 1225//167
f 1225//167 1224//167 1226//167
f 1225//166 1226//166 1227//166
f 1227//166 1226//166 1228//166
f 1227//387 1228//387 1229//387
f 1229//388 1228//388 1230//388
f 1229//389 1230//389 1231//389
f 1231//390 1230//390 1232//390
f 1231//391 1232//391 1233//391
f 1233//163 1232//163 1234//163
f 1233//392 1234//392 1235//392
f 1235//393 1234//393 1236//393
f 1235//394 1236//394 1237//394
f 1237//161 1236//161 1238//161
f 1237//395 1238//395 1239//395
f 1239//396 1238//396 1240//396
f 1239//397 1240//397 1098//397
f 1098//159 1240//159 1241//159
f 1098//158 1241//158 1099//158
f 1242//398 1243//398 1244//398
f 1244//399 1243//399 1245//399
f 1244//400 1245//400 1246//400
f 1246//401 1245//401 1247//401
f 1246//402 1247//402 1248//402
f 1248//403 1247//403 1249//403
f 1248//404 1249//404 1250//404
f 1250//405 1249//405 1251//405
f 1250//406 1251//406 1252//406
f 1252//407 1251//407 1253//407
f 1252//408 1253//408 1254//408
f 1254//409 1253//409 1255//409
f 1254//410 1255//410 1256//410
f 1256//411 1255//411 1257//411
f 1256//412 1257//412 1258//412
f 1258//413 1257//413 1259//413
f 1258//414 1259//414 1260//414
f 1260//415 1259//415 1261//415
f 1260//416 1261//416 1262//416
f 1261//417 1263//417 1262//417
f 1262//418 1263//418 1264//418
f 1262//419 1264//419 1265//419
f 1265//420 1264//420 1266//420
f 1265//421 1266//421 1267//421
f 1267//422 1266//422 1268//422
f 1267//423 1268//423 1269//423
f 1269//424 1268//424 1270//424
f 1269//425 1270//425 1271//425
f 1271//426 1270//426 1272//426
f 1271//427 1272//427 1273//427
f 1273//428 1272//428 1274//428
f 1273//429 1274//429 1275//429
f 1275//430 1274//430 1276//430
f 1275//431 1276//431 1277//431
f 1277//432 1276//432 1278//432
f 1277//433 1278//433 1279//433
f 1279//434 1278//434 1280//434
f 1279//435 1280//435 1281//435
f 1281//436 1280//436 1282//436
f 1281//437 1282//437 1283//437
f 1283//438 1282//438 1284//438
f 1283//439 1284//439 1285//439
f 1284//440 1286//440 1285//440
f 1285//441 1286//441 1287//441
f 1285//442 1287//442 1288//442
f 1288//443 1287//443 1289//443
f 1288//444 1289//444 1290//444
f 1290//445 1289//445 1291//445
f 1290//446 1291//446 1292//446
f 1292//447 1291//447 1293//447
f 1292//448 1293//448 1294//448
f 1294//449 1293//449 1295//449
f 1294//450 1295//450 1296//450
f 1296//451 1295//451 1297//451
f 1296//452 1297//452 1298//452
f 1298//453 1297//453 1299//453
f 1298//454 1299//454 1300//454
f 1300//455 1299//455 1301//455
f 1300//456 1301//456 1302//456
f 1302//457 1301//457 1303//457
f 1302//458 1303//458 1304//458
f 1304//459 1303//459 1305//459
f 1304//460 1305//460 1306//460
f 1305//461 1307//461 1306//461
f 1306//462 1307//462 1308//462
f 1306//463 1308//463 1309//463
f 1309//464 1308//464 1310//464
f 1309//465 1310//465 1311//465
f 1311//466 1310//466 1312//466
f 1311//467 1312//467 1313//467
f 1313//468 1312//468 1314//468
f 1313//469 1314//469 1315//469
f 1315//470 1314//470 1316//470
f 1315//471 1316//471 1317//471
f 1317//472 1316//472 1318//472
f 1317//473 1318//473 1319//473
f 1319//474 1318//474 1320//474
f 1319//475 1320//475 1321//475
f 1321//476 1320//476 1322//476
f 1321//477 1322//477 1323//477
f 1323//478 1322//478 1324//478
f 1323//479 1324//479 1325//479
f 1324//480 1326//480 1325//480
f 1325//481 1326//481 1327//481
f 1325//482 1327//482 1328//482
f 1327//483 1329//483 1328//483
f 1328//484 1329//484 1330//484
f 1328//485 1330//485 1331//485
f 1331//486 1330//486 1332//486
f 1331//487 1332//487 1333//487
f 1333//488 1332//488 1334//488
f 1333//489 1334//489 1335//489
f 1335//490 1334//490 1336//490
f 1335//491 1336//491 1337//491
f 1337//492 1336//492 1338//492
f 1337//493 1338//493 1339//493
f 1339//494 1338//494 1340//494
f 1339//495 1340//495 1341//495
f 1341//496 1340//496 1342//496
f 1341//497 1342//497 1343//497
f 1343//498 1342//498 1344//498
f 1343//499 1344//499 1345//499
f 1345//500 1344//500 1346//500
f 1345//501 1346//501 1347//501
f 1347//502 1346//502 1348//502
f 1347//503 1348//503 1349//503
f 1348//504 1350//504 1349//504
f 1349//505 1350//505 1351//505
f 1349//506 1351//506 1352//506
f 1352//507 1351//507 1353//507
f 1352//508 1353//508 1354//508
f 1354//509 1353//509 1355//509
f 1354//510 1355//510 1356//510
f 1356//511 1355//511 1357//511
f 1356//512 1357//512 1358//512
f 1358//513 1357//513 1359//513
f 1358//514 1359//514 1360//514
f 1360//515 1359//515 1361//515
f 1360//516 1361//516 1362//516
f 1362//517 1361//517 1363//517
f 1362//518 1363//518 1364//518
f 1364//519 1363//519 1365//519
f 1364//520 1365//520 1366//520
f 1366//521 1365//521 1367//521
f 1366//522 1367//522 1368//522
f 1368//523 1367//523 1369//523
f 1368//524 1369//524 1370//524
f 1369//525 1371//525 1370//525
f 1370//526 1371//526 1372//526
f 1370//527 1372//527 1373//527
f 1373//528 1372//528 1374//528
f 1373//529 1374//529 1375//529
f 1375//530 1374//530 1376//530
f 1375//531 1376//531 1377//531
f 1377//532 1376//532 1378//532
f 1377//533 1378//533 1379//533
f 1379//534 1378//534 1380//534
f 1379//535 1380//535 1381//535
f 1381//536 1380//536 1382//536
f 1381//537 1382//537 1383//537
f 1383//538 1382//538 1384//538
f 1383//539 1384//539 1385//539
f 1385//540 1384//540 1386//540
f 1385//541 1386//541 1387//541
f 1387//542 1386//542 1388//542
f 1387//543 1388//543 1389//543
f 1389//544 1388//544 1390//544
f 1389//545 1390//545 1391//545
f 1390//546 1392//546 1391//546
f 1391//547 1392//547 1393//547
f 1391//548 1393//548 1394//548
f 1394//549 1393//549 1395//549
f 1394//550 1395//550 1396//550
f 1396//551 1395//551 1397//551
f 1396//552 1397//552 1398//552
f 1398//553 1397//553 1399//553
f 1398//554 1399//554 1400//554
f 1400//555 1399//555 1401//555
f 1400//556 1401//556 1402//556
f 1402//557 1401//557 1403//557
f 1402//558 1403//558 1404//558
f 1404//559 1403//559 1405//559
f 1404//560 1405//560 1406//560
f 1406//561 1405//561 1407//561
f 1406//562 1407//562 1408//562
f 1408//563 1407//563 1409//563
f 1408//564 1409//564 1410//564
f 1410//565 1409//565 1411//565
f 1410//566 1411//566 1412//566
f 1411//567 1413//567 1412//567
f 1412//568 1413//568 1414//568
f 1412//569 1414//569 1415//569
f 1415//570 1414//570 1416//570
f 1415//571 1416//571 1417//571
f 1417//572 1416//572 1418//572
f 1417//573 1418//573 1419//573
f 1419//574 1418//574 1420//574
f 1419//575 1420//575 1421//575
f 1421//576 1420//576 1422//576
f 1421//577 1422//577 1423//577
f 1423//578 1422//578 1424//578
f 1423//579 1424//579 1425//579
f 1425//580 1424//580 1426//580
f 1425//581 1426//581 1427//581
f 1427//582 1426//582 1428//582
f 1427//583 1428//583 1429//583
f 1429//584 1428//584 1430//584
f 1429//585 1430//585 1242//585
f 1242//586 1430//586 1431//586
f 1242//587 1431//587 1243//587
f 1432//588 1433//588 1434//588
f 1435//589 1436//589 1437//589
f 1437//590 1436//590 1438//590
f 1437//591 1438//591 1439//591
f 1439//592 1438//592 1440//592
f 1441//593 1442//593 1443//593
f 1443//594 1442//594 1444//594
f 1443//595 1444//595 1445//595
f 1445//596 1444//596 1446//596
f 1445//597 1446//597 1447//597
f 1447//598 1446//598 1448//598
f 1447//599 1448//599 1449//599
f 1449//600 1448//600 1435//600
f 1449//601 1435//601 1450//601
f 1450//602 1435//602 1437//602
f 1443//603 1451//603 1441//603
f 1441//604 1451//604 1452//604
f 1441//605 1452//605 1453//605
f 1453//606 1452//606 1454//606
f 1453//607 1454//607 1455//607
f 1455//608 1454//608 1456//608
f 1455//609 1456//609 1457//609
f 1457//610 1456//610 1458//610
f 1457//611 1458//611 1459//611
f 1459//612 1458//612 1460//612
f 1460//613 1458//613 1461//613
f 1460//614 1461//614 1462//614
f 1462//615 1461//615 1463//615
f 1462//616 1463//616 1464//616
f 1434//617 1433//617 1465//617
f 1463//618 1466//618 1464//618
f 1464//619 1466//619 1467//619
f 1464//620 1467//620 1468//620
f 1468//621 1467//621 1469//621
f 1468//622 1469//622 1470//622
f 1470//623 1469//623 1465//623
f 1470//624 1465//624 1471//624
f 1471//625 1465//625 1433//625
f 1434//626 1472//626 1432//626
f 1432//627 1472//627 1473//627
f 1432//628 1473//628 1474//628
f 1474//629 1473//629 1475//629
f 1474//630 1475//630 1476//630
f 1476//631 1475//631 1477//631
f 1476//632 1477//632 1478//632
f 1478//633 1477//633 1479//633
f 1478//634 1479//634 1480//634
f 1481//635 1482//635 1483//635
f 1483//636 1482//636 1484//636
f 1483//637 1484//637 1485//637
f 1480//638 1479//638 1486//638
f 1486//639 1479//639 1487//639
f 1486//640 1487//640 1488//640
f 1488//641 1487//641 1489//641
f 1488//642 1489//642 1481//642
f 1481//643 1489//643 1490//643
f 1481//644 1490//644 1482//644
f 1485//645 1484//645 1491//645
f 1491//646 1484//646 1492//646
f 1491//647 1492//647 1493//647
f 1493//648 1492//648 1494//648
f 1493//649 1494//649 1495//649
f 1494//650 1496//650 1495//650
f 1495//651 1496//651 1497//651
f 1495//652 1497//652 1498//652
f 1498//653 1497//653 1499//653
f 1498//654 1499//654 1500//654
f 1500//655 1499//655 1501//655
f 1500//656 1501//656 1502//656
f 1502//657 1501//657 1503//657
f 1503//658 1501//658 1504//658
f 1503//659 1504//659 1505//659
f 1505//660 1504//660 1506//660
f 1505//661 1506//661 1507//661
f 1507//662 1506//662 1508//662
f 1507//663 1508//663 1509//663
f 1509//664 1508//664 1510//664
f 1509//665 1510//665 1511//665
f 1511//666 1510//666 1512//666
f 1511//667 1512//667 1513//667
f 1513//668 1512//668 1514//668
f 1513//669 1514//669 1515//669
f 1515//670 1514//670 1516//670
f 1515//671 1516//671 1517//671
f 1517//672 1516//672 1518//672
f 1517//673 1518//673 1519//673
f 1519//674 1518//674 1520//674
f 1519//675 1520//675 1521//675
f 1521//676 1520//676 1522//676
f 1521//677 1522//677 1523//677
f 1523//678 1522//678 1524//678
f 1523//679 1524//679 1525//679
f 1525//680 1524//680 1526//680
f 1525//681 1526//681 1527//681
f 1527//682 1526//682 1528//682
f 1527//683 1528//683 1529//683
f 1529//684 1528//684 1530//684
f 1529//685 1530//685 1531//685
f 1531//686 1530//686 1532//686
f 1531//687 1532//687 1533//687
f 1533//688 1532//688 1534//688
f 1533//689 1534//689 1535//689
f 1535//690 1534//690 1536//690
f 1535//691 1536//691 1537//691
f 1537//692 1536//692 1538//692
f 1537//693 1538//693 1539//693
f 1539//694 1538//694 1540//694
f 1539//695 1540//695 1541//695
f 1541//696 1540//696 1542//696
f 1541//697 1542//697 1543//697
f 1543//698 1542//698 1544//698
f 1543//699 1544//699 1545//699
f 1545//700 1544//700 1546//700
f 1545//701 1546//701 1547//701
f 1547//702 1546//702 1548//702
f 1547//703 1548//703 1549//703
f 1549//704 1548//704 1550//704
f 1549//705 1550//705 1551//705
f 1551//706 1550//706 1552//706
f 1551//707 1552//707 1553//707
f 1553//708 1552//708 1554//708
f 1553//709 1554//709 1555//709
f 1555//710 1554//710 1556//710
f 1555//711 1556//711 1557//711
f 1557//712 1556//712 1558//712
f 1557//713 1558//713 1559//713
f 1559//714 1558//714 1560//714
f 1559//715 1560//715 1561//715
f 1561//716 1560//716 1562//716
f 1561//717 1562//717 1563//717
f 1563//718 1562//718 1564//718
f 1563//719 1564//719 1565//719
f 1565//720 1564//720 1566//720
f 1565//721 1566//721 1567//721
f 1567//722 1566//722 1568//722
f 1567//723 1568//723 1569//723
f 1569//724 1568//724 1570//724
f 1569//725 1570//725 1571//725
f 1571//726 1570//726 1572//726
f 1571//727 1572//727 1573//727
f 1573//728 1572//728 1574//728
f 1573//144 1574//144 1575//144
f 1575//729 1574//729 1576//729
f 1575//730 1576//730 1577//730
f 1577//731 1576//731 1578//731
f 1577//732 1578//732 1579//732
f 1579//733 1578//733 1580//733
f 1579//734 1580//734 1581//734
f 1581//735 1580//735 1582//735
f 1581//736 1582//736 1583//736
f 1583//737 1582//737 1584//737
f 1583//738 1584//738 1585//738
f 1585//739 1584//739 1586//739
f 1585//740 1586//740 1587//740
f 1587//741 1586//741 1588//741
f 1587//742 1588//742 1589//742
f 1589//743 1588//743 1590//743
f 1589//744 1590//744 1591//744
f 1591//745 1590//745 1592//745
f 1591//746 1592//746 1593//746
f 1593//747 1592//747 1594//747
f 1593//748 1594//748 1595//748
f 1595//749 1594//749 1596//749
f 1595//750 1596//750 1597//750
f 1597//751 1596//751 1598//751
f 1597//752 1598//752 1599//752
f 1599//753 1598//753 1600//753
f 1599//754 1600//754 1601//754
f 1601//755 1600//755 1602//755
f 1601//756 1602//756 1603//756
f 1603//757 1602//757 1604//757
f 1603//758 1604//758 1605//758
f 1605//759 1604//759 1606//759
f 1605//760 1606//760 1607//760
f 1607//761 1606//761 1608//761
f 1607//762 1608//762 1609//762
f 1609//763 1608//763 1610//763
f 1609//764 1610//764 1440//764
f 1440//765 1610//765 1611//765
f 1440//766 1611//766 1439//766
f 1612//767 1613//767 1614//767
f 1614//767 1613//767 1615//767
f 1614//767 1615//767 1616//767
f 1617//767 1618//767 1619//767
f 1619//767 1618//767 1620//767
f 1619//767 1620//767 1612//767
f 1612//767 1620//767 1621//767
f 1612//767 1621//767 1613//767
f 1622//767 1623//767 1624//767
f 1624//767 1623//767 1625//767
f 1624//767 1625//767 1626//767
f 1627//767 1628//767 1629//767
f 1629//767 1628//767 1630//767
f 1629//767 1630//767 1631//767
f 1625//767 1632//767 1626//767
f 1626//767 1632//767 1633//767
f 1626//767 1633//767 1634//767
f 1634//767 1633//767 1635//767
f 1634//767 1635//767 1617//767
f 1617//767 1635//767 1636//767
f 1617//767 1636//767 1618//767
f 1637//767 1638//767 1639//767
f 1639//767 1638//767 1640//767
f 1639//767 1640//767 1627//767
f 1627//767 1640//767 1641//767
f 1627//767 1641//767 1628//767
f 1642//767 1643//767 1644//767
f 1644//767 1643//767 1645//767
f 1644//767 1645//767 1637//767
f 1637//767 1645//767 1646//767
f 1637//767 1646//767 1638//767
f 1647//767 1648//767 1649//767
f 1649//767 1648//767 1650//767
f 1649//767 1650//767 1642//767
f 1642//767 1650//767 1651//767
f 1642//767 1651//767 1643//767
f 1630//767 1652//767 1631//767
f 1631//767 1652//767 1653//767
f 1631//767 1653//767 1654//767
f 1654//767 1653//767 1655//767
f 1654//767 1655//767 1656//767
f 1656//767 1655//767 1657//767
f 1656//767 1657//767 1622//767
f 1622//767 1657//767 1658//767
f 1622//767 1658//767 1623//767
f 1659//767 1660//767 1661//767
f 1661//767 1660//767 1662//767
f 1661//767 1662//767 1663//767
f 1662//767 1664//767 1663//767
f 1663//767 1664//767 1665//767
f 1663//767 1665//767 1666//767
f 1666//767 1665//767 1667//767
f 1666//767 1667//767 1647//767
f 1647//767 1667//767 1668//767
f 1647//767 1668//767 1648//767
f 1669//767 1670//767 1671//767
f 1671//767 1670//767 1672//767
f 1671//767 1672//767 1673//767
f 1672//767 1674//767 1673//767
f 1673//767 1674//767 1675//767
f 1673//767 1675//767 1676//767
f 1676//767 1675//767 1677//767
f 1676//767 1677//767 1659//767
f 1659//767 1677//767 1678//767
f 1659//767 1678//767 1660//767
f 1679//767 1680//767 1681//767
f 1681//767 1680//767 1682//767
f 1681//767 1682//767 1683//767
f 1683//767 1682//767 1684//767
f 1683//767 1684//767 1669//767
f 1669//767 1684//767 1685//767
f 1669//767 1685//767 1670//767
f 1686//767 1687//767 1688//767
f 1688//767 1687//767 1689//767
f 1688//767 1689//767 1690//767
f 1689//767 1691//767 1690//767
f 1690//767 1691//767 1692//767
f 1690//767 1692//767 1693//767
f 1693//767 1692//767 1694//767
f 1693//767 1694//767 1679//767
f 1679//767 1694//767 1695//767
f 1679//767 1695//767 1680//767
f 1615//767 1696//767 1616//767
f 1616//767 1696//767 1697//767
f 1616//767 1697//767 1698//767
f 1698//767 1697//767 1699//767
f 1698//767 1699//767 1686//767
f 1686//767 1699//767 1700//767
f 1686//767 1700//767 1687//767
f 1701//768 1612//768 1614//768
f 1702//769 1619//769 1703//769
f 1703//770 1619//770 1612//770
f 1703//771 1612//771 1704//771
f 1704//772 1612//772 1701//772
f 1702//773 1705//773 1619//773
f 1619//774 1705//774 1706//774
f 1619//775 1706//775 1617//775
f 1617//776 1706//776 1707//776
f 1617//777 1707//777 1634//777
f 1634//778 1707//778 1708//778
f 1634//779 1708//779 1709//779
f 1709//780 1710//780 1634//780
f 1634//781 1710//781 1711//781
f 1634//782 1711//782 1626//782
f 1711//783 1712//783 1626//783
f 1626//784 1712//784 1713//784
f 1626//785 1713//785 1624//785
f 1714//786 1622//786 1715//786
f 1715//787 1622//787 1624//787
f 1715//788 1624//788 1716//788
f 1716//789 1624//789 1713//789
f 1714//790 1717//790 1622//790
f 1622//791 1717//791 1718//791
f 1622//792 1718//792 1656//792
f 1719//793 1654//793 1720//793
f 1720//794 1654//794 1656//794
f 1720//795 1656//795 1721//795
f 1721//796 1656//796 1718//796
f 1719//797 1722//797 1654//797
f 1654//798 1722//798 1723//798
f 1654//799 1723//799 1631//799
f 1723//800 1724//800 1631//800
f 1631//801 1724//801 1725//801
f 1631//802 1725//802 1629//802
f 1725//803 1726//803 1629//803
f 1629//804 1726//804 1727//804
f 1629//805 1727//805 1627//805
f 1727//806 1728//806 1627//806
f 1627//807 1728//807 1729//807
f 1627//808 1729//808 1639//808
f 1730//809 1637//809 1731//809
f 1731//810 1637//810 1639//810
f 1731//811 1639//811 1732//811
f 1732//812 1639//812 1729//812
f 1730//813 1733//813 1637//813
f 1637//814 1733//814 1734//814
f 1637//815 1734//815 1644//815
f 1644//816 1734//816 1735//816
f 1644//817 1735//817 1642//817
f 1642//818 1735//818 1736//818
f 1642//819 1736//819 1737//819
f 1737//820 1738//820 1642//820
f 1642//821 1738//821 1739//821
f 1642//822 1739//822 1649//822
f 1739//823 1740//823 1649//823
f 1649//824 1740//824 1741//824
f 1649//825 1741//825 1647//825
f 1742//826 1666//826 1743//826
f 1743//827 1666//827 1647//827
f 1743//828 1647//828 1744//828
f 1744//829 1647//829 1741//829
f 1742//830 1745//830 1666//830
f 1666//831 1745//831 1746//831
f 1666//832 1746//832 1663//832
f 1747//833 1661//833 1748//833
f 1748//834 1661//834 1663//834
f 1748//835 1663//835 1749//835
f 1749//836 1663//836 1746//836
f 1747//837 1750//837 1661//837
f 1661//838 1750//838 1751//838
f 1661//839 1751//839 1659//839
f 1751//840 1752//840 1659//840
f 1659//841 1752//841 1753//841
f 1659//842 1753//842 1676//842
f 1753//843 1754//843 1676//843
f 1676//844 1754//844 1755//844
f 1676//845 1755//845 1673//845
f 1755//846 1756//846 1673//846
f 1673//847 1756//847 1757//847
f 1673//848 1757//848 1671//848
f 1758//849 1669//849 1759//849
f 1759//850 1669//850 1671//850
f 1759//851 1671//851 1760//851
f 1760//852 1671//852 1757//852
f 1758//853 1761//853 1669//853
f 1669//854 1761//854 1762//854
f 1669//855 1762//855 1683//855
f 1683//856 1762//856 1763//856
f 1683//857 1763//857 1681//857
f 1681//858 1763//858 1764//858
f 1681//859 1764//859 1765//859
f 1765//860 1766//860 1681//860
f 1681//861 1766//861 1767//861
f 1681//862 1767//862 1679//862
f 1767//863 1768//863 1679//863
f 1679//864 1768//864 1769//864
f 1679//865 1769//865 1693//865
f 1770//866 1690//866 1771//866
f 1771//867 1690//867 1693//867
f 1771//868 1693//868 1772//868
f 1772//869 1693//869 1769//869
f 1770//870 1773//870 1690//870
f 1690//871 1773//871 1774//871
f 1690//872 1774//872 1688//872
f 1775//873 1686//873 1776//873
f 1776//874 1686//874 1688//874
f 1776//875 1688//875 1777//875
f 1777//876 1688//876 1774//876
f 1775//877 1778//877 1686//877
f 1686//878 1778//878 1779//878
f 1686//879 1779//879 1698//879
f 1779//880 1780//880 1698//880
f 1698//881 1780//881 1781//881
f 1698//882 1781//882 1616//882
f 1781//883 1782//883 1616//883
f 1616//884 1782//884 1783//884
f 1616//885 1783//885 1614//885
f 1614//886 1783//886 1784//886
f 1614//887 1784//887 1701//887
f 1785//767 1786//767 1787//767
f 1787//767 1786//767 1788//767
f 1787//767 1788//767 1789//767
f 1789//767 1788//767 1790//767
f 1789//767 1790//767 1791//767
f 1791//767 1790//767 1792//767
f 1791//767 1792//767 1793//767
f 1793//767 1792//767 1794//767
f 1793//767 1794//767 1795//767
f 1795//767 1794//767 1796//767
f 1795//767 1796//767 1797//767
f 1797//767 1796//767 1798//767
f 1797//767 1798//767 1799//767
f 1799//767 1798//767 1800//767
f 1799//767 1800//767 1801//767
f 1801//767 1800//767 1802//767
f 1801//767 1802//767 1803//767
f 1802//767 1804//767 1803//767
f 1803//767 1804//767 1805//767
f 1803//767 1805//767 1806//767
f 1806//767 1805//767 1807//767
f 1806//767 1807//767 1808//767
f 1808//767 1807//767 1809//767
f 1808//767 1809//767 1810//767
f 1810//767 1809//767 1811//767
f 1810//767 1811//767 1812//767
f 1812//767 1811//767 1813//767
f 1812//767 1813//767 1814//767
f 1814//767 1813//767 1815//767
f 1814//767 1815//767 1816//767
f 1816//767 1815//767 1817//767
f 1816//767 1817//767 1818//767
f 1818//767 1817//767 1819//767
f 1818//767 1819//767 1820//767
f 1820//767 1819//767 1821//767
f 1820//767 1821//767 1822//767
f 1823//767 1824//767 1825//767
f 1825//767 1824//767 1826//767
f 1825//767 1826//767 1827//767
f 1827//767 1826//767 1828//767
f 1827//767 1828//767 1829//767
f 1829//767 1828//767 1830//767
f 1829//767 1830//767 1831//767
f 1831//767 1830//767 1832//767
f 1831//767 1832//767 1833//767
f 1833//767 1832//767 1834//767
f 1833//767 1834//767 1835//767
f 1835//767 1834//767 1836//767
f 1835//767 1836//767 1837//767
f 1837//767 1836//767 1838//767
f 1837//767 1838//767 1839//767
f 1839//767 1838//767 1840//767
f 1839//767 1840//767 1785//767
f 1785//767 1840//767 1841//767
f 1785//767 1841//767 1786//767
f 1821//767 1842//767 1822//767
f 1822//767 1842//767 1843//767
f 1822//767 1843//767 1844//767
f 1844//767 1843//767 1845//767
f 1844//767 1845//767 1846//767
f 1846//767 1845//767 1847//767
f 1846//767 1847//767 1848//767
f 1848//767 1847//767 1849//767
f 1848//767 1849//767 1850//767
f 1850//767 1849//767 1851//767
f 1850//767 1851//767 1852//767
f 1852//767 1851//767 1853//767
f 1852//767 1853//767 1854//767
f 1854//767 1853//767 1855//767
f 1854//767 1855//767 1856//767
f 1856//767 1855//767 1857//767
f 1856//767 1857//767 1858//767
f 1858//767 1857//767 1859//767
f 1858//767 1859//767 1860//767
f 1859//767 1861//767 1860//767
f 1860//767 1861//767 1862//767
f 1860//767 1862//767 1863//767
f 1863//767 1862//767 1864//767
f 1863//767 1864//767 1865//767
f 1865//767 1864//767 1866//767
f 1865//767 1866//767 1867//767
f 1867//767 1866//767 1868//767
f 1867//767 1868//767 1869//767
f 1869//767 1868//767 1870//767
f 1869//767 1870//767 1871//767
f 1871//767 1870//767 1872//767
f 1871//767 1872//767 1873//767
f 1873//767 1872//767 1874//767
f 1873//767 1874//767 1875//767
f 1875//767 1874//767 1876//767
f 1875//767 1876//767 1877//767
f 1877//767 1876//767 1878//767
f 1877//767 1878//767 1879//767
f 1879//767 1878//767 1880//767
f 1879//767 1880//767 1823//767
f 1823//767 1880//767 1881//767
f 1823//767 1881//767 1824//767
f 1882//888 1883//888 1884//888
f 1884//889 1883//889 1885//889
f 1884//890 1885//890 1886//890
f 1886//891 1885//891 1887//891
f 1886//892 1887//892 1888//892
f 1888//893 1887//893 1889//893
f 1888//894 1889//894 1890//894
f 1890//895 1889//895 1891//895
f 1890//896 1891//896 1892//896
f 1892//897 1891//897 1893//897
f 1892//898 1893//898 1894//898
f 1894//899 1893//899 1895//899
f 1894//900 1895//900 1896//900
f 1896//901 1895//901 1897//901
f 1896//902 1897//902 1898//902
f 1899//903 1900//903 1901//903
f 1901//904 1900//904 1902//904
f 1901//905 1902//905 1903//905
f 1903//906 1902//906 1904//906
f 1903//907 1904//907 1905//907
f 1905//908 1904//908 1906//908
f 1905//909 1906//909 1907//909
f 1907//910 1906//910 1908//910
f 1907//911 1908//911 1909//911
f 1909//912 1908//912 1910//912
f 1909//913 1910//913 1911//913
f 1911//914 1910//914 1912//914
f 1911//139 1912//139 1913//139
f 1913//915 1912//915 1914//915
f 1913//916 1914//916 1882//916
f 1882//917 1914//917 1915//917
f 1882//918 1915//918 1883//918
f 1916//919 1917//919 1918//919
f 1916//920 1918//920 1919//920
f 1919//921 1918//921 1920//921
f 1919//922 1920//922 1921//922
f 1921//923 1920//923 1922//923
f 1921//924 1922//924 1923//924
f 1923//925 1922//925 1924//925
f 1923//926 1924//926 1925//926
f 1925//927 1924//927 1926//927
f 1925//928 1926//928 1927//928
f 1927//929 1926//929 1928//929
f 1927//930 1928//930 1929//930
f 1929//931 1928//931 1930//931
f 1929//932 1930//932 1931//932
f 1931//933 1930//933 1932//933
f 1931//934 1932//934 1899//934
f 1899//935 1932//935 1933//935
f 1899//936 1933//936 1900//936
f 1917//937 1916//937 1934//937
f 1934//938 1916//938 1935//938
f 1934//939 1935//939 1936//939
f 1936//940 1935//940 1937//940
f 1936//941 1937//941 1938//941
f 1938//942 1937//942 1939//942
f 1938//943 1939//943 1940//943
f 1941//944 1942//944 1943//944
f 1943//945 1942//945 1940//945
f 1943//167 1940//167 1944//167
f 1944//166 1940//166 1939//166
f 1945//946 1946//946 1947//946
f 1947//947 1946//947 1948//947
f 1947//948 1948//948 1949//948
f 1949//949 1948//949 1950//949
f 1949//950 1950//950 1951//950
f 1951//951 1950//951 1952//951
f 1951//952 1952//952 1953//952
f 1953//953 1952//953 1954//953
f 1953//954 1954//954 1955//954
f 1955//955 1954//955 1956//955
f 1955//956 1956//956 1941//956
f 1941//957 1956//957 1957//957
f 1941//958 1957//958 1942//958
f 1958//959 1959//959 1960//959
f 1960//960 1959//960 1961//960
f 1960//961 1961//961 1962//961
f 1962//962 1961//962 1963//962
f 1962//963 1963//963 1964//963
f 1964//964 1963//964 1965//964
f 1964//965 1965//965 1966//965
f 1966//966 1965//966 1967//966
f 1966//967 1967//967 1968//967
f 1968//968 1967//968 1969//968
f 1968//969 1969//969 1970//969
f 1970//970 1969//970 1971//970
f 1970//971 1971//971 1972//971
f 1972//972 1971//972 1973//972
f 1972//973 1973//973 1945//973
f 1945//974 1973//974 1974//974
f 1945//975 1974//975 1946//975
f 1975//976 1976//976 1977//976
f 1977//977 1976//977 1978//977
f 1977//978 1978//978 1979//978
f 1979//979 1978//979 1980//979
f 1979//980 1980//980 1981//980
f 1981//981 1980//981 1982//981
f 1981//982 1982//982 1983//982
f 1983//983 1982//983 1984//983
f 1983//984 1984//984 1985//984
f 1985//985 1984//985 1986//985
f 1985//986 1986//986 1958//986
f 1958//987 1986//987 1987//987
f 1958//988 1987//988 1959//988
f 1988//989 1989//989 1990//989
f 1990//990 1989//990 1991//990
f 1990//991 1991//991 1992//991
f 1992//992 1991//992 1993//992
f 1992//993 1993//993 1994//993
f 1994//994 1993//994 1995//994
f 1994//995 1995//995 1996//995
f 1996//996 1995//996 1997//996
f 1996//997 1997//997 1998//997
f 1998//998 1997//998 1999//998
f 1998//999 1999//999 2000//999
f 2000//1000 1999//1000 2001//1000
f 2000//1001 2001//1001 1975//1001
f 1975//1002 2001//1002 2002//1002
f 1975//1003 2002//1003 1976//1003
f 1897//1004 2003//1004 1898//1004
f 1898//1005 2003//1005 2004//1005
f 1898//1006 2004//1006 2005//1006
f 2005//1007 2004//1007 2006//1007
f 2005//1008 2006//1008 2007//1008
f 2007//1009 2006//1009 2008//1009
f 2007//1010 2008//1010 2009//1010
f 2009//1011 2008//1011 2010//1011
f 2009//1012 2010//1012 2011//1012
f 2011//1013 2010//1013 2012//1013
f 2011//1014 2012//1014 2013//1014
f 2013//1015 2012//1015 2014//1015
f 2013//1016 2014//1016 2015//1016
f 2015//1017 2014//1017 2016//1017
f 2015//1018 2016//1018 2017//1018
f 2017//1019 2016//1019 2018//1019
f 2017//1020 2018//1020 2019//1020
f 2019//1021 2018//1021 2020//1021
f 2019//1022 2020//1022 2021//1022
f 2021//1023 2020//1023 2022//1023
f 2021//1024 2022//1024 2023//1024
f 2023//1025 2022//1025 2024//1025
f 2023//1026 2024//1026 2025//1026
f 2025//1027 2024//1027 2026//1027
f 2025//1028 2026//1028 2027//1028
f 2027//1029 2026//1029 2028//1029
f 2027//1030 2028//1030 2029//1030
f 2029//1031 2028//1031 2030//1031
f 2029//1032 2030//1032 2031//1032
f 2031//1033 2030//1033 2032//1033
f 2031//1034 2032//1034 1988//1034
f 1988//1035 2032//1035 2033//1035
f 1988//1036 2033//1036 1989//1036
f 2034//767 2035//767 2036//767
f 2036//767 2035//767 2037//767
f 2036//767 2037//767 2038//767
f 2038//767 2037//767 2039//767
f 2038//767 2039//767 2040//767
f 2040//767 2039//767 2041//767
f 2040//767 2041//767 2042//767
f 2043//767 2044//767 2045//767
f 2045//767 2044//767 2046//767
f 2045//767 2046//767 2047//767
f 2047//767 2046//767 2048//767
f 2047//767 2048//767 2049//767
f 2049//767 2048//767 2050//767
f 2049//767 2050//767 2034//767
f 2034//767 2050//767 2051//767
f 2034//767 2051//767 2035//767
f 2052//767 2053//767 2054//767
f 2054//767 2053//767 2055//767
f 2054//767 2055//767 2056//767
f 2056//767 2055//767 2057//767
f 2056//767 2057//767 2058//767
f 2058//767 2057//767 2059//767
f 2058//767 2059//767 2043//767
f 2043//767 2059//767 2060//767
f 2043//767 2060//767 2044//767
f 2061//767 2062//767 2063//767
f 2063//767 2062//767 2064//767
f 2063//767 2064//767 2065//767
f 2065//767 2064//767 2066//767
f 2065//767 2066//767 2067//767
f 2067//767 2066//767 2068//767
f 2067//767 2068//767 2052//767
f 2052//767 2068//767 2069//767
f 2052//767 2069//767 2053//767
f 2041//767 2070//767 2042//767
f 2042//767 2070//767 2071//767
f 2042//767 2071//767 2072//767
f 2072//767 2071//767 2073//767
f 2072//767 2073//767 2074//767
f 2074//767 2073//767 2075//767
f 2074//767 2075//767 2076//767
f 2076//767 2075//767 2077//767
f 2076//767 2077//767 2078//767
f 2079//767 2080//767 2081//767
f 2081//767 2080//767 2082//767
f 2081//767 2082//767 2083//767
f 2083//767 2082//767 2084//767
f 2083//767 2084//767 2085//767
f 2085//767 2084//767 2086//767
f 2085//767 2086//767 2061//767
f 2061//767 2086//767 2087//767
f 2061//767 2087//767 2062//767
f 2088//767 2089//767 2090//767
f 2090//767 2089//767 2091//767
f 2090//767 2091//767 2092//767
f 2092//767 2091//767 2093//767
f 2092//767 2093//767 2094//767
f 2094//767 2093//767 2095//767
f 2094//767 2095//767 2096//767
f 2077//767 2097//767 2078//767
f 2078//767 2097//767 2098//767
f 2078//767 2098//767 2099//767
f 2099//767 2098//767 2100//767
f 2099//767 2100//767 2101//767
f 2101//767 2100//767 2102//767
f 2101//767 2102//767 2103//767
f 2103//767 2102//767 2104//767
f 2103//767 2104//767 2088//767
f 2088//767 2104//767 2105//767
f 2088//767 2105//767 2089//767
f 2095//767 2106//767 2096//767
f 2096//767 2106//767 2107//767
f 2096//767 2107//767 2108//767
f 2108//767 2107//767 2109//767
f 2108//767 2109//767 2110//767
f 2110//767 2109//767 2111//767
f 2110//767 2111//767 2112//767
f 2112//767 2111//767 2113//767
f 2112//767 2113//767 2079//767
f 2079//767 2113//767 2114//767
f 2079//767 2114//767 2080//767
f 2115//1037 2074//1037 2116//1037
f 2116//1037 2074//1037 2076//1037
f 2116//1038 2076//1038 2117//1038
f 2117//1038 2076//1038 2078//1038
f 2117//817 2078//817 2118//817
f 2118//817 2078//817 2099//817
f 2118//1039 2099//1039 2119//1039
f 2119//1040 2099//1040 2101//1040
f 2119//1041 2101//1041 2120//1041
f 2120//1041 2101//1041 2103//1041
f 2120//1042 2103//1042 2121//1042
f 2121//1043 2103//1043 2088//1043
f 2121//1044 2088//1044 2122//1044
f 2122//1044 2088//1044 2090//1044
f 2122//1045 2090//1045 2123//1045
f 2123//1045 2090//1045 2092//1045
f 2123//1046 2092//1046 2124//1046
f 2124//1046 2092//1046 2094//1046
f 2124//1047 2094//1047 2125//1047
f 2125//1047 2094//1047 2096//1047
f 2125//1048 2096//1048 2126//1048
f 2126//1048 2096//1048 2108//1048
f 2126//1049 2108//1049 2127//1049
f 2127//1049 2108//1049 2110//1049
f 2127//1050 2110//1050 2128//1050
f 2128//1051 2110//1051 2112//1051
f 2128//1052 2112//1052 2129//1052
f 2129//1052 2112//1052 2079//1052
f 2129//1053 2079//1053 2130//1053
f 2130//1053 2079//1053 2081//1053
f 2130//1054 2081//1054 2131//1054
f 2131//1054 2081//1054 2083//1054
f 2131//1055 2083//1055 2132//1055
f 2132//1055 2083//1055 2085//1055
f 2132//1056 2085//1056 2133//1056
f 2133//1056 2085//1056 2061//1056
f 2133//1057 2061//1057 2134//1057
f 2134//1057 2061//1057 2063//1057
f 2134//1058 2063//1058 2135//1058
f 2135//1058 2063//1058 2065//1058
f 2135//1059 2065//1059 2136//1059
f 2136//1059 2065//1059 2067//1059
f 2136//1060 2067//1060 2137//1060
f 2137//1060 2067//1060 2052//1060
f 2137//1061 2052//1061 2138//1061
f 2138//1061 2052//1061 2054//1061
f 2138//1062 2054//1062 2139//1062
f 2139//1063 2054//1063 2056//1063
f 2139//1064 2056//1064 2140//1064
f 2140//1064 2056//1064 2058//1064
f 2140//1065 2058//1065 2141//1065
f 2141//1065 2058//1065 2043//1065
f 2141//857 2043//857 2142//857
f 2142//857 2043//857 2045//857
f 2142//1066 2045//1066 2143//1066
f 2143//1066 2045//1066 2047//1066
f 2143//1067 2047//1067 2144//1067
f 2144//1067 2047//1067 2049//1067
f 2144//1068 2049//1068 2145//1068
f 2145//1068 2049//1068 2034//1068
f 2145//1069 2034//1069 2146//1069
f 2146//1070 2034//1070 2036//1070
f 2146//1071 2036//1071 2147//1071
f 2147//1071 2036//1071 2038//1071
f 2147//1072 2038//1072 2148//1072
f 2148//1073 2038//1073 2040//1073
f 2148//1074 2040//1074 2149//1074
f 2149//1074 2040//1074 2042//1074
f 2149//1075 2042//1075 2150//1075
f 2150//1075 2042//1075 2072//1075
f 2150//1076 2072//1076 2115//1076
f 2115//1076 2072//1076 2074//1076
f 2151//767 2152//767 2153//767
f 2154//767 2155//767 2153//767
f 2153//767 2155//767 2156//767
f 2153//767 2156//767 2151//767
f 2157//767 2158//767 2153//767
f 2153//767 2158//767 2159//767
f 2153//767 2159//767 2154//767
f 2160//767 2161//767 2153//767
f 2153//767 2161//767 2162//767
f 2153//767 2162//767 2157//767
f 2163//767 2164//767 2153//767
f 2153//767 2164//767 2165//767
f 2153//767 2165//767 2160//767
f 2166//767 2167//767 2153//767
f 2153//767 2167//767 2168//767
f 2153//767 2168//767 2163//767
f 2169//767 2170//767 2153//767
f 2153//767 2170//767 2171//767
f 2153//767 2171//767 2166//767
f 2172//767 2173//767 2153//767
f 2153//767 2173//767 2174//767
f 2153//767 2174//767 2169//767
f 2175//767 2176//767 2153//767
f 2153//767 2176//767 2177//767
f 2153//767 2177//767 2172//767
f 2178//767 2179//767 2153//767
f 2153//767 2179//767 2180//767
f 2153//767 2180//767 2175//767
f 2181//767 2182//767 2153//767
f 2153//767 2182//767 2183//767
f 2153//767 2183//767 2178//767
f 2184//767 2185//767 2153//767
f 2153//767 2185//767 2186//767
f 2153//767 2186//767 2181//767
f 2187//767 2188//767 2153//767
f 2153//767 2188//767 2189//767
f 2153//767 2189//767 2184//767
f 2152//767 2190//767 2153//767
f 2153//767 2190//767 2191//767
f 2153//767 2191//767 2187//767
f 2192//1077 2156//1077 2193//1077
f 2193//1078 2156//1078 2155//1078
f 2193//1078 2155//1078 2194//1078
f 2194//1079 2155//1079 2154//1079
f 2194//1079 2154//1079 2195//1079
f 2195//1080 2154//1080 2159//1080
f 2195//1080 2159//1080 2196//1080
f 2196//1081 2159//1081 2158//1081
f 2196//1081 2158//1081 2197//1081
f 2197//1082 2158//1082 2157//1082
f 2197//1082 2157//1082 2198//1082
f 2198//1083 2157//1083 2162//1083
f 2198//1083 2162//1083 2199//1083
f 2199//1084 2162//1084 2161//1084
f 2199//1084 2161//1084 2200//1084
f 2200//1085 2161//1085 2160//1085
f 2200//1085 2160//1085 2201//1085
f 2201//1086 2160//1086 2165//1086
f 2201//1086 2165//1086 2202//1086
f 2202//1087 2165//1087 2164//1087
f 2202//1087 2164//1087 2203//1087
f 2203//1088 2164//1088 2163//1088
f 2203//1088 2163//1088 2204//1088
f 2204//1089 2163//1089 2168//1089
f 2204//1089 2168//1089 2205//1089
f 2205//1090 2168//1090 2167//1090
f 2205//1090 2167//1090 2206//1090
f 2206//1091 2167//1091 2166//1091
f 2206//1091 2166//1091 2207//1091
f 2207//1092 2166//1092 2171//1092
f 2207//1092 2171//1092 2208//1092
f 2208//1093 2171//1093 2170//1093
f 2208//1093 2170//1093 2209//1093
f 2209//1094 2170//1094 2169//1094
f 2209//1094 2169//1094 2210//1094
f 2210//1095 2169//1095 2174//1095
f 2210//1095 2174//1095 2211//1095
f 2211//1096 2174//1096 2173//1096
f 2211//1096 2173//1096 2212//1096
f 2212//1097 2173//1097 2172//1097
f 2212//1097 2172//1097 2213//1097
f 2213//1098 2172//1098 2177//1098
f 2213//1098 2177//1098 2214//1098
f 2214//1099 2177//1099 2176//1099
f 2214//1099 2176//1099 2215//1099
f 2215//1100 2176//1100 2175//1100
f 2215//1100 2175//1100 2216//1100
f 2216//1101 2175//1101 2180//1101
f 2216//1101 2180//1101 2217//1101
f 2217//1102 2180//1102 2179//1102
f 2217//1102 2179//1102 2218//1102
f 2218//1103 2179//1103 2178//1103
f 2218//1103 2178//1103 2219//1103
f 2219//1104 2178//1104 2183//1104
f 2219//1104 2183//1104 2220//1104
f 2220//1105 2183//1105 2182//1105
f 2220//1105 2182//1105 2221//1105
f 2221//1106 2182//1106 2181//1106
f 2221//1106 2181//1106 2222//1106
f 2222//1107 2181//1107 2186//1107
f 2222//1107 2186//1107 2223//1107
f 2223//1108 2186//1108 2185//1108
f 2223//1108 2185//1108 2224//1108
f 2224//1109 2185//1109 2184//1109
f 2224//1109 2184//1109 2225//1109
f 2225//1110 2184//1110 2189//1110
f 2225//1110 2189//1110 2226//1110
f 2226//1111 2189//1111 2188//1111
f 2226//1111 2188//1111 2227//1111
f 2227//1112 2188//1112 2187//1112
f 2227//1112 2187//1112 2228//1112
f 2228//1113 2187//1113 2191//1113
f 2228//1113 2191//1113 2229//1113
f 2229//1114 2191//1114 2190//1114
f 2229//1115 2190//1115 2230//1115
f 2230//1116 2190//1116 2152//1116
f 2230//1116 2152//1116 2231//1116
f 2231//1117 2152//1117 2151//1117
f 2231//1117 2151//1117 2192//1117
f 2192//1077 2151//1077 2156//1077
f 2225//767 2232//767 2224//767
f 2224//767 2232//767 2233//767
f 2224//767 2233//767 2223//767
f 2223//767 2233//767 2234//767
f 2223//767 2234//767 2222//767
f 2222//767 2234//767 2235//767
f 2222//767 2235//767 2221//767
f 2221//767 2235//767 2236//767
f 2221//767 2236//767 2220//767
f 2220//767 2236//767 2237//767
f 2220//767 2237//767 2219//767
f 2219//767 2237//767 2238//767
f 2219//767 2238//767 2218//767
f 2218//767 2238//767 2239//767
f 2218//767 2239//767 2217//767
f 2239//767 2240//767 2217//767
f 2217//767 2240//767 2241//767
f 2217//767 2241//767 2216//767
f 2216//767 2241//767 2242//767
f 2216//767 2242//767 2215//767
f 2215//767 2242//767 2243//767
f 2215//767 2243//767 2214//767
f 2214//767 2243//767 2244//767
f 2214//767 2244//767 2213//767
f 2213//767 2244//767 2245//767
f 2213//767 2245//767 2212//767
f 2212//767 2245//767 2246//767
f 2212//767 2246//767 2211//767
f 2211//767 2246//767 2247//767
f 2211//767 2247//767 2210//767
f 2210//767 2247//767 2248//767
f 2210//767 2248//767 2209//767
f 2249//767 2192//767 2193//767
f 2249//767 2250//767 2192//767
f 2192//767 2250//767 2251//767
f 2192//767 2251//767 2231//767
f 2231//767 2251//767 2252//767
f 2231//767 2252//767 2230//767
f 2230//767 2252//767 2253//767
f 2230//767 2253//767 2229//767
f 2229//767 2253//767 2254//767
f 2229//767 2254//767 2228//767
f 2228//767 2254//767 2255//767
f 2228//767 2255//767 2227//767
f 2227//767 2255//767 2256//767
f 2227//767 2256//767 2226//767
f 2226//767 2256//767 2257//767
f 2226//767 2257//767 2225//767
f 2225//767 2257//767 2258//767
f 2225//767 2258//767 2232//767
f 2201//767 2259//767 2200//767
f 2200//767 2259//767 2260//767
f 2200//767 2260//767 2199//767
f 2199//767 2260//767 2261//767
f 2199//767 2261//767 2198//767
f 2198//767 2261//767 2262//767
f 2198//767 2262//767 2197//767
f 2197//767 2262//767 2263//767
f 2197//767 2263//767 2196//767
f 2196//767 2263//767 2264//767
f 2196//767 2264//767 2195//767
f 2195//767 2264//767 2265//767
f 2195//767 2265//767 2194//767
f 2194//767 2265//767 2266//767
f 2194//767 2266//767 2193//767
f 2193//767 2266//767 2267//767
f 2193//767 2267//767 2249//767
f 2248//767 2268//767 2209//767
f 2209//767 2268//767 2269//767
f 2209//767 2269//767 2208//767
f 2208//767 2269//767 2270//767
f 2208//767 2270//767 2207//767
f 2207//767 2270//767 2271//767
f 2207//767 2271//767 2206//767
f 2206//767 2271//767 2272//767
f 2206//767 2272//767 2205//767
f 2205//767 2272//767 2273//767
f 2205//767 2273//767 2204//767
f 2204//767 2273//767 2274//767
f 2204//767 2274//767 2203//767
f 2203//767 2274//767 2275//767
f 2203//767 2275//767 2202//767
f 2202//767 2275//767 2276//767
f 2202//767 2276//767 2201//767
f 2201//767 2276//767 2277//767
f 2201//767 2277//767 2259//767
f 2252//1118 2251//1118 2278//1118
f 2278//1119 2251//1119 2250//1119
f 2278//1120 2250//1120 2279//1120
f 2279//1121 2250//1121 2249//1121
f 2279//1122 2249//1122 2280//1122
f 2280//1122 2249//1122 2267//1122
f 2280//1123 2267//1123 2281//1123
f 2281//1123 2267//1123 2266//1123
f 2281//1124 2266//1124 2282//1124
f 2282//1124 2266//1124 2265//1124
f 2282//1125 2265//1125 2283//1125
f 2283//1125 2265//1125 2264//1125
f 2283//1126 2264//1126 2284//1126
f 2284//1126 2264//1126 2263//1126
f 2284//1127 2263//1127 2285//1127
f 2285//1127 2263//1127 2262//1127
f 2285//1128 2262//1128 2286//1128
f 2286//1128 2262//1128 2261//1128
f 2286//1129 2261//1129 2287//1129
f 2287//1129 2261//1129 2260//1129
f 2287//1130 2260//1130 2288//1130
f 2288//1130 2260//1130 2259//1130
f 2288//1131 2259//1131 2289//1131
f 2289//1131 2259//1131 2277//1131
f 2289//1132 2277//1132 2290//1132
f 2290//1132 2277//1132 2276//1132
f 2290//1133 2276//1133 2291//1133
f 2291//1133 2276//1133 2275//1133
f 2291//1134 2275//1134 2292//1134
f 2292//1134 2275//1134 2274//1134
f 2292//1135 2274//1135 2293//1135
f 2293//1135 2274//1135 2273//1135
f 2293//1136 2273//1136 2294//1136
f 2294//1136 2273//1136 2272//1136
f 2294//1137 2272//1137 2295//1137
f 2295//1137 2272//1137 2271//1137
f 2295//1138 2271//1138 2296//1138
f 2296//1138 2271//1138 2270//1138
f 2296//1139 2270//1139 2297//1139
f 2297//1139 2270//1139 2269//1139
f 2297//1140 2269//1140 2298//1140
f 2298//1140 2269//1140 2268//1140
f 2298//1141 2268//1141 2299//1141
f 2299//1141 2268//1141 2248//1141
f 2299//1142 2248//1142 2300//1142
f 2300//1142 2248//1142 2247//1142
f 2300//1143 2247//1143 2301//1143
f 2301//1143 2247//1143 2246//1143
f 2301//1144 2246//1144 2302//1144
f 2302//1144 2246//1144 2245//1144
f 2302//1145 2245//1145 2303//1145
f 2303//1145 2245//1145 2244//1145
f 2303//1146 2244//1146 2304//1146
f 2304//1146 2244//1146 2243//1146
f 2304//1147 2243//1147 2305//1147
f 2305//1147 2243//1147 2242//1147
f 2305//1148 2242//1148 2306//1148
f 2306//1148 2242//1148 2241//1148
f 2306//1149 2241//1149 2307//1149
f 2307//1149 2241//1149 2240//1149
f 2307//1150 2240//1150 2308//1150
f 2308//1150 2240//1150 2239//1150
f 2308//1151 2239//1151 2309//1151
f 2309//1151 2239//1151 2238//1151
f 2309//1152 2238//1152 2310//1152
f 2310//1152 2238//1152 2237//1152
f 2310//1153 2237//1153 2311//1153
f 2311//1153 2237//1153 2236//1153
f 2311//1154 2236//1154 2312//1154
f 2312//1154 2236//1154 2235//1154
f 2312//1155 2235//1155 2313//1155
f 2313//1155 2235//1155 2234//1155
f 2313//1156 2234//1156 2314//1156
f 2314//1156 2234//1156 2233//1156
f 2314//1157 2233//1157 2315//1157
f 2315//1157 2233//1157 2232//1157
f 2315//1158 2232//1158 2316//1158
f 2316//1158 2232//1158 2258//1158
f 2316//1159 2258//1159 2317//1159
f 2317//1159 2258//1159 2257//1159
f 2317//1160 2257//1160 2318//1160
f 2318//1160 2257//1160 2256//1160
f 2318//1161 2256//1161 2319//1161
f 2319//1161 2256//1161 2255//1161
f 2319//1162 2255//1162 2320//1162
f 2320//1162 2255//1162 2254//1162
f 2320//1163 2254//1163 2321//1163
f 2321//1163 2254//1163 2253//1163
f 2321//1164 2253//1164 2322//1164
f 2322//1164 2253//1164 2252//1164
f 2322//1118 2252//1118 2278//1118
f 2323//1 2298//1 2324//1
f 2324//1 2298//1 2299//1
f 2324//1 2299//1 2325//1
f 2325//1 2299//1 2300//1
f 2325//1 2300//1 2326//1
f 2326//1 2300//1 2301//1
f 2326//1 2301//1 2327//1
f 2327//1 2301//1 2302//1
f 2327//1 2302//1 2328//1
f 2328//1 2302//1 2303//1
f 2328//1 2303//1 2329//1
f 2329//1 2303//1 2304//1
f 2329//1 2304//1 2330//1
f 2330//1 2304//1 2305//1
f 2330//1 2305//1 2331//1
f 2331//1 2305//1 2306//1
f 2331//1 2306//1 2332//1
f 2332//1 2306//1 2307//1
f 2332//1 2307//1 2333//1
f 2333//1 2307//1 2308//1
f 2333//1 2308//1 2334//1
f 2334//1 2308//1 2309//1
f 2334//1 2309//1 2335//1
f 2335//1 2309//1 2310//1
f 2335//1 2310//1 2336//1
f 2336//1 2310//1 2311//1
f 2336//1 2311//1 2337//1
f 2337//1 2311//1 2312//1
f 2337//1 2312//1 2338//1
f 2338//1 2312//1 2313//1
f 2338//1 2313//1 2339//1
f 2339//1 2313//1 2314//1
f 2339//1 2314//1 2340//1
f 2340//1 2314//1 2315//1
f 2340//1 2315//1 2341//1
f 2341//1 2315//1 2316//1
f 2341//1 2316//1 2342//1
f 2342//1 2316//1 2317//1
f 2342//1 2317//1 2343//1
f 2343//1 2317//1 2318//1
f 2343//1 2318//1 2344//1
f 2344//1 2318//1 2319//1
f 2344//1 2319//1 2345//1
f 2345//1 2319//1 2320//1
f 2345//1 2320//1 2346//1
f 2346//1 2320//1 2321//1
f 2346//1 2321//1 2347//1
f 2347//1 2321//1 2322//1
f 2347//1 2322//1 2348//1
f 2348//1 2322//1 2278//1
f 2348//1 2278//1 2349//1
f 2349//1 2278//1 2279//1
f 2349//1 2279//1 2350//1
f 2350//1 2279//1 2280//1
f 2350//1 2280//1 2351//1
f 2351//1 2280//1 2281//1
f 2351//1 2281//1 2352//1
f 2352//1 2281//1 2282//1
f 2352//1 2282//1 2353//1
f 2353//1 2282//1 2283//1
f 2353//1 2283//1 2354//1
f 2354//1 2283//1 2284//1
f 2354//1 2284//1 2355//1
f 2355//1 2284//1 2285//1
f 2355//1 2285//1 2356//1
f 2356//1 2285//1 2286//1
f 2356//1 2286//1 2357//1
f 2357//1 2286//1 2287//1
f 2357//1 2287//1 2358//1
f 2358//1 2287//1 2288//1
f 2358//1 2288//1 2359//1
f 2359//1 2288//1 2289//1
f 2359//1 2289//1 2360//1
f 2360//1 2289//1 2290//1
f 2360//1 2290//1 2361//1
f 2361//1 2290//1 2291//1
f 2361//1 2291//1 2362//1
f 2362//1 2291//1 2292//1
f 2362//1 2292//1 2363//1
f 2363//1 2292//1 2293//1
f 2363//1 2293//1 2364//1
f 2364//1 2293//1 2294//1
f 2364//1 2294//1 2365//1
f 2365//1 2294//1 2295//1
f 2365//1 2295//1 2366//1
f 2366//1 2295//1 2296//1
f 2366//1 2296//1 2367//1
f 2367//1 2296//1 2297//1
f 2367//1 2297//1 2323//1
f 2323//1 2297//1 2298//1
f 2368//1122 2369//1122 2349//1122
f 2349//1121 2369//1121 2370//1121
f 2349//1165 2370//1165 2348//1165
f 2348//1119 2370//1119 2371//1119
f 2348//1118 2371//1118 2347//1118
f 2347//1118 2371//1118 2372//1118
f 2347//1164 2372//1164 2346//1164
f 2346//1164 2372//1164 2373//1164
f 2346//1163 2373//1163 2345//1163
f 2345//1163 2373//1163 2374//1163
f 2345//1162 2374//1162 2344//1162
f 2344//1162 2374//1162 2375//1162
f 2344//1161 2375//1161 2343//1161
f 2343//1161 2375//1161 2376//1161
f 2343//1160 2376//1160 2342//1160
f 2342//1160 2376//1160 2377//1160
f 2342//1159 2377//1159 2341//1159
f 2341//1159 2377//1159 2378//1159
f 2341//1158 2378//1158 2340//1158
f 2340//1158 2378//1158 2379//1158
f 2340//1157 2379//1157 2339//1157
f 2339//1157 2379//1157 2380//1157
f 2339//1156 2380//1156 2338//1156
f 2338//1156 2380//1156 2381//1156
f 2338//1155 2381//1155 2337//1155
f 2337//1155 2381//1155 2382//1155
f 2337//1154 2382//1154 2336//1154
f 2336//1154 2382//1154 2383//1154
f 2336//1153 2383//1153 2335//1153
f 2335//1153 2383//1153 2384//1153
f 2335//1152 2384//1152 2334//1152
f 2334//1152 2384//1152 2385//1152
f 2334//1151 2385//1151 2333//1151
f 2333//1151 2385//1151 2386//1151
f 2333//1150 2386//1150 2332//1150
f 2332//1150 2386//1150 2387//1150
f 2332//1149 2387//1149 2331//1149
f 2331//1149 2387//1149 2388//1149
f 2331//1148 2388//1148 2330//1148
f 2330//1148 2388//1148 2389//1148
f 2330//1147 2389//1147 2329//1147
f 2329//1147 2389//1147 2390//1147
f 2329//1146 2390//1146 2328//1146
f 2328//1146 2390//1146 2391//1146
f 2328//1145 2391//1145 2327//1145
f 2327//1145 2391//1145 2392//1145
f 2327//1144 2392//1144 2326//1144
f 2326//1144 2392//1144 2393//1144
f 2326//1143 2393//1143 2325//1143
f 2325//1143 2393//1143 2394//1143
f 2325//1142 2394//1142 2324//1142
f 2324//1142 2394//1142 2395//1142
f 2324//1141 2395//1141 2323//1141
f 2323//1141 2395//1141 2396//1141
f 2323//1140 2396//1140 2367//1140
f 2367//1140 2396//1140 2397//1140
f 2367//1139 2397//1139 2366//1139
f 2366//1139 2397//1139 2398//1139
f 2366//1138 2398//1138 2365//1138
f 2365//1138 2398//1138 2399//1138
f 2365//1137 2399//1137 2364//1137
f 2364//1137 2399//1137 2400//1137
f 2364//1136 2400//1136 2363//1136
f 2363//1136 2400//1136 2401//1136
f 2363//1135 2401//1135 2362//1135
f 2362//1135 2401//1135 2402//1135
f 2362//1134 2402//1134 2361//1134
f 2361//1134 2402//1134 2403//1134
f 2361//1133 2403//1133 2360//1133
f 2360//1133 2403//1133 2404//1133
f 2360//1132 2404//1132 2359//1132
f 2359//1132 2404//1132 2405//1132
f 2359//1131 2405//1131 2358//1131
f 2358//1131 2405//1131 2406//1131
f 2358//1130 2406//1130 2357//1130
f 2357//1130 2406//1130 2407//1130
f 2357//1129 2407//1129 2356//1129
f 2356//1129 2407//1129 2408//1129
f 2356//1128 2408//1128 2355//1128
f 2355//1128 2408//1128 2409//1128
f 2355//1127 2409//1127 2354//1127
f 2354//1127 2409//1127 2410//1127
f 2354//1126 2410//1126 2353//1126
f 2353//1126 2410//1126 2411//1126
f 2353//1125 2411//1125 2352//1125
f 2352//1125 2411//1125 2412//1125
f 2352//1124 2412//1124 2351//1124
f 2351//1124 2412//1124 2413//1124
f 2351//1123 2413//1123 2350//1123
f 2350//1123 2413//1123 2368//1123
f 2350//1122 2368//1122 2349//1122
f 2370//767 2414//767 2371//767
f 2371//767 2414//767 2415//767
f 2371//767 2415//767 2372//767
f 2372//767 2415//767 2416//767
f 2372//767 2416//767 2373//767
f 2373//767 2416//767 2417//767
f 2373//767 2417//767 2374//767
f 2374//767 2417//767 2418//767
f 2374//767 2418//767 2375//767
f 2375//767 2418//767 2419//767
f 2375//767 2419//767 2376//767
f 2376//767 2419//767 2420//767
f 2376//767 2420//767 2377//767
f 2377//767 2420//767 2421//767
f 2377//767 2421//767 2378//767
f 2378//767 2421//767 2422//767
f 2378//767 2422//767 2379//767
f 2379//767 2422//767 2423//767
f 2379//767 2423//767 2380//767
f 2380//767 2423//767 2424//767
f 2380//767 2424//767 2381//767
f 2381//767 2424//767 2425//767
f 2381//767 2425//767 2382//767
f 2382//767 2425//767 2426//767
f 2382//767 2426//767 2383//767
f 2383//767 2426//767 2427//767
f 2383//767 2427//767 2384//767
f 2384//767 2427//767 2428//767
f 2384//767 2428//767 2385//767
f 2385//767 2428//767 2429//767
f 2385//767 2429//767 2386//767
f 2386//767 2429//767 2430//767
f 2386//767 2430//767 2387//767
f 2387//767 2430//767 2431//767
f 2387//767 2431//767 2388//767
f 2388//767 2431//767 2432//767
f 2388//767 2432//767 2389//767
f 2389//767 2432//767 2433//767
f 2389//767 2433//767 2390//767
f 2390//767 2433//767 2434//767
f 2390//767 2434//767 2391//767
f 2391//767 2434//767 2435//767
f 2391//767 2435//767 2392//767
f 2392//767 2435//767 2436//767
f 2392//767 2436//767 2393//767
f 2393//767 2436//767 2437//767
f 2393//767 2437//767 2394//767
f 2394//767 2437//767 2438//767
f 2394//767 2438//767 2395//767
f 2395//767 2438//767 2439//767
f 2395//767 2439//767 2396//767
f 2396//767 2439//767 2440//767
f 2396//767 2440//767 2397//767
f 2397//767 2440//767 2441//767
f 2397//767 2441//767 2398//767
f 2398//767 2441//767 2442//767
f 2398//767 2442//767 2399//767
f 2399//767 2442//767 2443//767
f 2399//767 2443//767 2400//767
f 2400//767 2443//767 2444//767
f 2400//767 2444//767 2401//767
f 2401//767 2444//767 2445//767
f 2401//767 2445//767 2402//767
f 2402//767 2445//767 2446//767
f 2402//767 2446//767 2403//767
f 2403//767 2446//767 2447//767
f 2403//767 2447//767 2404//767
f 2404//767 2447//767 2448//767
f 2404//767 2448//767 2405//767
f 2405//767 2448//767 2449//767
f 2405//767 2449//767 2406//767
f 2406//767 2449//767 2450//767
f 2406//767 2450//767 2407//767
f 2407//767 2450//767 2451//767
f 2407//767 2451//767 2408//767
f 2408//767 2451//767 2452//767
f 2408//767 2452//767 2409//767
f 2409//767 2452//767 2453//767
f 2409//767 2453//767 2410//767
f 2410//767 2453//767 2454//767
f 2410//767 2454//767 2411//767
f 2411//767 2454//767 2455//767
f 2411//767 2455//767 2412//767
f 2412//767 2455//767 2456//767
f 2412//767 2456//767 2413//767
f 2413//767 2456//767 2457//767
f 2413//767 2457//767 2368//767
f 2368//767 2457//767 2458//767
f 2368//767 2458//767 2369//767
f 2369//767 2458//767 2459//767
f 2369//767 2459//767 2370//767
f 2370//767 2459//767 2414//767
f 2416//1118 2415//1118 2460//1118
f 2460//1119 2415//1119 2414//1119
f 2460//1166 2414//1166 2461//1166
f 2461//1121 2414//1121 2459//1121
f 2461//1122 2459//1122 2462//1122
f 2462//1122 2459//1122 2458//1122
f 2462//1123 2458//1123 2463//1123
f 2463//1123 2458//1123 2457//1123
f 2463//1124 2457//1124 2464//1124
f 2464//1124 2457//1124 2456//1124
f 2464//1125 2456//1125 2465//1125
f 2465//1125 2456//1125 2455//1125
f 2465//1126 2455//1126 2466//1126
f 2466//1126 2455//1126 2454//1126
f 2466//1127 2454//1127 2467//1127
f 2467//1127 2454//1127 2453//1127
f 2467//1128 2453//1128 2468//1128
f 2468//1128 2453//1128 2452//1128
f 2468//1129 2452//1129 2469//1129
f 2469//1129 2452//1129 2451//1129
f 2469//1130 2451//1130 2470//1130
f 2470//1130 2451//1130 2450//1130
f 2470//1131 2450//1131 2471//1131
f 2471//1131 2450//1131 2449//1131
f 2471//1132 2449//1132 2472//1132
f 2472//1132 2449//1132 2448//1132
f 2472//1133 2448//1133 2473//1133
f 2473//1133 2448//1133 2447//1133
f 2473//1134 2447//1134 2474//1134
f 2474//1134 2447//1134 2446//1134
f 2474//1135 2446//1135 2475//1135
f 2475//1135 2446//1135 2445//1135
f 2475//1136 2445//1136 2476//1136
f 2476//1136 2445//1136 2444//1136
f 2476//1137 2444//1137 2477//1137
f 2477//1137 2444//1137 2443//1137
f 2477//1138 2443//1138 2478//1138
f 2478//1138 2443//1138 2442//1138
f 2478//1139 2442//1139 2479//1139
f 2479//1139 2442//1139 2441//1139
f 2479//1140 2441//1140 2480//1140
f 2480//1140 2441//1140 2440//1140
f 2480//1141 2440//1141 2481//1141
f 2481//1141 2440//1141 2439//1141
f 2481//1142 2439//1142 2482//1142
f 2482//1142 2439//1142 2438//1142
f 2482//1143 2438//1143 2483//1143
f 2483//1143 2438//1143 2437//1143
f 2483//1144 2437//1144 2484//1144
f 2484//1144 2437//1144 2436//1144
f 2484//1145 2436//1145 2485//1145
f 2485//1145 2436//1145 2435//1145
f 2485//1146 2435//1146 2486//1146
f 2486//1146 2435//1146 2434//1146
f 2486//1147 2434//1147 2487//1147
f 2487//1147 2434//1147 2433//1147
f 2487//1148 2433//1148 2488//1148
f 2488//1148 2433//1148 2432//1148
f 2488//1149 2432//1149 2489//1149
f 2489//1149 2432//1149 2431//1149
f 2489//1150 2431//1150 2490//1150
f 2490//1150 2431//1150 2430//1150
f 2490//1151 2430//1151 2491//1151
f 2491//1151 2430//1151 2429//1151
f 2491//1152 2429//1152 2492//1152
f 2492//1152 2429//1152 2428//1152
f 2492//1153 2428//1153 2493//1153
f 2493//1153 2428//1153 2427//1153
f 2493//1154 2427//1154 2494//1154
f 2494//1154 2427//1154 2426//1154
f 2494//1155 2426//1155 2495//1155
f 2495//1155 2426//1155 2425//1155
f 2495//1156 2425//1156 2496//1156
f 2496//1156 2425//1156 2424//1156
f 2496//1157 2424//1157 2497//1157
f 2497//1157 2424//1157 2423//1157
f 2497//1158 2423//1158 2498//1158
f 2498//1158 2423//1158 2422//1158
f 2498//1159 2422//1159 2499//1159
f 2499//1159 2422//1159 2421//1159
f 2499//1160 2421//1160 2500//1160
f 2500//1160 2421//1160 2420//1160
f 2500//1161 2420//1161 2501//1161
f 2501//1161 2420//1161 2419//1161
f 2501//1162 2419//1162 2502//1162
f 2502//1162 2419//1162 2418//1162
f 2502//1163 2418//1163 2503//1163
f 2503//1163 2418//1163 2417//1163
f 2503//1164 2417//1164 2504//1164
f 2504//1164 2417//1164 2416//1164
f 2504//1118 2416//1118 2460//1118
f 2505//1 2480//1 2506//1
f 2506//1 2480//1 2481//1
f 2506//1 2481//1 2507//1
f 2507//1 2481//1 2482//1
f 2507//1 2482//1 2508//1
f 2508//1 2482//1 2483//1
f 2508//1 2483//1 2509//1
f 2509//1 2483//1 2484//1
f 2509//1 2484//1 2510//1
f 2510//1 2484//1 2485//1
f 2510//1 2485//1 2511//1
f 2511//1 2485//1 2486//1
f 2511//1 2486//1 2512//1
f 2512//1 2486//1 2487//1
f 2512//1 2487//1 2513//1
f 2513//1 2487//1 2488//1
f 2513//1 2488//1 2514//1
f 2514//1 2488//1 2489//1
f 2514//1 2489//1 2515//1
f 2515//1 2489//1 2490//1
f 2515//1 2490//1 2516//1
f 2516//1 2490//1 2491//1
f 2516//1 2491//1 2517//1
f 2517//1 2491//1 2492//1
f 2517//1 2492//1 2518//1
f 2518//1 2492//1 2493//1
f 2518//1 2493//1 2519//1
f 2519//1 2493//1 2494//1
f 2519//1 2494//1 2520//1
f 2520//1 2494//1 2495//1
f 2520//1 2495//1 2521//1
f 2521//1 2495//1 2496//1
f 2521//1 2496//1 2522//1
f 2522//1 2496//1 2497//1
f 2522//1 2497//1 2523//1
f 2523//1 2497//1 2498//1
f 2523//1 2498//1 2524//1
f 2524//1 2498//1 2499//1
f 2524//1 2499//1 2525//1
f 2525//1 2499//1 2500//1
f 2525//1 2500//1 2526//1
f 2526//1 2500//1 2501//1
f 2526//1 2501//1 2527//1
f 2527//1 2501//1 2502//1
f 2527//1 2502//1 2528//1
f 2528//1 2502//1 2503//1
f 2528//1 2503//1 2529//1
f 2529//1 2503//1 2504//1
f 2529//1 2504//1 2530//1
f 2530//1 2504//1 2460//1
f 2530//1 2460//1 2531//1
f 2531//1 2460//1 2461//1
f 2531//1 2461//1 2532//1
f 2532//1 2461//1 2462//1
f 2532//1 2462//1 2533//1
f 2533//1 2462//1 2463//1
f 2533//1 2463//1 2534//1
f 2534//1 2463//1 2464//1
f 2534//1 2464//1 2535//1
f 2535//1 2464//1 2465//1
f 2535//1 2465//1 2536//1
f 2536//1 2465//1 2466//1
f 2536//1 2466//1 2537//1
f 2537//1 2466//1 2467//1
f 2537//1 2467//1 2538//1
f 2538//1 2467//1 2468//1
f 2538//1 2468//1 2539//1
f 2539//1 2468//1 2469//1
f 2539//1 2469//1 2540//1
f 2540//1 2469//1 2470//1
f 2540//1 2470//1 2541//1
f 2541//1 2470//1 2471//1
f 2541//1 2471//1 2542//1
f 2542//1 2471//1 2472//1
f 2542//1 2472//1 2543//1
f 2543//1 2472//1 2473//1
f 2543//1 2473//1 2544//1
f 2544//1 2473//1 2474//1
f 2544//1 2474//1 2545//1
f 2545//1 2474//1 2475//1
f 2545//1 2475//1 2546//1
f 2546//1 2475//1 2476//1
f 2546//1 2476//1 2547//1
f 2547//1 2476//1 2477//1
f 2547//1 2477//1 2548//1
f 2548//1 2477//1 2478//1
f 2548//1 2478//1 2549//1
f 2549//1 2478//1 2479//1
f 2549//1 2479//1 2505//1
f 2505//1 2479//1 2480//1
f 2550//1122 2551//1122 2531//1122
f 2531//1121 2551//1121 2552//1121
f 2531//1167 2552//1167 2530//1167
f 2530//1119 2552//1119 2553//1119
f 2530//1118 2553//1118 2529//1118
f 2529//1118 2553//1118 2554//1118
f 2529//1164 2554//1164 2528//1164
f 2528//1164 2554//1164 2555//1164
f 2528//1163 2555//1163 2527//1163
f 2527//1163 2555//1163 2556//1163
f 2527//1162 2556//1162 2526//1162
f 2526//1162 2556//1162 2557//1162
f 2526//1161 2557//1161 2525//1161
f 2525//1161 2557//1161 2558//1161
f 2525//1160 2558//1160 2524//1160
f 2524//1160 2558//1160 2559//1160
f 2524//1159 2559//1159 2523//1159
f 2523//1159 2559//1159 2560//1159
f 2523//1158 2560//1158 2522//1158
f 2522//1158 2560//1158 2561//1158
f 2522//1157 2561//1157 2521//1157
f 2521//1157 2561//1157 2562//1157
f 2521//1156 2562//1156 2520//1156
f 2520//1156 2562//1156 2563//1156
f 2520//1155 2563//1155 2519//1155
f 2519//1155 2563//1155 2564//1155
f 2519//1154 2564//1154 2518//1154
f 2518//1154 2564//1154 2565//1154
f 2518//1153 2565//1153 2517//1153
f 2517//1153 2565//1153 2566//1153
f 2517//1152 2566//1152 2516//1152
f 2516//1152 2566//1152 2567//1152
f 2516//1151 2567//1151 2515//1151
f 2515//1151 2567//1151 2568//1151
f 2515//1150 2568//1150 2514//1150
f 2514//1150 2568//1150 2569//1150
f 2514//1149 2569//1149 2513//1149
f 2513//1149 2569//1149 2570//1149
f 2513//1148 2570//1148 2512//1148
f 2512//1148 2570//1148 2571//1148
f 2512//1147 2571//1147 2511//1147
f 2511//1147 2571//1147 2572//1147
f 2511//1146 2572//1146 2510//1146
f 2510//1146 2572//1146 2573//1146
f 2510//1145 2573//1145 2509//1145
f 2509//1145 2573//1145 2574//1145
f 2509//1144 2574//1144 2508//1144
f 2508//1144 2574//1144 2575//1144
f 2508//1143 2575//1143 2507//1143
f 2507//1143 2575//1143 2576//1143
f 2507//1142 2576//1142 2506//1142
f 2506//1142 2576//1142 2577//1142
f 2506//1141 2577//1141 2505//1141
f 2505//1141 2577//1141 2578//1141
f 2505//1140 2578//1140 2549//1140
f 2549//1140 2578//1140 2579//1140
f 2549//1139 2579//1139 2548//1139
f 2548//1139 2579//1139 2580//1139
f 2548//1138 2580//1138 2547//1138
f 2547//1138 2580//1138 2581//1138
f 2547//1137 2581//1137 2546//1137
f 2546//1137 2581//1137 2582//1137
f 2546//1136 2582//1136 2545//1136
f 2545//1136 2582//1136 2583//1136
f 2545//1135 2583//1135 2544//1135
f 2544//1135 2583//1135 2584//1135
f 2544//1134 2584//1134 2543//1134
f 2543//1134 2584//1134 2585//1134
f 2543//1133 2585//1133 2542//1133
f 2542//1133 2585//1133 2586//1133
f 2542//1132 2586//1132 2541//1132
f 2541//1132 2586//1132 2587//1132
f 2541//1168 2587//1168 2540//1168
f 2540//1131 2587//1131 2588//1131
f 2540//1130 2588//1130 2539//1130
f 2539//1130 2588//1130 2589//1130
f 2539//1129 2589//1129 2538//1129
f 2538//1129 2589//1129 2590//1129
f 2538//1128 2590//1128 2537//1128
f 2537//1128 2590//1128 2591//1128
f 2537//1127 2591//1127 2536//1127
f 2536//1127 2591//1127 2592//1127
f 2536//1126 2592//1126 2535//1126
f 2535//1126 2592//1126 2593//1126
f 2535//1125 2593//1125 2534//1125
f 2534//1125 2593//1125 2594//1125
f 2534//1124 2594//1124 2533//1124
f 2533//1124 2594//1124 2595//1124
f 2533//1123 2595//1123 2532//1123
f 2532//1123 2595//1123 2550//1123
f 2532//1122 2550//1122 2531//1122
f 2554//1169 2553//1169 2596//1169
f 2596//1170 2597//1170 2554//1170
f 2554//1171 2597//1171 2598//1171
f 2554//1172 2598//1172 2555//1172
f 2555//1173 2598//1173 2599//1173
f 2555//1174 2599//1174 2556//1174
f 2599//1175 2600//1175 2556//1175
f 2556//1176 2600//1176 2601//1176
f 2556//1177 2601//1177 2557//1177
f 2601//1178 2602//1178 2557//1178
f 2557//1179 2602//1179 2603//1179
f 2557//1180 2603//1180 2558//1180
f 2603//1181 2604//1181 2558//1181
f 2558//1182 2604//1182 2605//1182
f 2558//1183 2605//1183 2559//1183
f 2605//1183 2606//1183 2559//1183
f 2559//1184 2606//1184 2607//1184
f 2559//1185 2607//1185 2560//1185
f 2607//1186 2608//1186 2560//1186
f 2560//1187 2608//1187 2609//1187
f 2560//1188 2609//1188 2561//1188
f 2561//1189 2609//1189 2610//1189
f 2561//1190 2610//1190 2562//1190
f 2610//1191 2611//1191 2562//1191
f 2562//1192 2611//1192 2612//1192
f 2562//1193 2612//1193 2563//1193
f 2612//1194 2613//1194 2563//1194
f 2563//1195 2613//1195 2614//1195
f 2563//1196 2614//1196 2564//1196
f 2614//1196 2615//1196 2564//1196
f 2564//1197 2615//1197 2616//1197
f 2564//1198 2616//1198 2565//1198
f 2616//1199 2617//1199 2565//1199
f 2565//1200 2617//1200 2618//1200
f 2565//1201 2618//1201 2566//1201
f 2618//1202 2619//1202 2566//1202
f 2566//1203 2619//1203 2620//1203
f 2566//1204 2620//1204 2567//1204
f 2567//1205 2620//1205 2621//1205
f 2567//1206 2621//1206 2568//1206
f 2621//1207 2622//1207 2568//1207
f 2568//1208 2622//1208 2623//1208
f 2568//1209 2623//1209 2569//1209
f 2623//1210 2624//1210 2569//1210
f 2569//1211 2624//1211 2625//1211
f 2569//1212 2625//1212 2570//1212
f 2625//1212 2626//1212 2570//1212
f 2570//1213 2626//1213 2627//1213
f 2570//1214 2627//1214 2571//1214
f 2627//1215 2628//1215 2571//1215
f 2571//1216 2628//1216 2629//1216
f 2571//1217 2629//1217 2572//1217
f 2572//1218 2629//1218 2630//1218
f 2572//1219 2630//1219 2573//1219
f 2630//1220 2631//1220 2573//1220
f 2573//1221 2631//1221 2632//1221
f 2573//1222 2632//1222 2574//1222
f 2632//1223 2633//1223 2574//1223
f 2574//1224 2633//1224 2634//1224
f 2574//1225 2634//1225 2575//1225
f 2575//1225 2634//1225 2635//1225
f 2575//1226 2635//1226 2576//1226
f 2635//1226 2636//1226 2576//1226
f 2576//1227 2636//1227 2637//1227
f 2576//1228 2637//1228 2577//1228
f 2637//1229 2638//1229 2577//1229
f 2577//1230 2638//1230 2639//1230
f 2577//1231 2639//1231 2578//1231
f 2578//1232 2639//1232 2640//1232
f 2578//1233 2640//1233 2579//1233
f 2640//1234 2641//1234 2579//1234
f 2579//1235 2641//1235 2642//1235
f 2579//1236 2642//1236 2580//1236
f 2642//1237 2643//1237 2580//1237
f 2580//1238 2643//1238 2644//1238
f 2580//1239 2644//1239 2581//1239
f 2644//1239 2645//1239 2581//1239
f 2581//1240 2645//1240 2646//1240
f 2581//1241 2646//1241 2582//1241
f 2646//1242 2647//1242 2582//1242
f 2582//1243 2647//1243 2648//1243
f 2582//1244 2648//1244 2583//1244
f 2583//1245 2648//1245 2649//1245
f 2583//1246 2649//1246 2584//1246
f 2649//1247 2650//1247 2584//1247
f 2584//1248 2650//1248 2651//1248
f 2584//1249 2651//1249 2585//1249
f 2651//1250 2652//1250 2585//1250
f 2585//1251 2652//1251 2653//1251
f 2585//1252 2653//1252 2586//1252
f 2653//1253 2654//1253 2586//1253
f 2586//1254 2654//1254 2655//1254
f 2586//1255 2655//1255 2587//1255
f 2655//1255 2656//1255 2587//1255
f 2587//1256 2656//1256 2657//1256
f 2587//1257 2657//1257 2588//1257
f 2657//1258 2658//1258 2588//1258
f 2588//1259 2658//1259 2659//1259
f 2588//1260 2659//1260 2589//1260
f 2589//1261 2659//1261 2660//1261
f 2589//1262 2660//1262 2590//1262
f 2660//1263 2661//1263 2590//1263
f 2590//1264 2661//1264 2662//1264
f 2590//1265 2662//1265 2591//1265
f 2662//1266 2663//1266 2591//1266
f 2591//1267 2663//1267 2664//1267
f 2591//1268 2664//1268 2592//1268
f 2664//1268 2665//1268 2592//1268
f 2592//1269 2665//1269 2666//1269
f 2592//1270 2666//1270 2593//1270
f 2666//1271 2667//1271 2593//1271
f 2593//1272 2667//1272 2668//1272
f 2593//1273 2668//1273 2594//1273
f 2668//1274 2669//1274 2594//1274
f 2594//1275 2669//1275 2670//1275
f 2594//1276 2670//1276 2595//1276
f 2595//1277 2670//1277 2671//1277
f 2595//1278 2671//1278 2550//1278
f 2671//1279 2672//1279 2550//1279
f 2550//1280 2672//1280 2673//1280
f 2550//1281 2673//1281 2551//1281
f 2673//1282 2674//1282 2551//1282
f 2551//1283 2674//1283 2675//1283
f 2551//1284 2675//1284 2552//1284
f 2552//1284 2675//1284 2676//1284
f 2552//1285 2676//1285 2553//1285
f 2553//1285 2676//1285 2677//1285
f 2553//1286 2677//1286 2596//1286
f 2678//1287 2637//1287 2636//1287
f 2678//1288 2636//1288 2679//1288
f 2637//1289 2678//1289 2638//1289
f 2638//1290 2678//1290 2680//1290
f 2638//1291 2680//1291 2639//1291
f 2639//1292 2680//1292 2640//1292
f 2640//1293 2680//1293 2681//1293
f 2640//1294 2681//1294 2641//1294
f 2641//1295 2681//1295 2642//1295
f 2642//1296 2681//1296 2682//1296
f 2642//1297 2682//1297 2643//1297
f 2643//1298 2682//1298 2644//1298
f 2644//1299 2682//1299 2683//1299
f 2644//1300 2683//1300 2645//1300
f 2684//1301 2647//1301 2683//1301
f 2683//1302 2647//1302 2646//1302
f 2683//1303 2646//1303 2645//1303
f 2685//1304 2649//1304 2684//1304
f 2684//1305 2649//1305 2648//1305
f 2684//1306 2648//1306 2647//1306
f 2686//1307 2651//1307 2685//1307
f 2685//1308 2651//1308 2650//1308
f 2685//1309 2650//1309 2649//1309
f 2687//1310 2653//1310 2686//1310
f 2686//1311 2653//1311 2652//1311
f 2686//1312 2652//1312 2651//1312
f 2657//1313 2656//1313 2688//1313
f 2688//1314 2656//1314 2655//1314
f 2688//1315 2655//1315 2687//1315
f 2687//1316 2655//1316 2654//1316
f 2687//1317 2654//1317 2653//1317
f 2657//1318 2688//1318 2658//1318
f 2658//1319 2688//1319 2689//1319
f 2658//1320 2689//1320 2659//1320
f 2659//1321 2689//1321 2660//1321
f 2660//1322 2689//1322 2690//1322
f 2660//1323 2690//1323 2661//1323
f 2661//1324 2690//1324 2662//1324
f 2662//1325 2690//1325 2691//1325
f 2662//1326 2691//1326 2663//1326
f 2663//1327 2691//1327 2664//1327
f 2664//1328 2691//1328 2692//1328
f 2664//1329 2692//1329 2665//1329
f 2693//1330 2667//1330 2692//1330
f 2692//1331 2667//1331 2666//1331
f 2692//1332 2666//1332 2665//1332
f 2694//1333 2669//1333 2693//1333
f 2693//1334 2669//1334 2668//1334
f 2693//1335 2668//1335 2667//1335
f 2695//1336 2671//1336 2694//1336
f 2694//1337 2671//1337 2670//1337
f 2694//1338 2670//1338 2669//1338
f 2696//1339 2673//1339 2695//1339
f 2695//1340 2673//1340 2672//1340
f 2695//1341 2672//1341 2671//1341
f 2697//1342 2596//1342 2677//1342
f 2677//1343 2676//1343 2697//1343
f 2697//1344 2676//1344 2675//1344
f 2697//1345 2675//1345 2696//1345
f 2696//1346 2675//1346 2674//1346
f 2696//1347 2674//1347 2673//1347
f 2596//1348 2697//1348 2597//1348
f 2597//1349 2697//1349 2698//1349
f 2597//1350 2698//1350 2598//1350
f 2598//1351 2698//1351 2599//1351
f 2599//1352 2698//1352 2699//1352
f 2599//1353 2699//1353 2600//1353
f 2600//1354 2699//1354 2601//1354
f 2601//1355 2699//1355 2700//1355
f 2601//1356 2700//1356 2602//1356
f 2602//1357 2700//1357 2603//1357
f 2603//1358 2700//1358 2701//1358
f 2603//1359 2701//1359 2604//1359
f 2604//1360 2701//1360 2605//1360
f 2605//1361 2701//1361 2702//1361
f 2605//1362 2702//1362 2606//1362
f 2703//1363 2608//1363 2702//1363
f 2702//1364 2608//1364 2607//1364
f 2702//1365 2607//1365 2606//1365
f 2704//1366 2610//1366 2703//1366
f 2703//1367 2610//1367 2609//1367
f 2703//1368 2609//1368 2608//1368
f 2705//1369 2612//1369 2704//1369
f 2704//1370 2612//1370 2611//1370
f 2704//1371 2611//1371 2610//1371
f 2616//1372 2615//1372 2706//1372
f 2706//1373 2615//1373 2614//1373
f 2706//1374 2614//1374 2705//1374
f 2705//1375 2614//1375 2613//1375
f 2705//1376 2613//1376 2612//1376
f 2616//1377 2706//1377 2617//1377
f 2617//1378 2706//1378 2707//1378
f 2617//1379 2707//1379 2618//1379
f 2618//1380 2707//1380 2619//1380
f 2619//1381 2707//1381 2708//1381
f 2619//1382 2708//1382 2620//1382
f 2620//1383 2708//1383 2621//1383
f 2621//1384 2708//1384 2709//1384
f 2621//1385 2709//1385 2622//1385
f 2622//1386 2709//1386 2623//1386
f 2623//1387 2709//1387 2710//1387
f 2623//1388 2710//1388 2624//1388
f 2624//1389 2710//1389 2625//1389
f 2625//1390 2710//1390 2711//1390
f 2625//1391 2711//1391 2626//1391
f 2712//1392 2628//1392 2711//1392
f 2711//1393 2628//1393 2627//1393
f 2711//1394 2627//1394 2626//1394
f 2713//1395 2630//1395 2712//1395
f 2712//1396 2630//1396 2629//1396
f 2712//1397 2629//1397 2628//1397
f 2714//1398 2632//1398 2713//1398
f 2713//1399 2632//1399 2631//1399
f 2713//1400 2631//1400 2630//1400
f 2636//1143 2635//1143 2679//1143
f 2679//1144 2635//1144 2634//1144
f 2679//1401 2634//1401 2714//1401
f 2714//1402 2634//1402 2633//1402
f 2714//1403 2633//1403 2632//1403
f 2698//1 2697//1 2715//1
f 2715//1 2697//1 2696//1
f 2715//1 2696//1 2716//1
f 2716//1 2696//1 2695//1
f 2716//1 2695//1 2717//1
f 2717//1 2695//1 2694//1
f 2717//1 2694//1 2718//1
f 2718//1 2694//1 2693//1
f 2718//1 2693//1 2719//1
f 2719//1 2693//1 2692//1
f 2719//1 2692//1 2720//1
f 2720//1 2692//1 2691//1
f 2720//1 2691//1 2721//1
f 2721//1 2691//1 2690//1
f 2721//1 2690//1 2722//1
f 2722//1 2690//1 2689//1
f 2722//1 2689//1 2723//1
f 2723//1 2689//1 2688//1
f 2723//1 2688//1 2724//1
f 2724//1 2688//1 2687//1
f 2724//1 2687//1 2725//1
f 2725//1 2687//1 2686//1
f 2725//1 2686//1 2726//1
f 2726//1 2686//1 2685//1
f 2726//1 2685//1 2727//1
f 2727//1 2685//1 2684//1
f 2727//1 2684//1 2728//1
f 2728//1 2684//1 2683//1
f 2728//1 2683//1 2729//1
f 2729//1 2683//1 2682//1
f 2729//1 2682//1 2730//1
f 2730//1 2682//1 2681//1
f 2730//1 2681//1 2731//1
f 2731//1 2681//1 2680//1
f 2731//1 2680//1 2732//1
f 2732//1 2680//1 2678//1
f 2732//1 2678//1 2733//1
f 2733//1 2678//1 2679//1
f 2733//1 2679//1 2734//1
f 2734//1 2679//1 2714//1
f 2734//1 2714//1 2735//1
f 2735//1 2714//1 2713//1
f 2735//1 2713//1 2736//1
f 2736//1 2713//1 2712//1
f 2736//1 2712//1 2737//1
f 2737//1 2712//1 2711//1
f 2737//1 2711//1 2738//1
f 2738//1 2711//1 2710//1
f 2738//1 2710//1 2739//1
f 2739//1 2710//1 2709//1
f 2739//1 2709//1 2740//1
f 2740//1 2709//1 2708//1
f 2740//1 2708//1 2741//1
f 2741//1 2708//1 2707//1
f 2741//1 2707//1 2742//1
f 2742//1 2707//1 2706//1
f 2742//1 2706//1 2743//1
f 2743//1 2706//1 2705//1
f 2743//1 2705//1 2744//1
f 2744//1 2705//1 2704//1
f 2744//1 2704//1 2745//1
f 2745//1 2704//1 2703//1
f 2745//1 2703//1 2746//1
f 2746//1 2703//1 2702//1
f 2746//1 2702//1 2747//1
f 2747//1 2702//1 2701//1
f 2747//1 2701//1 2748//1
f 2748//1 2701//1 2700//1
f 2748//1 2700//1 2749//1
f 2749//1 2700//1 2699//1
f 2749//1 2699//1 2750//1
f 2750//1 2699//1 2698//1
f 2750//1 2698//1 2715//1
f 2733//1037 2751//1037 2732//1037
f 2732//1037 2751//1037 2752//1037
f 2732//1038 2752//1038 2731//1038
f 2731//1038 2752//1038 2753//1038
f 2731//817 2753//817 2730//817
f 2730//817 2753//817 2754//817
f 2730//1040 2754//1040 2729//1040
f 2729//1040 2754//1040 2755//1040
f 2729//1041 2755//1041 2728//1041
f 2728//1041 2755//1041 2756//1041
f 2728//1042 2756//1042 2727//1042
f 2727//1042 2756//1042 2757//1042
f 2727//1044 2757//1044 2726//1044
f 2726//1044 2757//1044 2758//1044
f 2726//1045 2758//1045 2725//1045
f 2725//1045 2758//1045 2759//1045
f 2725//1046 2759//1046 2724//1046
f 2724//1046 2759//1046 2760//1046
f 2724//1047 2760//1047 2723//1047
f 2723//1047 2760//1047 2761//1047
f 2723//1048 2761//1048 2722//1048
f 2722//1048 2761//1048 2762//1048
f 2722//1049 2762//1049 2721//1049
f 2721//1049 2762//1049 2763//1049
f 2721//1051 2763//1051 2720//1051
f 2720//1051 2763//1051 2764//1051
f 2720//1052 2764//1052 2719//1052
f 2719//1052 2764//1052 2765//1052
f 2719//777 2765//777 2718//777
f 2718//777 2765//777 2766//777
f 2718//1054 2766//1054 2717//1054
f 2717//1054 2766//1054 2767//1054
f 2717//1055 2767//1055 2716//1055
f 2716//1055 2767//1055 2768//1055
f 2716//1056 2768//1056 2715//1056
f 2715//1056 2768//1056 2769//1056
f 2715//1057 2769//1057 2750//1057
f 2750//1057 2769//1057 2770//1057
f 2750//1058 2770//1058 2749//1058
f 2749//1058 2770//1058 2771//1058
f 2749//1059 2771//1059 2748//1059
f 2748//1059 2771//1059 2772//1059
f 2748//1404 2772//1404 2747//1404
f 2747//1404 2772//1404 2773//1404
f 2747//1061 2773//1061 2746//1061
f 2746//1061 2773//1061 2774//1061
f 2746//1063 2774//1063 2745//1063
f 2745//1063 2774//1063 2775//1063
f 2745//1064 2775//1064 2744//1064
f 2744//1064 2775//1064 2776//1064
f 2744//1065 2776//1065 2743//1065
f 2743//1065 2776//1065 2777//1065
f 2743//857 2777//857 2742//857
f 2742//857 2777//857 2778//857
f 2742//1066 2778//1066 2741//1066
f 2741//1066 2778//1066 2779//1066
f 2741//1067 2779//1067 2740//1067
f 2740//1067 2779//1067 2780//1067
f 2740//1068 2780//1068 2739//1068
f 2739//1068 2780//1068 2781//1068
f 2739//1069 2781//1069 2738//1069
f 2738//1069 2781//1069 2782//1069
f 2738//1071 2782//1071 2737//1071
f 2737//1071 2782//1071 2783//1071
f 2737//1073 2783//1073 2736//1073
f 2736//1073 2783//1073 2784//1073
f 2736//1074 2784//1074 2735//1074
f 2735//1074 2784//1074 2785//1074
f 2735//1075 2785//1075 2734//1075
f 2734//1075 2785//1075 2786//1075
f 2734//1076 2786//1076 2733//1076
f 2733//1076 2786//1076 2751//1076
f 2787//1 2765//1 2788//1
f 2788//1 2765//1 2764//1
f 2788//1 2764//1 2789//1
f 2789//1 2764//1 2763//1
f 2789//1 2763//1 2790//1
f 2790//1 2763//1 2762//1
f 2790//1 2762//1 2791//1
f 2791//1 2762//1 2761//1
f 2791//1 2761//1 2792//1
f 2792//1 2761//1 2760//1
f 2792//1 2760//1 2793//1
f 2793//1 2760//1 2759//1
f 2793//1 2759//1 2794//1
f 2794//1 2759//1 2758//1
f 2794//1 2758//1 2795//1
f 2795//1 2758//1 2757//1
f 2795//1 2757//1 2796//1
f 2796//1 2757//1 2756//1
f 2796//1 2756//1 2797//1
f 2797//1 2756//1 2755//1
f 2797//1 2755//1 2798//1
f 2798//1 2755//1 2754//1
f 2798//1 2754//1 2799//1
f 2799//1 2754//1 2753//1
f 2799//1 2753//1 2800//1
f 2800//1 2753//1 2752//1
f 2800//1 2752//1 2801//1
f 2801//1 2752//1 2751//1
f 2801//1 2751//1 2802//1
f 2802//1 2751//1 2786//1
f 2802//1 2786//1 2803//1
f 2803//1 2786//1 2785//1
f 2803//1 2785//1 2804//1
f 2804//1 2785//1 2784//1
f 2804//1 2784//1 2805//1
f 2805//1 2784//1 2783//1
f 2805//1 2783//1 2806//1
f 2806//1 2783//1 2782//1
f 2806//1 2782//1 2807//1
f 2807//1 2782//1 2781//1
f 2807//1 2781//1 2808//1
f 2808//1 2781//1 2780//1
f 2808//1 2780//1 2809//1
f 2809//1 2780//1 2779//1
f 2809//1 2779//1 2810//1
f 2810//1 2779//1 2778//1
f 2810//1 2778//1 2811//1
f 2811//1 2778//1 2777//1
f 2811//1 2777//1 2812//1
f 2812//1 2777//1 2776//1
f 2812//1 2776//1 2813//1
f 2813//1 2776//1 2775//1
f 2813//1 2775//1 2814//1
f 2814//1 2775//1 2774//1
f 2814//1 2774//1 2815//1
f 2815//1 2774//1 2773//1
f 2815//1 2773//1 2816//1
f 2816//1 2773//1 2772//1
f 2816//1 2772//1 2817//1
f 2817//1 2772//1 2771//1
f 2817//1 2771//1 2818//1
f 2818//1 2771//1 2770//1
f 2818//1 2770//1 2819//1
f 2819//1 2770//1 2769//1
f 2819//1 2769//1 2820//1
f 2820//1 2769//1 2768//1
f 2820//1 2768//1 2821//1
f 2821//1 2768//1 2767//1
f 2821//1 2767//1 2822//1
f 2822//1 2767//1 2766//1
f 2822//1 2766//1 2787//1
f 2787//1 2766//1 2765//1
f 2801//1037 2823//1037 2800//1037
f 2800//1037 2823//1037 2824//1037
f 2800//1038 2824//1038 2799//1038
f 2799//1038 2824//1038 2825//1038
f 2799//817 2825//817 2798//817
f 2798//817 2825//817 2826//817
f 2798//1040 2826//1040 2797//1040
f 2797//1040 2826//1040 2827//1040
f 2797//1041 2827//1041 2796//1041
f 2796//1041 2827//1041 2828//1041
f 2796//1042 2828//1042 2795//1042
f 2795//1042 2828//1042 2829//1042
f 2795//1044 2829//1044 2794//1044
f 2794//1044 2829//1044 2830//1044
f 2794//1045 2830//1045 2793//1045
f 2793//1045 2830//1045 2831//1045
f 2793//1046 2831//1046 2792//1046
f 2792//1046 2831//1046 2832//1046
f 2792//1047 2832//1047 2791//1047
f 2791//1047 2832//1047 2833//1047
f 2791//1048 2833//1048 2790//1048
f 2790//1048 2833//1048 2834//1048
f 2790//1049 2834//1049 2789//1049
f 2789//1049 2834//1049 2835//1049
f 2789//1051 2835//1051 2788//1051
f 2788//1051 2835//1051 2836//1051
f 2788//1052 2836//1052 2787//1052
f 2787//1052 2836//1052 2837//1052
f 2787//777 2837//777 2822//777
f 2822//777 2837//777 2838//777
f 2822//1054 2838//1054 2821//1054
f 2821//1054 2838//1054 2839//1054
f 2821//1055 2839//1055 2820//1055
f 2820//1055 2839//1055 2840//1055
f 2820//1056 2840//1056 2819//1056
f 2819//1056 2840//1056 2841//1056
f 2819//1057 2841//1057 2818//1057
f 2818//1057 2841//1057 2842//1057
f 2818//1058 2842//1058 2817//1058
f 2817//1058 2842//1058 2843//1058
f 2817//1059 2843//1059 2816//1059
f 2816//1059 2843//1059 2844//1059
f 2816//1404 2844//1404 2815//1404
f 2815//1404 2844//1404 2845//1404
f 2815//1061 2845//1061 2814//1061
f 2814//1061 2845//1061 2846//1061
f 2814//1063 2846//1063 2813//1063
f 2813//1063 2846//1063 2847//1063
f 2813//1064 2847//1064 2812//1064
f 2812//1064 2847//1064 2848//1064
f 2812//1065 2848//1065 2811//1065
f 2811//1065 2848//1065 2849//1065
f 2811//857 2849//857 2810//857
f 2810//857 2849//857 2850//857
f 2810//1066 2850//1066 2809//1066
f 2809//1066 2850//1066 2851//1066
f 2809//1067 2851//1067 2808//1067
f 2808//1067 2851//1067 2852//1067
f 2808//1068 2852//1068 2807//1068
f 2807//1068 2852//1068 2853//1068
f 2807//1069 2853//1069 2806//1069
f 2806//1069 2853//1069 2854//1069
f 2806//1071 2854//1071 2805//1071
f 2805//1071 2854//1071 2855//1071
f 2805//1073 2855//1073 2804//1073
f 2804//1073 2855//1073 2856//1073
f 2804//1074 2856//1074 2803//1074
f 2803//1074 2856//1074 2857//1074
f 2803//1075 2857//1075 2802//1075
f 2802//1075 2857//1075 2858//1075
f 2802//1076 2858//1076 2801//1076
f 2801//1076 2858//1076 2823//1076
f 2122//1 2830//1 2121//1
f 2121//1 2830//1 2829//1
f 2121//1 2829//1 2120//1
f 2120//1 2829//1 2828//1
f 2120//1 2828//1 2119//1
f 2119//1 2828//1 2827//1
f 2119//1 2827//1 2118//1
f 2118//1 2827//1 2826//1
f 2118//1 2826//1 2117//1
f 2117//1 2826//1 2825//1
f 2117//1 2825//1 2116//1
f 2116//1 2825//1 2824//1
f 2116//1 2824//1 2115//1
f 2115//1 2824//1 2823//1
f 2115//1 2823//1 2150//1
f 2150//1 2823//1 2858//1
f 2150//1 2858//1 2149//1
f 2149//1 2858//1 2857//1
f 2149//1 2857//1 2148//1
f 2148//1 2857//1 2856//1
f 2148//1 2856//1 2147//1
f 2147//1 2856//1 2855//1
f 2147//1 2855//1 2146//1
f 2146//1 2855//1 2854//1
f 2146//1 2854//1 2145//1
f 2145//1 2854//1 2853//1
f 2145//1 2853//1 2144//1
f 2144//1 2853//1 2852//1
f 2144//1 2852//1 2143//1
f 2143//1 2852//1 2851//1
f 2143//1 2851//1 2142//1
f 2142//1 2851//1 2850//1
f 2142//1 2850//1 2141//1
f 2141//1 2850//1 2849//1
f 2141//1 2849//1 2140//1
f 2140//1 2849//1 2848//1
f 2140//1 2848//1 2139//1
f 2139//1 2848//1 2847//1
f 2139//1 2847//1 2138//1
f 2138//1 2847//1 2846//1
f 2138//1 2846//1 2137//1
f 2137//1 2846//1 2845//1
f 2137//1 2845//1 2136//1
f 2136//1 2845//1 2844//1
f 2136//1 2844//1 2135//1
f 2135//1 2844//1 2843//1
f 2135//1 2843//1 2134//1
f 2134//1 2843//1 2842//1
f 2134//1 2842//1 2133//1
f 2133//1 2842//1 2841//1
f 2133//1 2841//1 2132//1
f 2132//1 2841//1 2840//1
f 2132//1 2840//1 2131//1
f 2131//1 2840//1 2839//1
f 2131//1 2839//1 2130//1
f 2130//1 2839//1 2838//1
f 2130//1 2838//1 2129//1
f 2129//1 2838//1 2837//1
f 2129//1 2837//1 2128//1
f 2128//1 2837//1 2836//1
f 2128//1 2836//1 2127//1
f 2127//1 2836//1 2835//1
f 2127//1 2835//1 2126//1
f 2126//1 2835//1 2834//1
f 2126//1 2834//1 2125//1
f 2125//1 2834//1 2833//1
f 2125//1 2833//1 2124//1
f 2124//1 2833//1 2832//1
f 2124//1 2832//1 2123//1
f 2123//1 2832//1 2831//1
f 2123//1 2831//1 2122//1
f 2122//1 2831//1 2830//1
f 235//1405 2859//1405 81//1405
f 81//1406 2859//1406 2860//1406
f 81//1406 2860//1406 83//1406
f 83//1407 2860//1407 2861//1407
f 83//1407 2861//1407 85//1407
f 85//1408 2861//1408 2862//1408
f 85//1409 2862//1409 87//1409
f 87//1410 2862//1410 2863//1410
f 87//1410 2863//1410 89//1410
f 89//1411 2863//1411 2864//1411
f 89//1411 2864//1411 91//1411
f 91//1412 2864//1412 2865//1412
f 91//1412 2865//1412 93//1412
f 93//1413 2865//1413 2866//1413
f 93//1413 2866//1413 95//1413
f 95//1414 2866//1414 2867//1414
f 95//1414 2867//1414 97//1414
f 97//1415 2867//1415 2868//1415
f 97//1415 2868//1415 99//1415
f 99//1416 2868//1416 2869//1416
f 99//1416 2869//1416 101//1416
f 101//1417 2869//1417 2870//1417
f 101//1417 2870//1417 103//1417
f 103//1418 2870//1418 2871//1418
f 103//1418 2871//1418 105//1418
f 105//1419 2871//1419 2872//1419
f 105//1419 2872//1419 107//1419
f 107//1420 2872//1420 2873//1420
f 107//1420 2873//1420 109//1420
f 109//1421 2873//1421 2874//1421
f 109//1421 2874//1421 111//1421
f 111//1422 2874//1422 2875//1422
f 111//1422 2875//1422 113//1422
f 113//1423 2875//1423 2876//1423
f 113//1423 2876//1423 115//1423
f 115//1424 2876//1424 2877//1424
f 115//1424 2877//1424 117//1424
f 117//1425 2877//1425 2878//1425
f 117//1425 2878//1425 119//1425
f 119//1426 2878//1426 2879//1426
f 119//1426 2879//1426 121//1426
f 121//1427 2879//1427 2880//1427
f 121//1427 2880//1427 123//1427
f 123//1428 2880//1428 2881//1428
f 123//1429 2881//1429 125//1429
f 125//1430 2881//1430 2882//1430
f 125//1430 2882//1430 127//1430
f 127//1431 2882//1431 2883//1431
f 127//1431 2883//1431 129//1431
f 129//1432 2883//1432 2884//1432
f 129//1432 2884//1432 131//1432
f 131//1433 2884//1433 2885//1433
f 131//1433 2885//1433 133//1433
f 133//1434 2885//1434 2886//1434
f 133//1434 2886//1434 135//1434
f 135//1435 2886//1435 2887//1435
f 135//1435 2887//1435 137//1435
f 137//1436 2887//1436 2888//1436
f 137//1436 2888//1436 139//1436
f 139//1437 2888//1437 2889//1437
f 139//1437 2889//1437 141//1437
f 141//1438 2889//1438 2890//1438
f 141//1438 2890//1438 143//1438
f 143//1439 2890//1439 2891//1439
f 143//1439 2891//1439 145//1439
f 145//1440 2891//1440 2892//1440
f 145//1440 2892//1440 147//1440
f 147//1441 2892//1441 2893//1441
f 147//1441 2893//1441 149//1441
f 149//1442 2893//1442 2894//1442
f 149//1443 2894//1443 151//1443
f 151//1444 2894//1444 2895//1444
f 151//1444 2895//1444 153//1444
f 153//1445 2895//1445 2896//1445
f 153//1445 2896//1445 155//1445
f 155//1446 2896//1446 2897//1446
f 155//1446 2897//1446 157//1446
f 157//1447 2897//1447 2898//1447
f 157//1447 2898//1447 159//1447
f 159//1448 2898//1448 2899//1448
f 159//1448 2899//1448 161//1448
f 161//1449 2899//1449 2900//1449
f 161//1449 2900//1449 163//1449
f 163//1450 2900//1450 2901//1450
f 163//1451 2901//1451 165//1451
f 165//1452 2901//1452 2902//1452
f 165//1452 2902//1452 167//1452
f 167//1453 2902//1453 2903//1453
f 167//1453 2903//1453 169//1453
f 169//1454 2903//1454 2904//1454
f 169//1454 2904//1454 171//1454
f 171//1455 2904//1455 2905//1455
f 171//1455 2905//1455 173//1455
f 173//1456 2905//1456 2906//1456
f 173//1456 2906//1456 175//1456
f 175//1457 2906//1457 2907//1457
f 175//1457 2907//1457 177//1457
f 177//1458 2907//1458 2908//1458
f 177//1458 2908//1458 179//1458
f 179//1459 2908//1459 2909//1459
f 179//1459 2909//1459 181//1459
f 181//1460 2909//1460 2910//1460
f 181//1460 2910//1460 183//1460
f 183//1461 2910//1461 2911//1461
f 183//1461 2911//1461 185//1461
f 185//1462 2911//1462 2912//1462
f 185//1463 2912//1463 187//1463
f 187//1464 2912//1464 2913//1464
f 187//1464 2913//1464 189//1464
f 189//1465 2913//1465 2914//1465
f 189//1465 2914//1465 191//1465
f 191//1466 2914//1466 2915//1466
f 191//1466 2915//1466 193//1466
f 193//1467 2915//1467 2916//1467
f 193//1467 2916//1467 195//1467
f 195//1468 2916//1468 2917//1468
f 195//1468 2917//1468 197//1468
f 197//1469 2917//1469 2918//1469
f 197//1469 2918//1469 199//1469
f 199//1470 2918//1470 2919//1470
f 199//1470 2919//1470 201//1470
f 201//1471 2919//1471 2920//1471
f 201//1471 2920//1471 203//1471
f 203//1472 2920//1472 2921//1472
f 203//1472 2921//1472 205//1472
f 205//1473 2921//1473 2922//1473
f 205//1473 2922//1473 207//1473
f 207//1474 2922//1474 2923//1474
f 207//1474 2923//1474 209//1474
f 209//1475 2923//1475 2924//1475
f 209//1475 2924//1475 211//1475
f 211//1476 2924//1476 2925//1476
f 211//1476 2925//1476 213//1476
f 213//1477 2925//1477 2926//1477
f 213//1477 2926//1477 215//1477
f 215//1478 2926//1478 2927//1478
f 215//1478 2927//1478 217//1478
f 217//1479 2927//1479 2928//1479
f 217//1480 2928//1480 219//1480
f 219//1481 2928//1481 2929//1481
f 219//1481 2929//1481 221//1481
f 221//1482 2929//1482 2930//1482
f 221//1482 2930//1482 223//1482
f 223//1483 2930//1483 2931//1483
f 223//1483 2931//1483 225//1483
f 225//1484 2931//1484 2932//1484
f 225//1484 2932//1484 227//1484
f 227//1485 2932//1485 2933//1485
f 227//1486 2933//1486 229//1486
f 229//1487 2933//1487 2934//1487
f 229//1487 2934//1487 231//1487
f 231//1488 2934//1488 2935//1488
f 231//1488 2935//1488 233//1488
f 233//1489 2935//1489 2936//1489
f 233//1489 2936//1489 235//1489
f 235//1405 2936//1405 2859//1405
f 2936//1490 2937//1490 2859//1490
f 2859//1491 2937//1491 2938//1491
f 2859//1491 2938//1491 2860//1491
f 2860//1492 2938//1492 2939//1492
f 2860//1492 2939//1492 2861//1492
f 2861//1493 2939//1493 2940//1493
f 2861//1494 2940//1494 2862//1494
f 2862//1495 2940//1495 2941//1495
f 2862//1495 2941//1495 2863//1495
f 2863//1496 2941//1496 2942//1496
f 2863//1496 2942//1496 2864//1496
f 2864//1497 2942//1497 2943//1497
f 2864//1497 2943//1497 2865//1497
f 2865//1498 2943//1498 2944//1498
f 2865//1498 2944//1498 2866//1498
f 2866//1499 2944//1499 2945//1499
f 2866//1500 2945//1500 2867//1500
f 2867//1501 2945//1501 2946//1501
f 2867//1501 2946//1501 2868//1501
f 2868//1502 2946//1502 2947//1502
f 2868//1502 2947//1502 2869//1502
f 2869//1503 2947//1503 2948//1503
f 2869//1503 2948//1503 2870//1503
f 2870//1504 2948//1504 2949//1504
f 2870//1504 2949//1504 2871//1504
f 2871//1505 2949//1505 2950//1505
f 2871//1505 2950//1505 2872//1505
f 2872//1506 2950//1506 2951//1506
f 2872//1506 2951//1506 2873//1506
f 2873//1507 2951//1507 2952//1507
f 2873//1507 2952//1507 2874//1507
f 2874//1508 2952//1508 2953//1508
f 2874//1508 2953//1508 2875//1508
f 2875//1509 2953//1509 2954//1509
f 2875//1509 2954//1509 2876//1509
f 2876//1510 2954//1510 2955//1510
f 2876//1510 2955//1510 2877//1510
f 2877//1511 2955//1511 2956//1511
f 2877//1511 2956//1511 2878//1511
f 2878//1512 2956//1512 2957//1512
f 2878//1512 2957//1512 2879//1512
f 2879//1513 2957//1513 2958//1513
f 2879//1513 2958//1513 2880//1513
f 2880//1514 2958//1514 2959//1514
f 2880//1514 2959//1514 2881//1514
f 2881//1515 2959//1515 2960//1515
f 2881//1515 2960//1515 2882//1515
f 2882//1516 2960//1516 2961//1516
f 2882//1516 2961//1516 2883//1516
f 2883//1517 2961//1517 2962//1517
f 2883//1517 2962//1517 2884//1517
f 2884//1518 2962//1518 2963//1518
f 2884//1518 2963//1518 2885//1518
f 2885//1519 2963//1519 2964//1519
f 2885//1519 2964//1519 2886//1519
f 2886//1520 2964//1520 2965//1520
f 2886//1520 2965//1520 2887//1520
f 2887//1521 2965//1521 2966//1521
f 2887//1521 2966//1521 2888//1521
f 2888//1522 2966//1522 2967//1522
f 2888//1523 2967//1523 2889//1523
f 2889//1524 2967//1524 2968//1524
f 2889//1524 2968//1524 2890//1524
f 2890//1525 2968//1525 2969//1525
f 2890//1525 2969//1525 2891//1525
f 2891//1526 2969//1526 2970//1526
f 2891//1526 2970//1526 2892//1526
f 2892//1527 2970//1527 2971//1527
f 2892//1527 2971//1527 2893//1527
f 2893//1528 2971//1528 2972//1528
f 2893//1529 2972//1529 2894//1529
f 2894//1530 2972//1530 2973//1530
f 2894//1530 2973//1530 2895//1530
f 2895//1531 2973//1531 2974//1531
f 2895//1531 2974//1531 2896//1531
f 2896//1532 2974//1532 2975//1532
f 2896//1532 2975//1532 2897//1532
f 2897//1533 2975//1533 2976//1533
f 2897//1533 2976//1533 2898//1533
f 2898//1534 2976//1534 2977//1534
f 2898//1534 2977//1534 2899//1534
f 2899//1535 2977//1535 2978//1535
f 2899//1535 2978//1535 2900//1535
f 2900//1536 2978//1536 2979//1536
f 2900//1536 2979//1536 2901//1536
f 2901//1537 2979//1537 2980//1537
f 2901//1537 2980//1537 2902//1537
f 2902//1538 2980//1538 2981//1538
f 2902//1538 2981//1538 2903//1538
f 2903//1539 2981//1539 2982//1539
f 2903//1539 2982//1539 2904//1539
f 2904//1540 2982//1540 2983//1540
f 2904//1540 2983//1540 2905//1540
f 2905//1541 2983//1541 2984//1541
f 2905//1542 2984//1542 2906//1542
f 2906//1543 2984//1543 2985//1543
f 2906//1543 2985//1543 2907//1543
f 2907//1544 2985//1544 2986//1544
f 2907//1544 2986//1544 2908//1544
f 2908//1545 2986//1545 2987//1545
f 2908//1545 2987//1545 2909//1545
f 2909//1546 2987//1546 2988//1546
f 2909//1546 2988//1546 2910//1546
f 2910//1547 2988//1547 2989//1547
f 2910//1547 2989//1547 2911//1547
f 2911//1548 2989//1548 2990//1548
f 2911//1548 2990//1548 2912//1548
f 2912//1549 2990//1549 2991//1549
f 2912//1549 2991//1549 2913//1549
f 2913//1550 2991//1550 2992//1550
f 2913//1550 2992//1550 2914//1550
f 2914//1551 2992//1551 2993//1551
f 2914//1551 2993//1551 2915//1551
f 2915//1552 2993//1552 2994//1552
f 2915//1552 2994//1552 2916//1552
f 2916//1553 2994//1553 2995//1553
f 2916//1553 2995//1553 2917//1553
f 2917//1554 2995//1554 2996//1554
f 2917//1554 2996//1554 2918//1554
f 2918//1555 2996//1555 2997//1555
f 2918//1555 2997//1555 2919//1555
f 2919//1556 2997//1556 2998//1556
f 2919//1556 2998//1556 2920//1556
f 2920//1557 2998//1557 2999//1557
f 2920//1557 2999//1557 2921//1557
f 2921//1558 2999//1558 3000//1558
f 2921//1558 3000//1558 2922//1558
f 2922//1559 3000//1559 3001//1559
f 2922//1559 3001//1559 2923//1559
f 2923//1560 3001//1560 3002//1560
f 2923//1560 3002//1560 2924//1560
f 2924//1561 3002//1561 3003//1561
f 2924//1561 3003//1561 2925//1561
f 2925//1562 3003//1562 3004//1562
f 2925//1562 3004//1562 2926//1562
f 2926//1563 3004//1563 3005//1563
f 2926//1563 3005//1563 2927//1563
f 2927//1564 3005//1564 3006//1564
f 2927//1564 3006//1564 2928//1564
f 2928//1565 3006//1565 3007//1565
f 2928//1565 3007//1565 2929//1565
f 2929//1566 3007//1566 3008//1566
f 2929//1566 3008//1566 2930//1566
f 2930//1567 3008//1567 3009//1567
f 2930//1567 3009//1567 2931//1567
f 2931//1568 3009//1568 3010//1568
f 2931//1568 3010//1568 2932//1568
f 2932//1569 3010//1569 3011//1569
f 2932//1570 3011//1570 2933//1570
f 2933//1571 3011//1571 3012//1571
f 2933//1571 3012//1571 2934//1571
f 2934//1572 3012//1572 3013//1572
f 2934//1572 3013//1572 2935//1572
f 2935//1573 3013//1573 3014//1573
f 2935//1573 3014//1573 2936//1573
f 2936//1490 3014//1490 2937//1490
f 3014//1574 352//1574 2937//1574
f 2937//1575 352//1575 350//1575
f 2937//1575 350//1575 2938//1575
f 2938//1576 350//1576 377//1576
f 2938//1576 377//1576 2939//1576
f 2939//1577 377//1577 376//1577
f 2939//1577 376//1577 2940//1577
f 2940//1578 376//1578 374//1578
f 2940//1578 374//1578 2941//1578
f 2941//1579 374//1579 372//1579
f 2941//1579 372//1579 2942//1579
f 2942//1580 372//1580 370//1580
f 2942//1580 370//1580 2943//1580
f 2943//1581 370//1581 368//1581
f 2943//1581 368//1581 2944//1581
f 2944//1582 368//1582 367//1582
f 2944//1582 367//1582 2945//1582
f 2945//1583 367//1583 365//1583
f 2945//1583 365//1583 2946//1583
f 2946//1584 365//1584 363//1584
f 2946//1584 363//1584 2947//1584
f 2947//1585 363//1585 361//1585
f 2947//1585 361//1585 2948//1585
f 2948//1586 361//1586 359//1586
f 2948//1586 359//1586 2949//1586
f 2949//1587 359//1587 358//1587
f 2949//1588 358//1588 2950//1588
f 2950//1589 358//1589 347//1589
f 2950//1589 347//1589 2951//1589
f 2951//1590 347//1590 345//1590
f 2951//1590 345//1590 2952//1590
f 2952//1591 345//1591 343//1591
f 2952//1591 343//1591 2953//1591
f 2953//1592 343//1592 341//1592
f 2953//1592 341//1592 2954//1592
f 2954//1593 341//1593 339//1593
f 2954//1593 339//1593 2955//1593
f 2955//1594 339//1594 338//1594
f 2955//1594 338//1594 2956//1594
f 2956//1595 338//1595 336//1595
f 2956//1595 336//1595 2957//1595
f 2957//1596 336//1596 334//1596
f 2957//1596 334//1596 2958//1596
f 2958//1597 334//1597 332//1597
f 2958//1597 332//1597 2959//1597
f 2959//1598 332//1598 330//1598
f 2959//1598 330//1598 2960//1598
f 2960//1599 330//1599 328//1599
f 2960//1599 328//1599 2961//1599
f 2961//1600 328//1600 327//1600
f 2961//1600 327//1600 2962//1600
f 2962//1601 327//1601 325//1601
f 2962//1601 325//1601 2963//1601
f 2963//1602 325//1602 323//1602
f 2963//1602 323//1602 2964//1602
f 2964//1603 323//1603 321//1603
f 2964//1603 321//1603 2965//1603
f 2965//1604 321//1604 319//1604
f 2965//1604 319//1604 2966//1604
f 2966//1605 319//1605 318//1605
f 2966//1605 318//1605 2967//1605
f 2967//1606 318//1606 316//1606
f 2967//1606 316//1606 2968//1606
f 2968//1607 316//1607 314//1607
f 2968//1607 314//1607 2969//1607
f 2969//1608 314//1608 312//1608
f 2969//1608 312//1608 2970//1608
f 2970//1609 312//1609 310//1609
f 2970//1609 310//1609 2971//1609
f 2971//1610 310//1610 308//1610
f 2971//1610 308//1610 2972//1610
f 2972//1611 308//1611 307//1611
f 2972//1611 307//1611 2973//1611
f 2973//1612 307//1612 305//1612
f 2973//1612 305//1612 2974//1612
f 2974//1613 305//1613 303//1613
f 2974//1613 303//1613 2975//1613
f 2975//1614 303//1614 301//1614
f 2975//1614 301//1614 2976//1614
f 2976//1615 301//1615 299//1615
f 2976//1615 299//1615 2977//1615
f 2977//1616 299//1616 298//1616
f 2977//1616 298//1616 2978//1616
f 2978//1617 298//1617 265//1617
f 2978//1617 265//1617 2979//1617
f 2979//1618 265//1618 263//1618
f 2979//1618 263//1618 2980//1618
f 2980//1619 263//1619 261//1619
f 2980//1619 261//1619 2981//1619
f 2981//1620 261//1620 259//1620
f 2981//1620 259//1620 2982//1620
f 2982//1621 259//1621 257//1621
f 2982//1621 257//1621 2983//1621
f 2983//1622 257//1622 297//1622
f 2983//1622 297//1622 2984//1622
f 2984//1623 297//1623 296//1623
f 2984//1623 296//1623 2985//1623
f 2985//1624 296//1624 294//1624
f 2985//1624 294//1624 2986//1624
f 2986//1625 294//1625 292//1625
f 2986//1625 292//1625 2987//1625
f 2987//1626 292//1626 290//1626
f 2987//1626 290//1626 2988//1626
f 2988//1627 290//1627 289//1627
f 2988//1627 289//1627 2989//1627
f 2989//1628 289//1628 287//1628
f 2989//1628 287//1628 2990//1628
f 2990//1629 287//1629 285//1629
f 2990//1629 285//1629 2991//1629
f 2991//1630 285//1630 283//1630
f 2991//1630 283//1630 2992//1630
f 2992//1631 283//1631 281//1631
f 2992//1631 281//1631 2993//1631
f 2993//1632 281//1632 279//1632
f 2993//1632 279//1632 2994//1632
f 2994//1633 279//1633 278//1633
f 2994//1633 278//1633 2995//1633
f 2995//1634 278//1634 254//1634
f 2995//1634 254//1634 2996//1634
f 2996//1635 254//1635 252//1635
f 2996//1635 252//1635 2997//1635
f 2997//1636 252//1636 250//1636
f 2997//1636 250//1636 2998//1636
f 2998//1637 250//1637 248//1637
f 2998//1637 248//1637 2999//1637
f 2999//1638 248//1638 246//1638
f 2999//1638 246//1638 3000//1638
f 3000//1639 246//1639 245//1639
f 3000//1639 245//1639 3001//1639
f 3001//1640 245//1640 243//1640
f 3001//1640 243//1640 3002//1640
f 3002//1641 243//1641 241//1641
f 3002//1641 241//1641 3003//1641
f 3003//1642 241//1642 239//1642
f 3003//1642 239//1642 3004//1642
f 3004//1643 239//1643 237//1643
f 3004//1643 237//1643 3005//1643
f 3005//1644 237//1644 277//1644
f 3005//1644 277//1644 3006//1644
f 3006//1645 277//1645 276//1645
f 3006//1645 276//1645 3007//1645
f 3007//1646 276//1646 274//1646
f 3007//1646 274//1646 3008//1646
f 3008//1647 274//1647 272//1647
f 3008//1647 272//1647 3009//1647
f 3009//1648 272//1648 270//1648
f 3009//1648 270//1648 3010//1648
f 3010//1649 270//1649 268//1649
f 3010//1649 268//1649 3011//1649
f 3011//1650 268//1650 357//1650
f 3011//1650 357//1650 3012//1650
f 3012//1651 357//1651 356//1651
f 3012//1651 356//1651 3013//1651
f 3013//1652 356//1652 354//1652
f 3013//1652 354//1652 3014//1652
f 3014//1574 354//1574 352//1574
f 5//1575 3015//1575 78//1575
f 78//1575 3015//1575 3016//1575
f 78//1653 3016//1653 79//1653
f 79//1576 3016//1576 3017//1576
f 79//1577 3017//1577 75//1577
f 75//1577 3017//1577 3018//1577
f 75//1578 3018//1578 76//1578
f 76//1578 3018//1578 3019//1578
f 76//1579 3019//1579 77//1579
f 77//1579 3019//1579 3020//1579
f 77//1580 3020//1580 72//1580
f 72//1580 3020//1580 3021//1580
f 72//1581 3021//1581 73//1581
f 73//1581 3021//1581 3022//1581
f 73//1582 3022//1582 74//1582
f 74//1582 3022//1582 3023//1582
f 74//1583 3023//1583 69//1583
f 69//1583 3023//1583 3024//1583
f 69//1584 3024//1584 70//1584
f 70//1584 3024//1584 3025//1584
f 70//1585 3025//1585 71//1585
f 71//1585 3025//1585 3026//1585
f 71//1586 3026//1586 66//1586
f 66//1586 3026//1586 3027//1586
f 66//1587 3027//1587 67//1587
f 67//1588 3027//1588 3028//1588
f 67//1589 3028//1589 68//1589
f 68//1589 3028//1589 3029//1589
f 68//1590 3029//1590 63//1590
f 63//1590 3029//1590 3030//1590
f 63//1591 3030//1591 64//1591
f 64//1591 3030//1591 3031//1591
f 64//1592 3031//1592 65//1592
f 65//1592 3031//1592 3032//1592
f 65//1593 3032//1593 60//1593
f 60//1593 3032//1593 3033//1593
f 60//1594 3033//1594 61//1594
f 61//1594 3033//1594 3034//1594
f 61//1595 3034//1595 62//1595
f 62//1595 3034//1595 3035//1595
f 62//1596 3035//1596 57//1596
f 57//1596 3035//1596 3036//1596
f 57//1597 3036//1597 58//1597
f 58//1597 3036//1597 3037//1597
f 58//1598 3037//1598 59//1598
f 59//1598 3037//1598 3038//1598
f 59//1599 3038//1599 54//1599
f 54//1599 3038//1599 3039//1599
f 54//1600 3039//1600 55//1600
f 55//1654 3039//1654 3040//1654
f 55//1601 3040//1601 56//1601
f 56//1601 3040//1601 3041//1601
f 56//1602 3041//1602 51//1602
f 51//1602 3041//1602 3042//1602
f 51//1603 3042//1603 52//1603
f 52//1603 3042//1603 3043//1603
f 52//1604 3043//1604 53//1604
f 53//1604 3043//1604 3044//1604
f 53//1605 3044//1605 48//1605
f 48//1605 3044//1605 3045//1605
f 48//1606 3045//1606 49//1606
f 49//1606 3045//1606 3046//1606
f 49//1607 3046//1607 50//1607
f 50//1607 3046//1607 3047//1607
f 50//1608 3047//1608 45//1608
f 45//1608 3047//1608 3048//1608
f 45//1609 3048//1609 46//1609
f 46//1609 3048//1609 3049//1609
f 46//1610 3049//1610 47//1610
f 47//1610 3049//1610 3050//1610
f 47//1611 3050//1611 42//1611
f 42//1611 3050//1611 3051//1611
f 42//1612 3051//1612 43//1612
f 43//1612 3051//1612 3052//1612
f 43//1613 3052//1613 44//1613
f 44//1613 3052//1613 3053//1613
f 44//1614 3053//1614 39//1614
f 39//1614 3053//1614 3054//1614
f 39//1615 3054//1615 40//1615
f 40//1615 3054//1615 3055//1615
f 40//1616 3055//1616 41//1616
f 41//1616 3055//1616 3056//1616
f 41//1617 3056//1617 36//1617
f 36//1617 3056//1617 3057//1617
f 36//1618 3057//1618 37//1618
f 37//1618 3057//1618 3058//1618
f 37//1619 3058//1619 38//1619
f 38//1619 3058//1619 3059//1619
f 38//1620 3059//1620 33//1620
f 33//1620 3059//1620 3060//1620
f 33//1621 3060//1621 34//1621
f 34//1621 3060//1621 3061//1621
f 34//1622 3061//1622 35//1622
f 35//1622 3061//1622 3062//1622
f 35//1623 3062//1623 30//1623
f 30//1623 3062//1623 3063//1623
f 30//1624 3063//1624 31//1624
f 31//1624 3063//1624 3064//1624
f 31//1625 3064//1625 32//1625
f 32//1625 3064//1625 3065//1625
f 32//1626 3065//1626 27//1626
f 27//1626 3065//1626 3066//1626
f 27//1627 3066//1627 28//1627
f 28//1655 3066//1655 3067//1655
f 28//1628 3067//1628 29//1628
f 29//1628 3067//1628 3068//1628
f 29//1629 3068//1629 24//1629
f 24//1629 3068//1629 3069//1629
f 24//1630 3069//1630 25//1630
f 25//1630 3069//1630 3070//1630
f 25//1631 3070//1631 26//1631
f 26//1631 3070//1631 3071//1631
f 26//1632 3071//1632 21//1632
f 21//1632 3071//1632 3072//1632
f 21//1633 3072//1633 22//1633
f 22//1633 3072//1633 3073//1633
f 22//1634 3073//1634 23//1634
f 23//1634 3073//1634 3074//1634
f 23//1635 3074//1635 18//1635
f 18//1635 3074//1635 3075//1635
f 18//1636 3075//1636 19//1636
f 19//1636 3075//1636 3076//1636
f 19//1637 3076//1637 20//1637
f 20//1637 3076//1637 3077//1637
f 20//1638 3077//1638 15//1638
f 15//1638 3077//1638 3078//1638
f 15//1639 3078//1639 16//1639
f 16//1656 3078//1656 3079//1656
f 16//1640 3079//1640 17//1640
f 17//1640 3079//1640 3080//1640
f 17//1641 3080//1641 12//1641
f 12//1641 3080//1641 3081//1641
f 12//1642 3081//1642 13//1642
f 13//1642 3081//1642 3082//1642
f 13//1643 3082//1643 14//1643
f 14//1643 3082//1643 3083//1643
f 14//1644 3083//1644 9//1644
f 9//1644 3083//1644 3084//1644
f 9//1645 3084//1645 10//1645
f 10//1645 3084//1645 3085//1645
f 10//1646 3085//1646 11//1646
f 11//1646 3085//1646 3086//1646
f 11//1647 3086//1647 6//1647
f 6//1647 3086//1647 3087//1647
f 6//1648 3087//1648 7//1648
f 7//1648 3087//1648 3088//1648
f 7//1649 3088//1649 8//1649
f 8//1649 3088//1649 3089//1649
f 8//1650 3089//1650 1//1650
f 1//1657 3089//1657 3090//1657
f 1//1651 3090//1651 2//1651
f 2//1651 3090//1651 3091//1651
f 2//1652 3091//1652 4//1652
f 4//1652 3091//1652 3092//1652
f 4//1574 3092//1574 5//1574
f 5//1574 3092//1574 3015//1574
f 3015//1491 3093//1491 3016//1491
f 3016//1491 3093//1491 3094//1491
f 3016//1492 3094//1492 3017//1492
f 3017//1492 3094//1492 3095//1492
f 3017//1493 3095//1493 3018//1493
f 3018//1494 3095//1494 3096//1494
f 3018//1495 3096//1495 3019//1495
f 3019//1658 3096//1658 3097//1658
f 3019//1496 3097//1496 3020//1496
f 3020//1496 3097//1496 3098//1496
f 3020//1497 3098//1497 3021//1497
f 3021//1659 3098//1659 3099//1659
f 3021//1498 3099//1498 3022//1498
f 3022//1498 3099//1498 3100//1498
f 3022//1499 3100//1499 3023//1499
f 3023//1500 3100//1500 3101//1500
f 3023//1501 3101//1501 3024//1501
f 3024//1501 3101//1501 3102//1501
f 3024//1502 3102//1502 3025//1502
f 3025//1502 3102//1502 3103//1502
f 3025//1503 3103//1503 3026//1503
f 3026//1503 3103//1503 3104//1503
f 3026//1504 3104//1504 3027//1504
f 3027//1504 3104//1504 3105//1504
f 3027//1505 3105//1505 3028//1505
f 3028//1505 3105//1505 3106//1505
f 3028//1506 3106//1506 3029//1506
f 3029//1506 3106//1506 3107//1506
f 3029//1507 3107//1507 3030//1507
f 3030//1507 3107//1507 3108//1507
f 3030//1508 3108//1508 3031//1508
f 3031//1508 3108//1508 3109//1508
f 3031//1509 3109//1509 3032//1509
f 3032//1509 3109//1509 3110//1509
f 3032//1510 3110//1510 3033//1510
f 3033//1510 3110//1510 3111//1510
f 3033//1511 3111//1511 3034//1511
f 3034//1511 3111//1511 3112//1511
f 3034//1512 3112//1512 3035//1512
f 3035//1512 3112//1512 3113//1512
f 3035//1513 3113//1513 3036//1513
f 3036//1513 3113//1513 3114//1513
f 3036//1514 3114//1514 3037//1514
f 3037//1514 3114//1514 3115//1514
f 3037//1515 3115//1515 3038//1515
f 3038//1515 3115//1515 3116//1515
f 3038//1516 3116//1516 3039//1516
f 3039//1516 3116//1516 3117//1516
f 3039//1517 3117//1517 3040//1517
f 3040//1517 3117//1517 3118//1517
f 3040//1518 3118//1518 3041//1518
f 3041//1518 3118//1518 3119//1518
f 3041//1519 3119//1519 3042//1519
f 3042//1519 3119//1519 3120//1519
f 3042//1520 3120//1520 3043//1520
f 3043//1520 3120//1520 3121//1520
f 3043//1521 3121//1521 3044//1521
f 3044//1521 3121//1521 3122//1521
f 3044//1522 3122//1522 3045//1522
f 3045//1523 3122//1523 3123//1523
f 3045//1524 3123//1524 3046//1524
f 3046//1524 3123//1524 3124//1524
f 3046//1525 3124//1525 3047//1525
f 3047//1525 3124//1525 3125//1525
f 3047//1526 3125//1526 3048//1526
f 3048//1526 3125//1526 3126//1526
f 3048//1527 3126//1527 3049//1527
f 3049//1527 3126//1527 3127//1527
f 3049//1529 3127//1529 3050//1529
f 3050//1529 3127//1529 3128//1529
f 3050//1530 3128//1530 3051//1530
f 3051//1530 3128//1530 3129//1530
f 3051//1531 3129//1531 3052//1531
f 3052//1531 3129//1531 3130//1531
f 3052//1532 3130//1532 3053//1532
f 3053//1532 3130//1532 3131//1532
f 3053//1533 3131//1533 3054//1533
f 3054//1533 3131//1533 3132//1533
f 3054//1534 3132//1534 3055//1534
f 3055//1534 3132//1534 3133//1534
f 3055//1535 3133//1535 3056//1535
f 3056//1535 3133//1535 3134//1535
f 3056//1660 3134//1660 3057//1660
f 3057//1536 3134//1536 3135//1536
f 3057//1537 3135//1537 3058//1537
f 3058//1537 3135//1537 3136//1537
f 3058//1538 3136//1538 3059//1538
f 3059//1538 3136//1538 3137//1538
f 3059//1539 3137//1539 3060//1539
f 3060//1539 3137//1539 3138//1539
f 3060//1540 3138//1540 3061//1540
f 3061//1540 3138//1540 3139//1540
f 3061//1541 3139//1541 3062//1541
f 3062//1542 3139//1542 3140//1542
f 3062//1543 3140//1543 3063//1543
f 3063//1543 3140//1543 3141//1543
f 3063//1544 3141//1544 3064//1544
f 3064//1544 3141//1544 3142//1544
f 3064//1545 3142//1545 3065//1545
f 3065//1545 3142//1545 3143//1545
f 3065//1546 3143//1546 3066//1546
f 3066//1546 3143//1546 3144//1546
f 3066//1547 3144//1547 3067//1547
f 3067//1547 3144//1547 3145//1547
f 3067//1548 3145//1548 3068//1548
f 3068//1548 3145//1548 3146//1548
f 3068//1549 3146//1549 3069//1549
f 3069//1549 3146//1549 3147//1549
f 3069//1550 3147//1550 3070//1550
f 3070//1550 3147//1550 3148//1550
f 3070//1551 3148//1551 3071//1551
f 3071//1551 3148//1551 3149//1551
f 3071//1552 3149//1552 3072//1552
f 3072//1552 3149//1552 3150//1552
f 3072//1553 3150//1553 3073//1553
f 3073//1553 3150//1553 3151//1553
f 3073//1554 3151//1554 3074//1554
f 3074//1554 3151//1554 3152//1554
f 3074//1555 3152//1555 3075//1555
f 3075//1555 3152//1555 3153//1555
f 3075//1556 3153//1556 3076//1556
f 3076//1556 3153//1556 3154//1556
f 3076//1557 3154//1557 3077//1557
f 3077//1557 3154//1557 3155//1557
f 3077//1558 3155//1558 3078//1558
f 3078//1558 3155//1558 3156//1558
f 3078//1559 3156//1559 3079//1559
f 3079//1559 3156//1559 3157//1559
f 3079//1560 3157//1560 3080//1560
f 3080//1560 3157//1560 3158//1560
f 3080//1661 3158//1661 3081//1661
f 3081//1561 3158//1561 3159//1561
f 3081//1562 3159//1562 3082//1562
f 3082//1562 3159//1562 3160//1562
f 3082//1563 3160//1563 3083//1563
f 3083//1563 3160//1563 3161//1563
f 3083//1662 3161//1662 3084//1662
f 3084//1662 3161//1662 3162//1662
f 3084//1565 3162//1565 3085//1565
f 3085//1565 3162//1565 3163//1565
f 3085//1566 3163//1566 3086//1566
f 3086//1566 3163//1566 3164//1566
f 3086//1567 3164//1567 3087//1567
f 3087//1567 3164//1567 3165//1567
f 3087//1568 3165//1568 3088//1568
f 3088//1568 3165//1568 3166//1568
f 3088//1569 3166//1569 3089//1569
f 3089//1569 3166//1569 3167//1569
f 3089//1571 3167//1571 3090//1571
f 3090//1571 3167//1571 3168//1571
f 3090//1572 3168//1572 3091//1572
f 3091//1572 3168//1572 3169//1572
f 3091//1573 3169//1573 3092//1573
f 3092//1573 3169//1573 3170//1573
f 3092//1490 3170//1490 3015//1490
f 3015//1490 3170//1490 3093//1490
f 3093//1406 80//1406 3094//1406
f 3094//1406 80//1406 82//1406
f 3094//1407 82//1407 3095//1407
f 3095//1407 82//1407 84//1407
f 3095//1408 84//1408 3096//1408
f 3096//1408 84//1408 86//1408
f 3096//1410 86//1410 3097//1410
f 3097//1410 86//1410 88//1410
f 3097//1411 88//1411 3098//1411
f 3098//1411 88//1411 90//1411
f 3098//1412 90//1412 3099//1412
f 3099//1412 90//1412 92//1412
f 3099//1413 92//1413 3100//1413
f 3100//1413 92//1413 94//1413
f 3100//1414 94//1414 3101//1414
f 3101//1414 94//1414 96//1414
f 3101//1415 96//1415 3102//1415
f 3102//1415 96//1415 98//1415
f 3102//1416 98//1416 3103//1416
f 3103//1416 98//1416 100//1416
f 3103//1417 100//1417 3104//1417
f 3104//1417 100//1417 102//1417
f 3104//1418 102//1418 3105//1418
f 3105//1418 102//1418 104//1418
f 3105//1419 104//1419 3106//1419
f 3106//1419 104//1419 106//1419
f 3106//1420 106//1420 3107//1420
f 3107//1420 106//1420 108//1420
f 3107//1421 108//1421 3108//1421
f 3108//1421 108//1421 110//1421
f 3108//1663 110//1663 3109//1663
f 3109//1422 110//1422 112//1422
f 3109//1423 112//1423 3110//1423
f 3110//1423 112//1423 114//1423
f 3110//1424 114//1424 3111//1424
f 3111//1424 114//1424 116//1424
f 3111//1425 116//1425 3112//1425
f 3112//1425 116//1425 118//1425
f 3112//1426 118//1426 3113//1426
f 3113//1426 118//1426 120//1426
f 3113//1427 120//1427 3114//1427
f 3114//1427 120//1427 122//1427
f 3114//1429 122//1429 3115//1429
f 3115//1428 122//1428 124//1428
f 3115//1430 124//1430 3116//1430
f 3116//1430 124//1430 126//1430
f 3116//1664 126//1664 3117//1664
f 3117//1431 126//1431 128//1431
f 3117//1432 128//1432 3118//1432
f 3118//1432 128//1432 130//1432
f 3118//1433 130//1433 3119//1433
f 3119//1433 130//1433 132//1433
f 3119//1434 132//1434 3120//1434
f 3120//1434 132//1434 134//1434
f 3120//1435 134//1435 3121//1435
f 3121//1435 134//1435 136//1435
f 3121//1436 136//1436 3122//1436
f 3122//1436 136//1436 138//1436
f 3122//1437 138//1437 3123//1437
f 3123//1437 138//1437 140//1437
f 3123//1438 140//1438 3124//1438
f 3124//1438 140//1438 142//1438
f 3124//1439 142//1439 3125//1439
f 3125//1439 142//1439 144//1439
f 3125//1440 144//1440 3126//1440
f 3126//1440 144//1440 146//1440
f 3126//1441 146//1441 3127//1441
f 3127//1441 146//1441 148//1441
f 3127//1442 148//1442 3128//1442
f 3128//1442 148//1442 150//1442
f 3128//1444 150//1444 3129//1444
f 3129//1444 150//1444 152//1444
f 3129//1445 152//1445 3130//1445
f 3130//1445 152//1445 154//1445
f 3130//1446 154//1446 3131//1446
f 3131//1446 154//1446 156//1446
f 3131//1447 156//1447 3132//1447
f 3132//1447 156//1447 158//1447
f 3132//1448 158//1448 3133//1448
f 3133//1448 158//1448 160//1448
f 3133//1449 160//1449 3134//1449
f 3134//1449 160//1449 162//1449
f 3134//1450 162//1450 3135//1450
f 3135//1451 162//1451 164//1451
f 3135//1452 164//1452 3136//1452
f 3136//1452 164//1452 166//1452
f 3136//1453 166//1453 3137//1453
f 3137//1453 166//1453 168//1453
f 3137//1454 168//1454 3138//1454
f 3138//1454 168//1454 170//1454
f 3138//1455 170//1455 3139//1455
f 3139//1455 170//1455 172//1455
f 3139//1456 172//1456 3140//1456
f 3140//1456 172//1456 174//1456
f 3140//1457 174//1457 3141//1457
f 3141//1457 174//1457 176//1457
f 3141//1458 176//1458 3142//1458
f 3142//1458 176//1458 178//1458
f 3142//1459 178//1459 3143//1459
f 3143//1459 178//1459 180//1459
f 3143//1460 180//1460 3144//1460
f 3144//1460 180//1460 182//1460
f 3144//1461 182//1461 3145//1461
f 3145//1461 182//1461 184//1461
f 3145//1463 184//1463 3146//1463
f 3146//1463 184//1463 186//1463
f 3146//1464 186//1464 3147//1464
f 3147//1464 186//1464 188//1464
f 3147//1465 188//1465 3148//1465
f 3148//1465 188//1465 190//1465
f 3148//1466 190//1466 3149//1466
f 3149//1466 190//1466 192//1466
f 3149//1467 192//1467 3150//1467
f 3150//1467 192//1467 194//1467
f 3150//1468 194//1468 3151//1468
f 3151//1468 194//1468 196//1468
f 3151//1469 196//1469 3152//1469
f 3152//1469 196//1469 198//1469
f 3152//1470 198//1470 3153//1470
f 3153//1470 198//1470 200//1470
f 3153//1471 200//1471 3154//1471
f 3154//1665 200//1665 202//1665
f 3154//1472 202//1472 3155//1472
f 3155//1472 202//1472 204//1472
f 3155//1473 204//1473 3156//1473
f 3156//1473 204//1473 206//1473
f 3156//1474 206//1474 3157//1474
f 3157//1474 206//1474 208//1474
f 3157//1475 208//1475 3158//1475
f 3158//1475 208//1475 210//1475
f 3158//1476 210//1476 3159//1476
f 3159//1476 210//1476 212//1476
f 3159//1477 212//1477 3160//1477
f 3160//1477 212//1477 214//1477
f 3160//1478 214//1478 3161//1478
f 3161//1478 214//1478 216//1478
f 3161//1479 216//1479 3162//1479
f 3162//1479 216//1479 218//1479
f 3162//1481 218//1481 3163//1481
f 3163//1481 218//1481 220//1481
f 3163//1482 220//1482 3164//1482
f 3164//1482 220//1482 222//1482
f 3164//1483 222//1483 3165//1483
f 3165//1483 222//1483 224//1483
f 3165//1484 224//1484 3166//1484
f 3166//1484 224//1484 226//1484
f 3166//1486 226//1486 3167//1486
f 3167//1485 226//1485 228//1485
f 3167//1487 228//1487 3168//1487
f 3168//1487 228//1487 230//1487
f 3168//1488 230//1488 3169//1488
f 3169//1488 230//1488 232//1488
f 3169//1489 232//1489 3170//1489
f 3170//1489 232//1489 234//1489
f 3170//1405 234//1405 3093//1405
f 3093//1405 234//1405 80//1405
f 593//1666 591//1666 3171//1666
f 583//1667 581//1667 3172//1667
f 579//1668 577//1668 3173//1668
f 573//1669 571//1669 3174//1669
f 569//1670 567//1670 3175//1670
f 559//1671 557//1671 3176//1671
f 555//1672 553//1672 3177//1672
f 549//1673 547//1673 3178//1673
f 545//1674 543//1674 3179//1674
f 539//1675 537//1675 3180//1675
f 535//1676 533//1676 3181//1676
f 525//1677 523//1677 3182//1677
f 521//1678 519//1678 3183//1678
f 515//1679 513//1679 3184//1679
f 511//1680 509//1680 3185//1680
f 505//1681 503//1681 3186//1681
f 501//1682 499//1682 3187//1682
f 491//1683 489//1683 3188//1683
f 487//1684 485//1684 3189//1684
f 481//1685 479//1685 3190//1685
f 477//1686 475//1686 3191//1686
f 473//1687 471//1687 3192//1687
f 467//1688 465//1688 3193//1688
f 457//1689 455//1689 3194//1689
f 453//1690 451//1690 3195//1690
f 447//1691 445//1691 3196//1691
f 443//1692 441//1692 3197//1692
f 433//1693 431//1693 3198//1693
f 429//1694 427//1694 3199//1694
f 423//1695 421//1695 3200//1695
f 419//1696 417//1696 3201//1696
f 413//1697 411//1697 3202//1697
f 409//1698 407//1698 3203//1698
f 399//1699 397//1699 3204//1699
f 395//1700 393//1700 3205//1700
f 389//1701 387//1701 3206//1701
f 385//1702 383//1702 3207//1702
f 808//1703 594//1703 3208//1703
f 804//1704 806//1704 3209//1704
f 798//1705 800//1705 3210//1705
f 794//1706 796//1706 3211//1706
f 788//1707 790//1707 3212//1707
f 780//1708 782//1708 3213//1708
f 774//1709 776//1709 3214//1709
f 770//1710 772//1710 3215//1710
f 764//1711 766//1711 3216//1711
f 760//1712 762//1712 3217//1712
f 754//1713 756//1713 3218//1713
f 746//1714 748//1714 3219//1714
f 740//1715 742//1715 3220//1715
f 736//1716 738//1716 3221//1716
f 730//1717 732//1717 3222//1717
f 726//1718 728//1718 3223//1718
f 720//1719 722//1719 3224//1719
f 712//1720 714//1720 3225//1720
f 706//1721 708//1721 3226//1721
f 702//1722 704//1722 3227//1722
f 696//1723 698//1723 3228//1723
f 688//1724 690//1724 3229//1724
f 682//1725 684//1725 3230//1725
f 678//1726 680//1726 3231//1726
f 672//1727 674//1727 3232//1727
f 668//1728 670//1728 3233//1728
f 662//1729 664//1729 3234//1729
f 654//1730 656//1730 3235//1730
f 648//1731 650//1731 3236//1731
f 644//1732 646//1732 3237//1732
f 638//1733 640//1733 3238//1733
f 634//1734 636//1734 3239//1734
f 628//1735 630//1735 3240//1735
f 620//1736 622//1736 3241//1736
f 614//1737 616//1737 3242//1737
f 610//1738 612//1738 3243//1738
f 604//1739 606//1739 3244//1739
f 604//1740 3244//1740 602//1740
f 628//1741 3240//1741 626//1741
f 662//1742 3234//1742 660//1742
f 696//1743 3228//1743 694//1743
f 720//1744 3224//1744 718//1744
f 754//1745 3218//1745 752//1745
f 788//1746 3212//1746 786//1746
f 618//1747 620//1747 3245//1747
f 3245//1748 620//1748 3241//1748
f 3245//1749 3241//1749 3246//1749
f 3246//1749 3241//1749 3247//1749
f 3246//1750 3247//1750 3248//1750
f 3248//1750 3247//1750 3249//1750
f 3248//1751 3249//1751 3250//1751
f 3250//1751 3249//1751 3251//1751
f 3250//1752 3251//1752 3252//1752
f 3252//1752 3251//1752 3203//1752
f 652//1753 654//1753 3253//1753
f 3253//1754 654//1754 3235//1754
f 3253//1755 3235//1755 3254//1755
f 3254//1755 3235//1755 3255//1755
f 3254//1756 3255//1756 3256//1756
f 3256//1756 3255//1756 3257//1756
f 3256//1757 3257//1757 3258//1757
f 3258//1757 3257//1757 3259//1757
f 3258//1758 3259//1758 3260//1758
f 3260//1758 3259//1758 3197//1758
f 676//1759 678//1759 3261//1759
f 3261//1760 678//1760 3231//1760
f 3261//1761 3231//1761 3262//1761
f 3262//1761 3231//1761 3263//1761
f 3262//1762 3263//1762 3264//1762
f 3264//1762 3263//1762 3265//1762
f 3264//1763 3265//1763 3266//1763
f 3266//1763 3265//1763 3267//1763
f 3266//1764 3267//1764 3268//1764
f 3268//1765 3267//1765 3193//1765
f 710//1766 712//1766 3269//1766
f 3269//1767 712//1767 3225//1767
f 3269//1768 3225//1768 3270//1768
f 3270//1768 3225//1768 3271//1768
f 3270//1769 3271//1769 3272//1769
f 3272//1769 3271//1769 3273//1769
f 3272//1770 3273//1770 3274//1770
f 3274//1771 3273//1771 3275//1771
f 3274//1772 3275//1772 3276//1772
f 3276//1773 3275//1773 3187//1773
f 744//1774 746//1774 3277//1774
f 3277//1775 746//1775 3219//1775
f 3277//1776 3219//1776 3278//1776
f 3278//1776 3219//1776 3279//1776
f 3278//1777 3279//1777 3280//1777
f 3280//1777 3279//1777 3281//1777
f 3280//1778 3281//1778 3282//1778
f 3282//1778 3281//1778 3283//1778
f 3282//1779 3283//1779 3284//1779
f 3284//1779 3283//1779 3181//1779
f 778//1780 780//1780 3285//1780
f 3285//1781 780//1781 3213//1781
f 3285//1782 3213//1782 3286//1782
f 3286//1782 3213//1782 3287//1782
f 3286//1783 3287//1783 3288//1783
f 3288//1783 3287//1783 3289//1783
f 3288//1784 3289//1784 3290//1784
f 3290//1784 3289//1784 3291//1784
f 3290//1785 3291//1785 3292//1785
f 3292//1785 3291//1785 3175//1785
f 802//1786 804//1786 3293//1786
f 3293//1787 804//1787 3209//1787
f 3293//1788 3209//1788 3294//1788
f 3294//1788 3209//1788 3295//1788
f 3294//1789 3295//1789 3296//1789
f 3296//1789 3295//1789 3297//1789
f 3296//1790 3297//1790 3298//1790
f 3298//1790 3297//1790 3299//1790
f 3298//1791 3299//1791 3300//1791
f 3300//1791 3299//1791 3171//1791
f 596//1792 598//1792 3301//1792
f 3301//1793 598//1793 3302//1793
f 3301//1794 3302//1794 3303//1794
f 3303//1794 3302//1794 3304//1794
f 3303//1795 3304//1795 3305//1795
f 3305//1795 3304//1795 3306//1795
f 3305//1796 3306//1796 3307//1796
f 3307//1796 3306//1796 3308//1796
f 3307//1797 3308//1797 3309//1797
f 3309//1797 3308//1797 3207//1797
f 3309//1798 3207//1798 381//1798
f 381//1799 3207//1799 383//1799
f 598//1800 600//1800 3302//1800
f 3302//1801 600//1801 3310//1801
f 3302//1802 3310//1802 3304//1802
f 3304//1802 3310//1802 3311//1802
f 3304//1803 3311//1803 3306//1803
f 3306//1803 3311//1803 3312//1803
f 3306//1804 3312//1804 3308//1804
f 3308//1804 3312//1804 3313//1804
f 3308//1805 3313//1805 3207//1805
f 3207//1805 3313//1805 3206//1805
f 3207//1806 3206//1806 385//1806
f 385//1807 3206//1807 387//1807
f 391//1808 389//1808 3314//1808
f 3314//1809 389//1809 3206//1809
f 3314//1810 3206//1810 3315//1810
f 3315//1810 3206//1810 3313//1810
f 3315//1811 3313//1811 3316//1811
f 3316//1811 3313//1811 3312//1811
f 3316//1812 3312//1812 3317//1812
f 3317//1812 3312//1812 3311//1812
f 3317//1813 3311//1813 3244//1813
f 3244//1813 3311//1813 3310//1813
f 3244//1814 3310//1814 602//1814
f 602//1815 3310//1815 600//1815
f 606//1816 608//1816 3244//1816
f 3244//1816 608//1816 3318//1816
f 3244//1817 3318//1817 3317//1817
f 3317//1817 3318//1817 3319//1817
f 3317//1818 3319//1818 3316//1818
f 3316//1818 3319//1818 3320//1818
f 3316//1819 3320//1819 3315//1819
f 3315//1819 3320//1819 3321//1819
f 3315//1820 3321//1820 3314//1820
f 3314//1820 3321//1820 3205//1820
f 3314//1821 3205//1821 391//1821
f 391//1821 3205//1821 393//1821
f 608//1822 610//1822 3318//1822
f 3318//1823 610//1823 3243//1823
f 3318//1824 3243//1824 3319//1824
f 3319//1824 3243//1824 3322//1824
f 3319//1825 3322//1825 3320//1825
f 3320//1825 3322//1825 3323//1825
f 3320//1826 3323//1826 3321//1826
f 3321//1826 3323//1826 3324//1826
f 3321//1827 3324//1827 3205//1827
f 3205//1827 3324//1827 3204//1827
f 3205//1828 3204//1828 395//1828
f 395//1829 3204//1829 397//1829
f 401//1830 399//1830 3325//1830
f 3325//1831 399//1831 3204//1831
f 3325//1832 3204//1832 3326//1832
f 3326//1832 3204//1832 3324//1832
f 3326//1833 3324//1833 3327//1833
f 3327//1833 3324//1833 3323//1833
f 3327//1834 3323//1834 3328//1834
f 3328//1834 3323//1834 3322//1834
f 3328//1835 3322//1835 3242//1835
f 3242//1835 3322//1835 3243//1835
f 3242//1836 3243//1836 614//1836
f 614//1837 3243//1837 612//1837
f 616//1838 618//1838 3242//1838
f 3242//1838 618//1838 3245//1838
f 3242//1839 3245//1839 3328//1839
f 3328//1839 3245//1839 3246//1839
f 3328//1840 3246//1840 3327//1840
f 3327//1840 3246//1840 3248//1840
f 3327//1841 3248//1841 3326//1841
f 3326//1841 3248//1841 3250//1841
f 3326//1842 3250//1842 3325//1842
f 3325//1843 3250//1843 3252//1843
f 3325//1844 3252//1844 401//1844
f 401//1844 3252//1844 403//1844
f 3203//1845 407//1845 3252//1845
f 3252//1846 407//1846 405//1846
f 3252//1847 405//1847 403//1847
f 411//1848 409//1848 3202//1848
f 3202//1849 409//1849 3203//1849
f 3202//1850 3203//1850 3329//1850
f 3329//1850 3203//1850 3251//1850
f 3329//1851 3251//1851 3330//1851
f 3330//1851 3251//1851 3249//1851
f 3330//1852 3249//1852 3331//1852
f 3331//1852 3249//1852 3247//1852
f 3331//1853 3247//1853 3332//1853
f 3332//1853 3247//1853 3241//1853
f 3332//1854 3241//1854 624//1854
f 624//1855 3241//1855 622//1855
f 415//1856 413//1856 3333//1856
f 3333//1857 413//1857 3202//1857
f 3333//1858 3202//1858 3334//1858
f 3334//1859 3202//1859 3329//1859
f 3334//1860 3329//1860 3335//1860
f 3335//1860 3329//1860 3330//1860
f 3335//1861 3330//1861 3336//1861
f 3336//1861 3330//1861 3331//1861
f 3336//1862 3331//1862 3240//1862
f 3240//1862 3331//1862 3332//1862
f 3240//1863 3332//1863 626//1863
f 626//1864 3332//1864 624//1864
f 630//1865 632//1865 3240//1865
f 3240//1865 632//1865 3337//1865
f 3240//1866 3337//1866 3336//1866
f 3336//1866 3337//1866 3338//1866
f 3336//1867 3338//1867 3335//1867
f 3335//1867 3338//1867 3339//1867
f 3335//1868 3339//1868 3334//1868
f 3334//1868 3339//1868 3340//1868
f 3334//1869 3340//1869 3333//1869
f 3333//1869 3340//1869 3201//1869
f 3333//1870 3201//1870 415//1870
f 415//1871 3201//1871 417//1871
f 632//1872 634//1872 3337//1872
f 3337//1873 634//1873 3239//1873
f 3337//1874 3239//1874 3338//1874
f 3338//1874 3239//1874 3341//1874
f 3338//1875 3341//1875 3339//1875
f 3339//1875 3341//1875 3342//1875
f 3339//1876 3342//1876 3340//1876
f 3340//1876 3342//1876 3343//1876
f 3340//1877 3343//1877 3201//1877
f 3201//1877 3343//1877 3200//1877
f 3201//1878 3200//1878 419//1878
f 419//1879 3200//1879 421//1879
f 425//1880 423//1880 3344//1880
f 3344//1881 423//1881 3200//1881
f 3344//1882 3200//1882 3345//1882
f 3345//1882 3200//1882 3343//1882
f 3345//1883 3343//1883 3346//1883
f 3346//1883 3343//1883 3342//1883
f 3346//1884 3342//1884 3347//1884
f 3347//1884 3342//1884 3341//1884
f 3347//1885 3341//1885 3238//1885
f 3238//1885 3341//1885 3239//1885
f 3238//1886 3239//1886 638//1886
f 638//1887 3239//1887 636//1887
f 640//1888 642//1888 3238//1888
f 3238//1888 642//1888 3348//1888
f 3238//1889 3348//1889 3347//1889
f 3347//1889 3348//1889 3349//1889
f 3347//1890 3349//1890 3346//1890
f 3346//1890 3349//1890 3350//1890
f 3346//1891 3350//1891 3345//1891
f 3345//1891 3350//1891 3351//1891
f 3345//1892 3351//1892 3344//1892
f 3344//1892 3351//1892 3199//1892
f 3344//1893 3199//1893 425//1893
f 425//1894 3199//1894 427//1894
f 642//1895 644//1895 3348//1895
f 3348//1896 644//1896 3237//1896
f 3348//1897 3237//1897 3349//1897
f 3349//1897 3237//1897 3352//1897
f 3349//1898 3352//1898 3350//1898
f 3350//1898 3352//1898 3353//1898
f 3350//1899 3353//1899 3351//1899
f 3351//1899 3353//1899 3354//1899
f 3351//1900 3354//1900 3199//1900
f 3199//1900 3354//1900 3198//1900
f 3199//1901 3198//1901 429//1901
f 429//1902 3198//1902 431//1902
f 435//1903 433//1903 3355//1903
f 3355//1904 433//1904 3198//1904
f 3355//1905 3198//1905 3356//1905
f 3356//1905 3198//1905 3354//1905
f 3356//1906 3354//1906 3357//1906
f 3357//1906 3354//1906 3353//1906
f 3357//1907 3353//1907 3358//1907
f 3358//1907 3353//1907 3352//1907
f 3358//1908 3352//1908 3236//1908
f 3236//1908 3352//1908 3237//1908
f 3236//1909 3237//1909 648//1909
f 648//1910 3237//1910 646//1910
f 650//1911 652//1911 3236//1911
f 3236//1912 652//1912 3253//1912
f 3236//1913 3253//1913 3358//1913
f 3358//1913 3253//1913 3254//1913
f 3358//1914 3254//1914 3357//1914
f 3357//1914 3254//1914 3256//1914
f 3357//1915 3256//1915 3356//1915
f 3356//1915 3256//1915 3258//1915
f 3356//1916 3258//1916 3355//1916
f 3355//1916 3258//1916 3260//1916
f 3355//1917 3260//1917 435//1917
f 435//1918 3260//1918 437//1918
f 3197//1919 441//1919 3260//1919
f 3260//1920 441//1920 439//1920
f 3260//1921 439//1921 437//1921
f 656//1922 658//1922 3235//1922
f 3235//1923 658//1923 3359//1923
f 3235//1924 3359//1924 3255//1924
f 3255//1924 3359//1924 3360//1924
f 3255//1925 3360//1925 3257//1925
f 3257//1925 3360//1925 3361//1925
f 3257//1926 3361//1926 3259//1926
f 3259//1926 3361//1926 3362//1926
f 3259//1927 3362//1927 3197//1927
f 3197//1927 3362//1927 3196//1927
f 3197//1928 3196//1928 443//1928
f 443//1929 3196//1929 445//1929
f 449//1930 447//1930 3363//1930
f 3363//1931 447//1931 3196//1931
f 3363//1932 3196//1932 3364//1932
f 3364//1932 3196//1932 3362//1932
f 3364//1933 3362//1933 3365//1933
f 3365//1933 3362//1933 3361//1933
f 3365//1934 3361//1934 3366//1934
f 3366//1934 3361//1934 3360//1934
f 3366//1935 3360//1935 3234//1935
f 3234//1935 3360//1935 3359//1935
f 3234//1936 3359//1936 660//1936
f 660//1937 3359//1937 658//1937
f 664//1938 666//1938 3234//1938
f 3234//1938 666//1938 3367//1938
f 3234//1939 3367//1939 3366//1939
f 3366//1939 3367//1939 3368//1939
f 3366//1940 3368//1940 3365//1940
f 3365//1940 3368//1940 3369//1940
f 3365//1941 3369//1941 3364//1941
f 3364//1941 3369//1941 3370//1941
f 3364//1942 3370//1942 3363//1942
f 3363//1942 3370//1942 3195//1942
f 3363//1943 3195//1943 449//1943
f 449//1944 3195//1944 451//1944
f 666//1945 668//1945 3367//1945
f 3367//1946 668//1946 3233//1946
f 3367//1947 3233//1947 3368//1947
f 3368//1947 3233//1947 3371//1947
f 3368//1948 3371//1948 3369//1948
f 3369//1948 3371//1948 3372//1948
f 3369//1949 3372//1949 3370//1949
f 3370//1949 3372//1949 3373//1949
f 3370//1950 3373//1950 3195//1950
f 3195//1950 3373//1950 3194//1950
f 3195//1951 3194//1951 453//1951
f 453//1952 3194//1952 455//1952
f 459//1953 457//1953 3374//1953
f 3374//1954 457//1954 3194//1954
f 3374//1955 3194//1955 3375//1955
f 3375//1956 3194//1956 3373//1956
f 3375//1957 3373//1957 3376//1957
f 3376//1957 3373//1957 3372//1957
f 3376//1958 3372//1958 3377//1958
f 3377//1958 3372//1958 3371//1958
f 3377//1959 3371//1959 3232//1959
f 3232//1959 3371//1959 3233//1959
f 3232//1960 3233//1960 672//1960
f 672//1961 3233//1961 670//1961
f 674//1962 676//1962 3232//1962
f 3232//1962 676//1962 3261//1962
f 3232//1963 3261//1963 3377//1963
f 3377//1963 3261//1963 3262//1963
f 3377//1964 3262//1964 3376//1964
f 3376//1964 3262//1964 3264//1964
f 3376//1965 3264//1965 3375//1965
f 3375//1965 3264//1965 3266//1965
f 3375//1966 3266//1966 3374//1966
f 3374//1966 3266//1966 3268//1966
f 3374//1967 3268//1967 459//1967
f 459//1968 3268//1968 461//1968
f 3193//1969 465//1969 3268//1969
f 3268//1970 465//1970 463//1970
f 3268//1971 463//1971 461//1971
f 469//1972 467//1972 3378//1972
f 3378//1973 467//1973 3193//1973
f 3378//1974 3193//1974 3379//1974
f 3379//1975 3193//1975 3267//1975
f 3379//1976 3267//1976 3380//1976
f 3380//1976 3267//1976 3265//1976
f 3380//1977 3265//1977 3381//1977
f 3381//1977 3265//1977 3263//1977
f 3381//1978 3263//1978 3230//1978
f 3230//1978 3263//1978 3231//1978
f 3230//1979 3231//1979 682//1979
f 682//1980 3231//1980 680//1980
f 684//1981 686//1981 3230//1981
f 3230//1981 686//1981 3382//1981
f 3230//1982 3382//1982 3381//1982
f 3381//1982 3382//1982 3383//1982
f 3381//1983 3383//1983 3380//1983
f 3380//1983 3383//1983 3384//1983
f 3380//1984 3384//1984 3379//1984
f 3379//1984 3384//1984 3385//1984
f 3379//1985 3385//1985 3378//1985
f 3378//1986 3385//1986 3192//1986
f 3378//1987 3192//1987 469//1987
f 469//1988 3192//1988 471//1988
f 475//1989 473//1989 3191//1989
f 3191//1990 473//1990 3192//1990
f 3191//1991 3192//1991 3386//1991
f 3386//1991 3192//1991 3385//1991
f 3386//1992 3385//1992 3387//1992
f 3387//1992 3385//1992 3384//1992
f 3387//1993 3384//1993 3388//1993
f 3388//1993 3384//1993 3383//1993
f 3388//1994 3383//1994 3229//1994
f 3229//1994 3383//1994 3382//1994
f 3229//1995 3382//1995 688//1995
f 688//1996 3382//1996 686//1996
f 690//1997 692//1997 3229//1997
f 3229//1998 692//1998 3389//1998
f 3229//1999 3389//1999 3388//1999
f 3388//2000 3389//2000 3390//2000
f 3388//2001 3390//2001 3387//2001
f 3387//2001 3390//2001 3391//2001
f 3387//2002 3391//2002 3386//2002
f 3386//2002 3391//2002 3392//2002
f 3386//2003 3392//2003 3191//2003
f 3191//2003 3392//2003 3190//2003
f 3191//2004 3190//2004 477//2004
f 477//2005 3190//2005 479//2005
f 483//2006 481//2006 3393//2006
f 3393//2007 481//2007 3190//2007
f 3393//2008 3190//2008 3394//2008
f 3394//2009 3190//2009 3392//2009
f 3394//2010 3392//2010 3395//2010
f 3395//2010 3392//2010 3391//2010
f 3395//2011 3391//2011 3396//2011
f 3396//2011 3391//2011 3390//2011
f 3396//2012 3390//2012 3228//2012
f 3228//2012 3390//2012 3389//2012
f 3228//2013 3389//2013 694//2013
f 694//2014 3389//2014 692//2014
f 698//2015 700//2015 3228//2015
f 3228//2015 700//2015 3397//2015
f 3228//2016 3397//2016 3396//2016
f 3396//2016 3397//2016 3398//2016
f 3396//2017 3398//2017 3395//2017
f 3395//2018 3398//2018 3399//2018
f 3395//2019 3399//2019 3394//2019
f 3394//2019 3399//2019 3400//2019
f 3394//2020 3400//2020 3393//2020
f 3393//2021 3400//2021 3189//2021
f 3393//2022 3189//2022 483//2022
f 483//2023 3189//2023 485//2023
f 700//2024 702//2024 3397//2024
f 3397//2025 702//2025 3227//2025
f 3397//2026 3227//2026 3398//2026
f 3398//2026 3227//2026 3401//2026
f 3398//2027 3401//2027 3399//2027
f 3399//2027 3401//2027 3402//2027
f 3399//2028 3402//2028 3400//2028
f 3400//2028 3402//2028 3403//2028
f 3400//2029 3403//2029 3189//2029
f 3189//2030 3403//2030 3188//2030
f 3189//2031 3188//2031 487//2031
f 487//2032 3188//2032 489//2032
f 493//2033 491//2033 3404//2033
f 3404//2034 491//2034 3188//2034
f 3404//2035 3188//2035 3405//2035
f 3405//2036 3188//2036 3403//2036
f 3405//2037 3403//2037 3406//2037
f 3406//2037 3403//2037 3402//2037
f 3406//2038 3402//2038 3407//2038
f 3407//2038 3402//2038 3401//2038
f 3407//2039 3401//2039 3226//2039
f 3226//2040 3401//2040 3227//2040
f 3226//2041 3227//2041 706//2041
f 706//2042 3227//2042 704//2042
f 708//2043 710//2043 3226//2043
f 3226//2043 710//2043 3269//2043
f 3226//2044 3269//2044 3407//2044
f 3407//2044 3269//2044 3270//2044
f 3407//2045 3270//2045 3406//2045
f 3406//2045 3270//2045 3272//2045
f 3406//2046 3272//2046 3405//2046
f 3405//2046 3272//2046 3274//2046
f 3405//2047 3274//2047 3404//2047
f 3404//2048 3274//2048 3276//2048
f 3404//2049 3276//2049 493//2049
f 493//2050 3276//2050 495//2050
f 3187//2051 499//2051 3276//2051
f 3276//2052 499//2052 497//2052
f 3276//2053 497//2053 495//2053
f 503//2054 501//2054 3186//2054
f 3186//2055 501//2055 3187//2055
f 3186//2056 3187//2056 3408//2056
f 3408//2056 3187//2056 3275//2056
f 3408//2057 3275//2057 3409//2057
f 3409//2057 3275//2057 3273//2057
f 3409//2058 3273//2058 3410//2058
f 3410//2059 3273//2059 3271//2059
f 3410//2060 3271//2060 3411//2060
f 3411//2060 3271//2060 3225//2060
f 3411//2061 3225//2061 716//2061
f 716//2062 3225//2062 714//2062
f 507//2063 505//2063 3412//2063
f 3412//2064 505//2064 3186//2064
f 3412//2065 3186//2065 3413//2065
f 3413//2065 3186//2065 3408//2065
f 3413//2066 3408//2066 3414//2066
f 3414//2066 3408//2066 3409//2066
f 3414//2067 3409//2067 3415//2067
f 3415//2067 3409//2067 3410//2067
f 3415//2068 3410//2068 3224//2068
f 3224//2068 3410//2068 3411//2068
f 3224//2069 3411//2069 718//2069
f 718//2070 3411//2070 716//2070
f 722//2071 724//2071 3224//2071
f 3224//2071 724//2071 3416//2071
f 3224//2072 3416//2072 3415//2072
f 3415//2073 3416//2073 3417//2073
f 3415//2074 3417//2074 3414//2074
f 3414//2075 3417//2075 3418//2075
f 3414//2076 3418//2076 3413//2076
f 3413//2076 3418//2076 3419//2076
f 3413//2077 3419//2077 3412//2077
f 3412//2078 3419//2078 3185//2078
f 3412//2079 3185//2079 507//2079
f 507//2080 3185//2080 509//2080
f 724//2081 726//2081 3416//2081
f 3416//2082 726//2082 3223//2082
f 3416//2083 3223//2083 3417//2083
f 3417//2083 3223//2083 3420//2083
f 3417//2084 3420//2084 3418//2084
f 3418//2085 3420//2085 3421//2085
f 3418//2086 3421//2086 3419//2086
f 3419//2086 3421//2086 3422//2086
f 3419//2087 3422//2087 3185//2087
f 3185//2087 3422//2087 3184//2087
f 3185//2088 3184//2088 511//2088
f 511//2089 3184//2089 513//2089
f 517//2090 515//2090 3423//2090
f 3423//2091 515//2091 3184//2091
f 3423//2092 3184//2092 3424//2092
f 3424//2092 3184//2092 3422//2092
f 3424//2093 3422//2093 3425//2093
f 3425//2093 3422//2093 3421//2093
f 3425//2094 3421//2094 3426//2094
f 3426//2095 3421//2095 3420//2095
f 3426//2096 3420//2096 3222//2096
f 3222//2096 3420//2096 3223//2096
f 3222//2097 3223//2097 730//2097
f 730//2098 3223//2098 728//2098
f 732//2099 734//2099 3222//2099
f 3222//2099 734//2099 3427//2099
f 3222//2100 3427//2100 3426//2100
f 3426//2101 3427//2101 3428//2101
f 3426//2102 3428//2102 3425//2102
f 3425//2102 3428//2102 3429//2102
f 3425//2103 3429//2103 3424//2103
f 3424//2103 3429//2103 3430//2103
f 3424//2104 3430//2104 3423//2104
f 3423//2105 3430//2105 3183//2105
f 3423//2106 3183//2106 517//2106
f 517//2107 3183//2107 519//2107
f 734//2108 736//2108 3427//2108
f 3427//2109 736//2109 3221//2109
f 3427//2110 3221//2110 3428//2110
f 3428//2110 3221//2110 3431//2110
f 3428//2111 3431//2111 3429//2111
f 3429//2111 3431//2111 3432//2111
f 3429//2112 3432//2112 3430//2112
f 3430//2112 3432//2112 3433//2112
f 3430//2113 3433//2113 3183//2113
f 3183//2113 3433//2113 3182//2113
f 3183//2114 3182//2114 521//2114
f 521//2115 3182//2115 523//2115
f 527//2116 525//2116 3434//2116
f 3434//2117 525//2117 3182//2117
f 3434//2118 3182//2118 3435//2118
f 3435//2118 3182//2118 3433//2118
f 3435//2119 3433//2119 3436//2119
f 3436//2119 3433//2119 3432//2119
f 3436//2120 3432//2120 3437//2120
f 3437//2120 3432//2120 3431//2120
f 3437//2121 3431//2121 3220//2121
f 3220//2121 3431//2121 3221//2121
f 3220//2122 3221//2122 740//2122
f 740//2123 3221//2123 738//2123
f 742//2124 744//2124 3220//2124
f 3220//2124 744//2124 3277//2124
f 3220//2125 3277//2125 3437//2125
f 3437//2125 3277//2125 3278//2125
f 3437//2126 3278//2126 3436//2126
f 3436//2126 3278//2126 3280//2126
f 3436//2127 3280//2127 3435//2127
f 3435//2127 3280//2127 3282//2127
f 3435//2128 3282//2128 3434//2128
f 3434//2128 3282//2128 3284//2128
f 3434//2129 3284//2129 527//2129
f 527//2130 3284//2130 529//2130
f 3181//2131 533//2131 3284//2131
f 3284//2132 533//2132 531//2132
f 3284//2133 531//2133 529//2133
f 537//2134 535//2134 3180//2134
f 3180//2135 535//2135 3181//2135
f 3180//2136 3181//2136 3438//2136
f 3438//2136 3181//2136 3283//2136
f 3438//2137 3283//2137 3439//2137
f 3439//2137 3283//2137 3281//2137
f 3439//2138 3281//2138 3440//2138
f 3440//2138 3281//2138 3279//2138
f 3440//2139 3279//2139 3441//2139
f 3441//2139 3279//2139 3219//2139
f 3441//2140 3219//2140 750//2140
f 750//2141 3219//2141 748//2141
f 541//2142 539//2142 3442//2142
f 3442//2143 539//2143 3180//2143
f 3442//2144 3180//2144 3443//2144
f 3443//2144 3180//2144 3438//2144
f 3443//2145 3438//2145 3444//2145
f 3444//2145 3438//2145 3439//2145
f 3444//2146 3439//2146 3445//2146
f 3445//2146 3439//2146 3440//2146
f 3445//2147 3440//2147 3218//2147
f 3218//2147 3440//2147 3441//2147
f 3218//2148 3441//2148 752//2148
f 752//2149 3441//2149 750//2149
f 756//2150 758//2150 3218//2150
f 3218//2150 758//2150 3446//2150
f 3218//2151 3446//2151 3445//2151
f 3445//2151 3446//2151 3447//2151
f 3445//2152 3447//2152 3444//2152
f 3444//2152 3447//2152 3448//2152
f 3444//2153 3448//2153 3443//2153
f 3443//2153 3448//2153 3449//2153
f 3443//2154 3449//2154 3442//2154
f 3442//2154 3449//2154 3179//2154
f 3442//2155 3179//2155 541//2155
f 541//2155 3179//2155 543//2155
f 758//2156 760//2156 3446//2156
f 3446//2157 760//2157 3217//2157
f 3446//2158 3217//2158 3447//2158
f 3447//2158 3217//2158 3450//2158
f 3447//2159 3450//2159 3448//2159
f 3448//2159 3450//2159 3451//2159
f 3448//2160 3451//2160 3449//2160
f 3449//2160 3451//2160 3452//2160
f 3449//2161 3452//2161 3179//2161
f 3179//2161 3452//2161 3178//2161
f 3179//2162 3178//2162 545//2162
f 545//2163 3178//2163 547//2163
f 551//2164 549//2164 3453//2164
f 3453//2165 549//2165 3178//2165
f 3453//2166 3178//2166 3454//2166
f 3454//2166 3178//2166 3452//2166
f 3454//2167 3452//2167 3455//2167
f 3455//2167 3452//2167 3451//2167
f 3455//2168 3451//2168 3456//2168
f 3456//2168 3451//2168 3450//2168
f 3456//2169 3450//2169 3216//2169
f 3216//2169 3450//2169 3217//2169
f 3216//2170 3217//2170 764//2170
f 764//2171 3217//2171 762//2171
f 766//2172 768//2172 3216//2172
f 3216//2172 768//2172 3457//2172
f 3216//2173 3457//2173 3456//2173
f 3456//2173 3457//2173 3458//2173
f 3456//2174 3458//2174 3455//2174
f 3455//2174 3458//2174 3459//2174
f 3455//2175 3459//2175 3454//2175
f 3454//2175 3459//2175 3460//2175
f 3454//2176 3460//2176 3453//2176
f 3453//2177 3460//2177 3177//2177
f 3453//2178 3177//2178 551//2178
f 551//2178 3177//2178 553//2178
f 768//2179 770//2179 3457//2179
f 3457//2180 770//2180 3215//2180
f 3457//2181 3215//2181 3458//2181
f 3458//2181 3215//2181 3461//2181
f 3458//2182 3461//2182 3459//2182
f 3459//2182 3461//2182 3462//2182
f 3459//2183 3462//2183 3460//2183
f 3460//2183 3462//2183 3463//2183
f 3460//2184 3463//2184 3177//2184
f 3177//2184 3463//2184 3176//2184
f 3177//2185 3176//2185 555//2185
f 555//2186 3176//2186 557//2186
f 561//2187 559//2187 3464//2187
f 3464//2188 559//2188 3176//2188
f 3464//2189 3176//2189 3465//2189
f 3465//2189 3176//2189 3463//2189
f 3465//2190 3463//2190 3466//2190
f 3466//2190 3463//2190 3462//2190
f 3466//2191 3462//2191 3467//2191
f 3467//2191 3462//2191 3461//2191
f 3467//2192 3461//2192 3214//2192
f 3214//2192 3461//2192 3215//2192
f 3214//2193 3215//2193 774//2193
f 774//2194 3215//2194 772//2194
f 776//2195 778//2195 3214//2195
f 3214//2195 778//2195 3285//2195
f 3214//2196 3285//2196 3467//2196
f 3467//2196 3285//2196 3286//2196
f 3467//2197 3286//2197 3466//2197
f 3466//2197 3286//2197 3288//2197
f 3466//2198 3288//2198 3465//2198
f 3465//2198 3288//2198 3290//2198
f 3465//2199 3290//2199 3464//2199
f 3464//2199 3290//2199 3292//2199
f 3464//2200 3292//2200 561//2200
f 561//2201 3292//2201 563//2201
f 3175//2202 567//2202 3292//2202
f 3292//2203 567//2203 565//2203
f 3292//2204 565//2204 563//2204
f 782//2205 784//2205 3213//2205
f 3213//2206 784//2206 3468//2206
f 3213//2207 3468//2207 3287//2207
f 3287//2207 3468//2207 3469//2207
f 3287//2208 3469//2208 3289//2208
f 3289//2208 3469//2208 3470//2208
f 3289//2209 3470//2209 3291//2209
f 3291//2209 3470//2209 3471//2209
f 3291//2210 3471//2210 3175//2210
f 3175//2210 3471//2210 3174//2210
f 3175//2211 3174//2211 569//2211
f 569//2212 3174//2212 571//2212
f 575//2213 573//2213 3472//2213
f 3472//2214 573//2214 3174//2214
f 3472//2215 3174//2215 3473//2215
f 3473//2215 3174//2215 3471//2215
f 3473//2216 3471//2216 3474//2216
f 3474//2216 3471//2216 3470//2216
f 3474//2217 3470//2217 3475//2217
f 3475//2217 3470//2217 3469//2217
f 3475//2218 3469//2218 3212//2218
f 3212//2218 3469//2218 3468//2218
f 3212//2219 3468//2219 786//2219
f 786//2220 3468//2220 784//2220
f 790//2221 792//2221 3212//2221
f 3212//2221 792//2221 3476//2221
f 3212//2222 3476//2222 3475//2222
f 3475//2222 3476//2222 3477//2222
f 3475//2223 3477//2223 3474//2223
f 3474//2223 3477//2223 3478//2223
f 3474//2224 3478//2224 3473//2224
f 3473//2224 3478//2224 3479//2224
f 3473//2225 3479//2225 3472//2225
f 3472//2225 3479//2225 3173//2225
f 3472//2226 3173//2226 575//2226
f 575//2226 3173//2226 577//2226
f 792//2227 794//2227 3476//2227
f 3476//2228 794//2228 3211//2228
f 3476//2229 3211//2229 3477//2229
f 3477//2229 3211//2229 3480//2229
f 3477//2230 3480//2230 3478//2230
f 3478//2230 3480//2230 3481//2230
f 3478//2231 3481//2231 3479//2231
f 3479//2231 3481//2231 3482//2231
f 3479//2232 3482//2232 3173//2232
f 3173//2232 3482//2232 3172//2232
f 3173//2233 3172//2233 579//2233
f 579//2234 3172//2234 581//2234
f 585//2235 583//2235 3483//2235
f 3483//2236 583//2236 3172//2236
f 3483//2237 3172//2237 3484//2237
f 3484//2237 3172//2237 3482//2237
f 3484//2238 3482//2238 3485//2238
f 3485//2238 3482//2238 3481//2238
f 3485//2239 3481//2239 3486//2239
f 3486//2239 3481//2239 3480//2239
f 3486//2240 3480//2240 3210//2240
f 3210//2240 3480//2240 3211//2240
f 3210//2241 3211//2241 798//2241
f 798//2242 3211//2242 796//2242
f 800//2243 802//2243 3210//2243
f 3210//2243 802//2243 3293//2243
f 3210//2244 3293//2244 3486//2244
f 3486//2244 3293//2244 3294//2244
f 3486//2245 3294//2245 3485//2245
f 3485//2245 3294//2245 3296//2245
f 3485//2246 3296//2246 3484//2246
f 3484//2246 3296//2246 3298//2246
f 3484//2247 3298//2247 3483//2247
f 3483//2247 3298//2247 3300//2247
f 3483//2248 3300//2248 585//2248
f 585//2249 3300//2249 587//2249
f 3171//2250 591//2250 3300//2250
f 3300//2251 591//2251 589//2251
f 3300//2252 589//2252 587//2252
f 379//2253 593//2253 3487//2253
f 3487//2254 593//2254 3171//2254
f 3487//2255 3171//2255 3488//2255
f 3488//2255 3171//2255 3299//2255
f 3488//2256 3299//2256 3489//2256
f 3489//2256 3299//2256 3297//2256
f 3489//2257 3297//2257 3490//2257
f 3490//2257 3297//2257 3295//2257
f 3490//2258 3295//2258 3208//2258
f 3208//2258 3295//2258 3209//2258
f 3208//2259 3209//2259 808//2259
f 808//2260 3209//2260 806//2260
f 594//2261 596//2261 3208//2261
f 3208//2262 596//2262 3301//2262
f 3208//2263 3301//2263 3490//2263
f 3490//2263 3301//2263 3303//2263
f 3490//2264 3303//2264 3489//2264
f 3489//2264 3303//2264 3305//2264
f 3489//2265 3305//2265 3488//2265
f 3488//2265 3305//2265 3307//2265
f 3488//2266 3307//2266 3487//2266
f 3487//2266 3307//2266 3309//2266
f 3487//2267 3309//2267 379//2267
f 379//2268 3309//2268 381//2268
f 3491//2269 3492//2269 2016//2269
f 2016//2270 2014//2270 3491//2270
f 3491//2271 2014//2271 2012//2271
f 3491//2272 2012//2272 3493//2272
f 3493//2273 2012//2273 2010//2273
f 3493//2274 2010//2274 3494//2274
f 2010//2275 2008//2275 3494//2275
f 3494//2276 2008//2276 2006//2276
f 3494//2277 2006//2277 3495//2277
f 2006//2277 2004//2277 3495//2277
f 3495//2278 2004//2278 2003//2278
f 3495//2279 2003//2279 3496//2279
f 2003//2280 1897//2280 3496//2280
f 3496//2281 1897//2281 1895//2281
f 3496//2282 1895//2282 3497//2282
f 1895//2283 1893//2283 3497//2283
f 3497//2284 1893//2284 1891//2284
f 3497//2285 1891//2285 3498//2285
f 3498//2286 1891//2286 1889//2286
f 3498//2287 1889//2287 3499//2287
f 1889//2288 1887//2288 3499//2288
f 3499//2289 1887//2289 1885//2289
f 3499//2290 1885//2290 3500//2290
f 1885//2291 1883//2291 3500//2291
f 3500//2292 1883//2292 1915//2292
f 3500//2293 1915//2293 3501//2293
f 1915//2294 1914//2294 3501//2294
f 3501//2295 1914//2295 1912//2295
f 3501//2296 1912//2296 3502//2296
f 3502//2297 1912//2297 1910//2297
f 3502//2298 1910//2298 3503//2298
f 1910//2299 1908//2299 3503//2299
f 3503//2300 1908//2300 1906//2300
f 3503//2301 1906//2301 3504//2301
f 1906//2302 1904//2302 3504//2302
f 3504//2303 1904//2303 1902//2303
f 3504//2304 1902//2304 3505//2304
f 1902//2305 1900//2305 3505//2305
f 3505//2306 1900//2306 1933//2306
f 3505//2307 1933//2307 3506//2307
f 1933//2308 1932//2308 3506//2308
f 3506//2309 1932//2309 1930//2309
f 3506//2310 1930//2310 3507//2310
f 3507//2311 1930//2311 1928//2311
f 3507//2312 1928//2312 3508//2312
f 1928//2313 1926//2313 3508//2313
f 3508//2314 1926//2314 1924//2314
f 3508//2315 1924//2315 3509//2315
f 1924//2315 1922//2315 3509//2315
f 3509//2316 1922//2316 1920//2316
f 3509//2317 1920//2317 3510//2317
f 1920//2318 1918//2318 3510//2318
f 3510//2319 1918//2319 1917//2319
f 3510//2320 1917//2320 3511//2320
f 1917//2321 1934//2321 3511//2321
f 3511//2322 1934//2322 1936//2322
f 3511//2323 1936//2323 3512//2323
f 3512//2324 1936//2324 1938//2324
f 3512//2325 1938//2325 3513//2325
f 3513//2325 1938//2325 1940//2325
f 3513//2326 1940//2326 3514//2326
f 1940//2327 1942//2327 3514//2327
f 3514//2328 1942//2328 1957//2328
f 3514//2329 1957//2329 3515//2329
f 1957//2330 1956//2330 3515//2330
f 3515//2331 1956//2331 1954//2331
f 3515//2332 1954//2332 3516//2332
f 3516//2333 1954//2333 1952//2333
f 3516//2334 1952//2334 3517//2334
f 1952//2335 1950//2335 3517//2335
f 3517//2336 1950//2336 1948//2336
f 3517//2337 1948//2337 3518//2337
f 1948//2337 1946//2337 3518//2337
f 3518//2338 1946//2338 1974//2338
f 3518//2339 1974//2339 3519//2339
f 1974//2340 1973//2340 3519//2340
f 3519//2341 1973//2341 1971//2341
f 3519//2342 1971//2342 3520//2342
f 1971//2343 1969//2343 3520//2343
f 3520//2344 1969//2344 1967//2344
f 3520//2345 1967//2345 3521//2345
f 3521//2346 1967//2346 1965//2346
f 3521//2347 1965//2347 3522//2347
f 1965//2348 1963//2348 3522//2348
f 3522//2349 1963//2349 1961//2349
f 3522//2350 1961//2350 3523//2350
f 1961//2350 1959//2350 3523//2350
f 3523//2351 1959//2351 1987//2351
f 3523//2352 1987//2352 3524//2352
f 1987//2353 1986//2353 3524//2353
f 3524//2354 1986//2354 1984//2354
f 3524//2355 1984//2355 3525//2355
f 3525//2356 1984//2356 1982//2356
f 3525//2357 1982//2357 3526//2357
f 1982//2358 1980//2358 3526//2358
f 3526//2359 1980//2359 1978//2359
f 3526//2360 1978//2360 3527//2360
f 1978//2361 1976//2361 3527//2361
f 3527//2362 1976//2362 2002//2362
f 3527//2363 2002//2363 3528//2363
f 2002//2364 2001//2364 3528//2364
f 3528//2365 2001//2365 1999//2365
f 3528//2366 1999//2366 3529//2366
f 1999//2367 1997//2367 3529//2367
f 3529//2368 1997//2368 1995//2368
f 3529//2369 1995//2369 3530//2369
f 3530//2370 1995//2370 1993//2370
f 3530//2371 1993//2371 3531//2371
f 1993//2372 1991//2372 3531//2372
f 3531//2373 1991//2373 1989//2373
f 3531//2374 1989//2374 3532//2374
f 1989//2374 2033//2374 3532//2374
f 3532//2375 2033//2375 2032//2375
f 3532//2376 2032//2376 3533//2376
f 2032//2377 2030//2377 3533//2377
f 3533//2378 2030//2378 2028//2378
f 3533//2379 2028//2379 3534//2379
f 2028//2380 2026//2380 3534//2380
f 3534//2381 2026//2381 2024//2381
f 3534//2382 2024//2382 3535//2382
f 3535//2383 2024//2383 2022//2383
f 3535//2384 2022//2384 3536//2384
f 3536//2384 2022//2384 2020//2384
f 3536//2385 2020//2385 3492//2385
f 3492//2385 2020//2385 2018//2385
f 3492//2386 2018//2386 2016//2386
f 3535//2387 3537//2387 3534//2387
f 3534//2387 3537//2387 3538//2387
f 3534//2388 3538//2388 3533//2388
f 3533//2388 3538//2388 3539//2388
f 3533//2389 3539//2389 3532//2389
f 3532//2389 3539//2389 3540//2389
f 3532//2390 3540//2390 3531//2390
f 3531//2391 3540//2391 3541//2391
f 3531//2392 3541//2392 3530//2392
f 3530//2393 3541//2393 3542//2393
f 3530//2394 3542//2394 3529//2394
f 3529//2395 3542//2395 3543//2395
f 3529//2396 3543//2396 3528//2396
f 3528//2397 3543//2397 3544//2397
f 3528//2398 3544//2398 3527//2398
f 3527//2398 3544//2398 3545//2398
f 3527//2399 3545//2399 3526//2399
f 3526//2400 3545//2400 3546//2400
f 3526//2401 3546//2401 3525//2401
f 3525//2402 3546//2402 3547//2402
f 3525//2403 3547//2403 3524//2403
f 3524//2403 3547//2403 3548//2403
f 3524//2404 3548//2404 3523//2404
f 3523//2405 3548//2405 3549//2405
f 3523//2406 3549//2406 3522//2406
f 3522//2407 3549//2407 3550//2407
f 3522//2408 3550//2408 3521//2408
f 3521//2409 3550//2409 3551//2409
f 3521//2410 3551//2410 3520//2410
f 3520//2411 3551//2411 3552//2411
f 3520//2412 3552//2412 3519//2412
f 3519//2413 3552//2413 3553//2413
f 3519//2414 3553//2414 3518//2414
f 3518//2415 3553//2415 3554//2415
f 3518//2416 3554//2416 3517//2416
f 3517//2416 3554//2416 3555//2416
f 3517//2417 3555//2417 3516//2417
f 3516//2418 3555//2418 3556//2418
f 3516//2419 3556//2419 3515//2419
f 3515//2420 3556//2420 3557//2420
f 3515//2421 3557//2421 3514//2421
f 3514//2422 3557//2422 3558//2422
f 3514//2423 3558//2423 3513//2423
f 3513//2424 3558//2424 3559//2424
f 3513//2425 3559//2425 3512//2425
f 3512//2426 3559//2426 3560//2426
f 3512//2427 3560//2427 3511//2427
f 3511//2427 3560//2427 3561//2427
f 3511//2428 3561//2428 3510//2428
f 3510//2429 3561//2429 3562//2429
f 3510//2430 3562//2430 3509//2430
f 3509//2431 3562//2431 3563//2431
f 3509//2432 3563//2432 3508//2432
f 3508//2432 3563//2432 3564//2432
f 3508//2433 3564//2433 3507//2433
f 3507//2434 3564//2434 3565//2434
f 3507//2435 3565//2435 3506//2435
f 3506//2436 3565//2436 3566//2436
f 3506//2437 3566//2437 3505//2437
f 3505//2438 3566//2438 3567//2438
f 3505//2439 3567//2439 3504//2439
f 3504//2439 3567//2439 3568//2439
f 3504//2440 3568//2440 3503//2440
f 3503//2441 3568//2441 3569//2441
f 3503//2442 3569//2442 3502//2442
f 3502//2443 3569//2443 3570//2443
f 3502//2444 3570//2444 3501//2444
f 3501//2444 3570//2444 3571//2444
f 3501//2445 3571//2445 3500//2445
f 3500//2446 3571//2446 3572//2446
f 3500//2447 3572//2447 3499//2447
f 3499//2448 3572//2448 3573//2448
f 3499//2449 3573//2449 3498//2449
f 3498//2449 3573//2449 3574//2449
f 3498//2450 3574//2450 3497//2450
f 3497//2451 3574//2451 3575//2451
f 3497//2452 3575//2452 3496//2452
f 3496//2453 3575//2453 3576//2453
f 3496//2454 3576//2454 3495//2454
f 3495//2455 3576//2455 3577//2455
f 3495//2456 3577//2456 3494//2456
f 3494//2457 3577//2457 3578//2457
f 3494//2458 3578//2458 3493//2458
f 3493//2458 3578//2458 3579//2458
f 3493//2459 3579//2459 3491//2459
f 3491//2459 3579//2459 3580//2459
f 3491//2460 3580//2460 3492//2460
f 3492//2460 3580//2460 3581//2460
f 3492//2461 3581//2461 3536//2461
f 3536//2461 3581//2461 3582//2461
f 3536//2462 3582//2462 3535//2462
f 3535//2462 3582//2462 3537//2462
f 3537//2463 3583//2463 3538//2463
f 3538//2463 3583//2463 3584//2463
f 3538//2464 3584//2464 3539//2464
f 3539//2464 3584//2464 3585//2464
f 3539//2465 3585//2465 3540//2465
f 3540//2465 3585//2465 3586//2465
f 3540//2466 3586//2466 3541//2466
f 3541//2467 3586//2467 3587//2467
f 3541//2468 3587//2468 3542//2468
f 3542//2468 3587//2468 3588//2468
f 3542//2469 3588//2469 3543//2469
f 3543//2469 3588//2469 3589//2469
f 3543//2470 3589//2470 3544//2470
f 3544//2470 3589//2470 3590//2470
f 3544//2471 3590//2471 3545//2471
f 3545//2471 3590//2471 3591//2471
f 3545//2472 3591//2472 3546//2472
f 3546//2472 3591//2472 3592//2472
f 3546//2473 3592//2473 3547//2473
f 3547//2473 3592//2473 3593//2473
f 3547//2474 3593//2474 3548//2474
f 3548//2474 3593//2474 3594//2474
f 3548//2475 3594//2475 3549//2475
f 3549//2475 3594//2475 3595//2475
f 3549//2476 3595//2476 3550//2476
f 3550//2477 3595//2477 3596//2477
f 3550//2478 3596//2478 3551//2478
f 3551//2478 3596//2478 3597//2478
f 3551//2479 3597//2479 3552//2479
f 3552//2479 3597//2479 3598//2479
f 3552//2480 3598//2480 3553//2480
f 3553//2480 3598//2480 3599//2480
f 3553//2481 3599//2481 3554//2481
f 3554//2481 3599//2481 3600//2481
f 3554//2482 3600//2482 3555//2482
f 3555//2483 3600//2483 3601//2483
f 3555//2484 3601//2484 3556//2484
f 3556//2484 3601//2484 3602//2484
f 3556//2485 3602//2485 3557//2485
f 3557//2486 3602//2486 3603//2486
f 3557//2487 3603//2487 3558//2487
f 3558//2487 3603//2487 3604//2487
f 3558//2488 3604//2488 3559//2488
f 3559//2488 3604//2488 3605//2488
f 3559//2489 3605//2489 3560//2489
f 3560//2490 3605//2490 3606//2490
f 3560//2491 3606//2491 3561//2491
f 3561//2492 3606//2492 3607//2492
f 3561//2493 3607//2493 3562//2493
f 3562//2494 3607//2494 3608//2494
f 3562//2495 3608//2495 3563//2495
f 3563//2496 3608//2496 3609//2496
f 3563//2497 3609//2497 3564//2497
f 3564//2498 3609//2498 3610//2498
f 3564//2499 3610//2499 3565//2499
f 3565//2499 3610//2499 3611//2499
f 3565//2500 3611//2500 3566//2500
f 3566//2500 3611//2500 3612//2500
f 3566//2501 3612//2501 3567//2501
f 3567//2501 3612//2501 3613//2501
f 3567//2502 3613//2502 3568//2502
f 3568//2502 3613//2502 3614//2502
f 3568//2503 3614//2503 3569//2503
f 3569//2504 3614//2504 3615//2504
f 3569//2505 3615//2505 3570//2505
f 3570//2505 3615//2505 3616//2505
f 3570//2506 3616//2506 3571//2506
f 3571//2506 3616//2506 3617//2506
f 3571//2507 3617//2507 3572//2507
f 3572//2507 3617//2507 3618//2507
f 3572//2508 3618//2508 3573//2508
f 3573//2508 3618//2508 3619//2508
f 3573//2509 3619//2509 3574//2509
f 3574//2509 3619//2509 3620//2509
f 3574//2510 3620//2510 3575//2510
f 3575//2510 3620//2510 3621//2510
f 3575//2511 3621//2511 3576//2511
f 3576//2511 3621//2511 3622//2511
f 3576//2512 3622//2512 3577//2512
f 3577//2512 3622//2512 3623//2512
f 3577//2513 3623//2513 3578//2513
f 3578//2513 3623//2513 3624//2513
f 3578//2514 3624//2514 3579//2514
f 3579//2514 3624//2514 3625//2514
f 3579//2515 3625//2515 3580//2515
f 3580//2515 3625//2515 3626//2515
f 3580//2516 3626//2516 3581//2516
f 3581//2516 3626//2516 3627//2516
f 3581//2517 3627//2517 3582//2517
f 3582//2517 3627//2517 3628//2517
f 3582//2518 3628//2518 3537//2518
f 3537//2518 3628//2518 3583//2518
f 3583//2519 3629//2519 3584//2519
f 3584//2520 3629//2520 3630//2520
f 3584//2521 3630//2521 3585//2521
f 3585//2521 3630//2521 3631//2521
f 3585//2522 3631//2522 3586//2522
f 3586//2522 3631//2522 3632//2522
f 3586//2523 3632//2523 3587//2523
f 3587//2524 3632//2524 3633//2524
f 3587//2525 3633//2525 3588//2525
f 3588//2526 3633//2526 3634//2526
f 3588//2527 3634//2527 3589//2527
f 3589//2528 3634//2528 3635//2528
f 3589//2529 3635//2529 3590//2529
f 3590//2530 3635//2530 3636//2530
f 3590//2531 3636//2531 3591//2531
f 3591//2531 3636//2531 3637//2531
f 3591//2532 3637//2532 3592//2532
f 3592//2532 3637//2532 3638//2532
f 3592//2533 3638//2533 3593//2533
f 3593//2534 3638//2534 3639//2534
f 3593//2535 3639//2535 3594//2535
f 3594//2536 3639//2536 3640//2536
f 3594//2537 3640//2537 3595//2537
f 3595//2538 3640//2538 3641//2538
f 3595//2539 3641//2539 3596//2539
f 3596//2540 3641//2540 3642//2540
f 3596//2541 3642//2541 3597//2541
f 3597//2542 3642//2542 3643//2542
f 3597//2543 3643//2543 3598//2543
f 3598//2544 3643//2544 3644//2544
f 3598//2545 3644//2545 3599//2545
f 3599//2545 3644//2545 3645//2545
f 3599//2546 3645//2546 3600//2546
f 3600//2547 3645//2547 3646//2547
f 3600//2548 3646//2548 3601//2548
f 3601//2549 3646//2549 3647//2549
f 3601//2550 3647//2550 3602//2550
f 3602//2550 3647//2550 3648//2550
f 3602//2551 3648//2551 3603//2551
f 3603//2551 3648//2551 3649//2551
f 3603//2552 3649//2552 3604//2552
f 3604//2552 3649//2552 3650//2552
f 3604//2553 3650//2553 3605//2553
f 3605//2554 3650//2554 3651//2554
f 3605//2555 3651//2555 3606//2555
f 3606//2556 3651//2556 3652//2556
f 3606//2557 3652//2557 3607//2557
f 3607//2557 3652//2557 3653//2557
f 3607//2558 3653//2558 3608//2558
f 3608//2559 3653//2559 3654//2559
f 3608//2560 3654//2560 3609//2560
f 3609//2560 3654//2560 3655//2560
f 3609//2561 3655//2561 3610//2561
f 3610//2562 3655//2562 3656//2562
f 3610//2563 3656//2563 3611//2563
f 3611//2564 3656//2564 3657//2564
f 3611//2565 3657//2565 3612//2565
f 3612//2566 3657//2566 3658//2566
f 3612//2567 3658//2567 3613//2567
f 3613//2568 3658//2568 3659//2568
f 3613//2569 3659//2569 3614//2569
f 3614//2569 3659//2569 3660//2569
f 3614//2570 3660//2570 3615//2570
f 3615//2570 3660//2570 3661//2570
f 3615//2571 3661//2571 3616//2571
f 3616//2572 3661//2572 3662//2572
f 3616//2573 3662//2573 3617//2573
f 3617//2574 3662//2574 3663//2574
f 3617//2575 3663//2575 3618//2575
f 3618//2576 3663//2576 3664//2576
f 3618//2577 3664//2577 3619//2577
f 3619//2577 3664//2577 3665//2577
f 3619//2578 3665//2578 3620//2578
f 3620//2578 3665//2578 3666//2578
f 3620//2579 3666//2579 3621//2579
f 3621//2580 3666//2580 3667//2580
f 3621//2581 3667//2581 3622//2581
f 3622//2582 3667//2582 3668//2582
f 3622//2583 3668//2583 3623//2583
f 3623//2584 3668//2584 3669//2584
f 3623//2585 3669//2585 3624//2585
f 3624//2586 3669//2586 3670//2586
f 3624//2587 3670//2587 3625//2587
f 3625//2587 3670//2587 3671//2587
f 3625//2588 3671//2588 3626//2588
f 3626//2588 3671//2588 3672//2588
f 3626//2589 3672//2589 3627//2589
f 3627//2590 3672//2590 3673//2590
f 3627//2591 3673//2591 3628//2591
f 3628//2592 3673//2592 3674//2592
f 3628//2593 3674//2593 3583//2593
f 3583//2593 3674//2593 3629//2593
f 3629//2594 3675//2594 3630//2594
f 3630//2594 3675//2594 3676//2594
f 3630//2595 3676//2595 3631//2595
f 3631//2595 3676//2595 3677//2595
f 3631//2596 3677//2596 3632//2596
f 3632//2596 3677//2596 3678//2596
f 3632//2597 3678//2597 3633//2597
f 3633//2597 3678//2597 3679//2597
f 3633//2598 3679//2598 3634//2598
f 3634//2598 3679//2598 3680//2598
f 3634//2599 3680//2599 3635//2599
f 3635//2600 3680//2600 3681//2600
f 3635//2601 3681//2601 3636//2601
f 3636//2602 3681//2602 3682//2602
f 3636//2603 3682//2603 3637//2603
f 3637//2603 3682//2603 3683//2603
f 3637//2604 3683//2604 3638//2604
f 3638//2605 3683//2605 3684//2605
f 3638//2606 3684//2606 3639//2606
f 3639//2607 3684//2607 3685//2607
f 3639//2608 3685//2608 3640//2608
f 3640//2608 3685//2608 3686//2608
f 3640//2609 3686//2609 3641//2609
f 3641//2610 3686//2610 3687//2610
f 3641//2611 3687//2611 3642//2611
f 3642//2612 3687//2612 3688//2612
f 3642//2613 3688//2613 3643//2613
f 3643//2614 3688//2614 3689//2614
f 3643//2615 3689//2615 3644//2615
f 3644//2616 3689//2616 3690//2616
f 3644//2617 3690//2617 3645//2617
f 3645//2617 3690//2617 3691//2617
f 3645//2618 3691//2618 3646//2618
f 3646//2619 3691//2619 3692//2619
f 3646//2620 3692//2620 3647//2620
f 3647//2621 3692//2621 3693//2621
f 3647//2622 3693//2622 3648//2622
f 3648//2623 3693//2623 3694//2623
f 3648//2624 3694//2624 3649//2624
f 3649//2625 3694//2625 3695//2625
f 3649//2626 3695//2626 3650//2626
f 3650//2626 3695//2626 3696//2626
f 3650//2627 3696//2627 3651//2627
f 3651//2627 3696//2627 3697//2627
f 3651//2628 3697//2628 3652//2628
f 3652//2628 3697//2628 3698//2628
f 3652//2629 3698//2629 3653//2629
f 3653//2629 3698//2629 3699//2629
f 3653//2630 3699//2630 3654//2630
f 3654//2631 3699//2631 3700//2631
f 3654//2632 3700//2632 3655//2632
f 3655//2632 3700//2632 3701//2632
f 3655//2633 3701//2633 3656//2633
f 3656//2633 3701//2633 3702//2633
f 3656//2634 3702//2634 3657//2634
f 3657//2635 3702//2635 3703//2635
f 3657//2636 3703//2636 3658//2636
f 3658//2637 3703//2637 3704//2637
f 3658//2638 3704//2638 3659//2638
f 3659//2639 3704//2639 3705//2639
f 3659//2640 3705//2640 3660//2640
f 3660//2640 3705//2640 3706//2640
f 3660//2641 3706//2641 3661//2641
f 3661//2641 3706//2641 3707//2641
f 3661//2642 3707//2642 3662//2642
f 3662//2643 3707//2643 3708//2643
f 3662//2644 3708//2644 3663//2644
f 3663//2645 3708//2645 3709//2645
f 3663//2646 3709//2646 3664//2646
f 3664//2647 3709//2647 3710//2647
f 3664//2648 3710//2648 3665//2648
f 3665//2648 3710//2648 3711//2648
f 3665//2649 3711//2649 3666//2649
f 3666//2650 3711//2650 3712//2650
f 3666//2651 3712//2651 3667//2651
f 3667//2652 3712//2652 3713//2652
f 3667//2653 3713//2653 3668//2653
f 3668//2654 3713//2654 3714//2654
f 3668//2655 3714//2655 3669//2655
f 3669//2655 3714//2655 3715//2655
f 3669//2656 3715//2656 3670//2656
f 3670//2657 3715//2657 3716//2657
f 3670//2658 3716//2658 3671//2658
f 3671//2659 3716//2659 3717//2659
f 3671//2660 3717//2660 3672//2660
f 3672//2660 3717//2660 3718//2660
f 3672//2661 3718//2661 3673//2661
f 3673//2662 3718//2662 3719//2662
f 3673//2663 3719//2663 3674//2663
f 3674//2663 3719//2663 3720//2663
f 3674//2664 3720//2664 3629//2664
f 3629//2664 3720//2664 3675//2664
f 3675//2665 3721//2665 3676//2665
f 3676//2665 3721//2665 3722//2665
f 3676//2666 3722//2666 3677//2666
f 3677//2666 3722//2666 3723//2666
f 3677//2667 3723//2667 3678//2667
f 3678//2667 3723//2667 3724//2667
f 3678//2668 3724//2668 3679//2668
f 3679//2669 3724//2669 3725//2669
f 3679//2670 3725//2670 3680//2670
f 3680//2671 3725//2671 3726//2671
f 3680//2672 3726//2672 3681//2672
f 3681//2672 3726//2672 3727//2672
f 3681//2673 3727//2673 3682//2673
f 3682//2674 3727//2674 3728//2674
f 3682//2675 3728//2675 3683//2675
f 3683//2675 3728//2675 3729//2675
f 3683//2676 3729//2676 3684//2676
f 3684//2677 3729//2677 3730//2677
f 3684//2678 3730//2678 3685//2678
f 3685//2678 3730//2678 3731//2678
f 3685//2679 3731//2679 3686//2679
f 3686//2679 3731//2679 3732//2679
f 3686//2680 3732//2680 3687//2680
f 3687//2681 3732//2681 3733//2681
f 3687//2682 3733//2682 3688//2682
f 3688//2683 3733//2683 3734//2683
f 3688//2684 3734//2684 3689//2684
f 3689//2685 3734//2685 3735//2685
f 3689//2686 3735//2686 3690//2686
f 3690//2687 3735//2687 3736//2687
f 3690//2688 3736//2688 3691//2688
f 3691//2689 3736//2689 3737//2689
f 3691//2690 3737//2690 3692//2690
f 3692//2690 3737//2690 3738//2690
f 3692//2691 3738//2691 3693//2691
f 3693//2691 3738//2691 3739//2691
f 3693//2692 3739//2692 3694//2692
f 3694//2692 3739//2692 3740//2692
f 3694//2693 3740//2693 3695//2693
f 3695//2694 3740//2694 3741//2694
f 3695//2695 3741//2695 3696//2695
f 3696//2695 3741//2695 3742//2695
f 3696//2696 3742//2696 3697//2696
f 3697//2696 3742//2696 3743//2696
f 3697//2697 3743//2697 3698//2697
f 3698//2698 3743//2698 3744//2698
f 3698//2699 3744//2699 3699//2699
f 3699//2700 3744//2700 3745//2700
f 3699//2701 3745//2701 3700//2701
f 3700//2702 3745//2702 3746//2702
f 3700//2703 3746//2703 3701//2703
f 3701//2704 3746//2704 3747//2704
f 3701//2705 3747//2705 3702//2705
f 3702//2706 3747//2706 3748//2706
f 3702//2707 3748//2707 3703//2707
f 3703//2708 3748//2708 3749//2708
f 3703//2709 3749//2709 3704//2709
f 3704//2709 3749//2709 3750//2709
f 3704//2710 3750//2710 3705//2710
f 3705//2711 3750//2711 3751//2711
f 3705//2712 3751//2712 3706//2712
f 3706//2712 3751//2712 3752//2712
f 3706//2713 3752//2713 3707//2713
f 3707//2714 3752//2714 3753//2714
f 3707//2715 3753//2715 3708//2715
f 3708//2716 3753//2716 3754//2716
f 3708//2717 3754//2717 3709//2717
f 3709//2717 3754//2717 3755//2717
f 3709//2718 3755//2718 3710//2718
f 3710//2719 3755//2719 3756//2719
f 3710//2720 3756//2720 3711//2720
f 3711//2721 3756//2721 3757//2721
f 3711//2722 3757//2722 3712//2722
f 3712//2722 3757//2722 3758//2722
f 3712//2723 3758//2723 3713//2723
f 3713//2724 3758//2724 3759//2724
f 3713//2725 3759//2725 3714//2725
f 3714//2725 3759//2725 3760//2725
f 3714//2726 3760//2726 3715//2726
f 3715//2727 3760//2727 3761//2727
f 3715//2728 3761//2728 3716//2728
f 3716//2729 3761//2729 3762//2729
f 3716//2730 3762//2730 3717//2730
f 3717//2730 3762//2730 3763//2730
f 3717//2731 3763//2731 3718//2731
f 3718//2732 3763//2732 3764//2732
f 3718//2733 3764//2733 3719//2733
f 3719//2733 3764//2733 3765//2733
f 3719//2734 3765//2734 3720//2734
f 3720//2734 3765//2734 3766//2734
f 3720//2735 3766//2735 3675//2735
f 3675//2735 3766//2735 3721//2735
f 3721//2736 3767//2736 3722//2736
f 3722//2736 3767//2736 3768//2736
f 3722//2737 3768//2737 3723//2737
f 3723//2737 3768//2737 3769//2737
f 3723//2738 3769//2738 3724//2738
f 3724//2738 3769//2738 3770//2738
f 3724//2739 3770//2739 3725//2739
f 3725//2739 3770//2739 3771//2739
f 3725//2740 3771//2740 3726//2740
f 3726//2741 3771//2741 3772//2741
f 3726//2742 3772//2742 3727//2742
f 3727//2743 3772//2743 3773//2743
f 3727//2744 3773//2744 3728//2744
f 3728//2745 3773//2745 3774//2745
f 3728//2746 3774//2746 3729//2746
f 3729//2747 3774//2747 3775//2747
f 3729//2748 3775//2748 3730//2748
f 3730//2749 3775//2749 3776//2749
f 3730//2750 3776//2750 3731//2750
f 3731//2750 3776//2750 3777//2750
f 3731//2751 3777//2751 3732//2751
f 3732//2752 3777//2752 3778//2752
f 3732//2753 3778//2753 3733//2753
f 3733//2753 3778//2753 3779//2753
f 3733//2754 3779//2754 3734//2754
f 3734//2754 3779//2754 3780//2754
f 3734//2755 3780//2755 3735//2755
f 3735//2755 3780//2755 3781//2755
f 3735//2756 3781//2756 3736//2756
f 3736//2757 3781//2757 3782//2757
f 3736//2758 3782//2758 3737//2758
f 3737//2759 3782//2759 3783//2759
f 3737//2760 3783//2760 3738//2760
f 3738//2761 3783//2761 3784//2761
f 3738//2762 3784//2762 3739//2762
f 3739//2763 3784//2763 3785//2763
f 3739//2764 3785//2764 3740//2764
f 3740//2765 3785//2765 3786//2765
f 3740//2766 3786//2766 3741//2766
f 3741//2766 3786//2766 3787//2766
f 3741//2767 3787//2767 3742//2767
f 3742//2767 3787//2767 3788//2767
f 3742//2768 3788//2768 3743//2768
f 3743//2768 3788//2768 3789//2768
f 3743//2769 3789//2769 3744//2769
f 3744//2769 3789//2769 3790//2769
f 3744//2770 3790//2770 3745//2770
f 3745//2771 3790//2771 3791//2771
f 3745//2772 3791//2772 3746//2772
f 3746//2772 3791//2772 3792//2772
f 3746//2773 3792//2773 3747//2773
f 3747//2774 3792//2774 3793//2774
f 3747//2775 3793//2775 3748//2775
f 3748//2776 3793//2776 3794//2776
f 3748//2777 3794//2777 3749//2777
f 3749//2777 3794//2777 3795//2777
f 3749//2778 3795//2778 3750//2778
f 3750//2778 3795//2778 3796//2778
f 3750//2779 3796//2779 3751//2779
f 3751//2780 3796//2780 3797//2780
f 3751//2781 3797//2781 3752//2781
f 3752//2782 3797//2782 3798//2782
f 3752//2783 3798//2783 3753//2783
f 3753//2784 3798//2784 3799//2784
f 3753//2785 3799//2785 3754//2785
f 3754//2785 3799//2785 3800//2785
f 3754//2786 3800//2786 3755//2786
f 3755//2787 3800//2787 3801//2787
f 3755//2788 3801//2788 3756//2788
f 3756//2788 3801//2788 3802//2788
f 3756//2789 3802//2789 3757//2789
f 3757//2790 3802//2790 3803//2790
f 3757//2791 3803//2791 3758//2791
f 3758//2792 3803//2792 3804//2792
f 3758//2793 3804//2793 3759//2793
f 3759//2794 3804//2794 3805//2794
f 3759//2795 3805//2795 3760//2795
f 3760//2796 3805//2796 3806//2796
f 3760//2797 3806//2797 3761//2797
f 3761//2798 3806//2798 3807//2798
f 3761//2799 3807//2799 3762//2799
f 3762//2799 3807//2799 3808//2799
f 3762//2800 3808//2800 3763//2800
f 3763//2800 3808//2800 3809//2800
f 3763//2801 3809//2801 3764//2801
f 3764//2801 3809//2801 3810//2801
f 3764//2802 3810//2802 3765//2802
f 3765//2803 3810//2803 3811//2803
f 3765//2804 3811//2804 3766//2804
f 3766//2804 3811//2804 3812//2804
f 3766//2805 3812//2805 3721//2805
f 3721//2805 3812//2805 3767//2805
f 3767//2806 3813//2806 3768//2806
f 3768//2806 3813//2806 3814//2806
f 3768//2807 3814//2807 3769//2807
f 3769//2807 3814//2807 3815//2807
f 3769//2808 3815//2808 3770//2808
f 3770//2808 3815//2808 3816//2808
f 3770//2809 3816//2809 3771//2809
f 3771//2810 3816//2810 3817//2810
f 3771//2811 3817//2811 3772//2811
f 3772//2812 3817//2812 3818//2812
f 3772//2813 3818//2813 3773//2813
f 3773//2813 3818//2813 3819//2813
f 3773//2814 3819//2814 3774//2814
f 3774//2814 3819//2814 3820//2814
f 3774//2815 3820//2815 3775//2815
f 3775//2815 3820//2815 3821//2815
f 3775//2816 3821//2816 3776//2816
f 3776//2817 3821//2817 3822//2817
f 3776//2818 3822//2818 3777//2818
f 3777//2819 3822//2819 3823//2819
f 3777//2820 3823//2820 3778//2820
f 3778//2820 3823//2820 3824//2820
f 3778//2821 3824//2821 3779//2821
f 3779//2821 3824//2821 3825//2821
f 3779//2822 3825//2822 3780//2822
f 3780//2822 3825//2822 3826//2822
f 3780//2823 3826//2823 3781//2823
f 3781//2823 3826//2823 3827//2823
f 3781//2824 3827//2824 3782//2824
f 3782//2824 3827//2824 3828//2824
f 3782//2825 3828//2825 3783//2825
f 3783//2825 3828//2825 3829//2825
f 3783//2826 3829//2826 3784//2826
f 3784//2826 3829//2826 3830//2826
f 3784//2827 3830//2827 3785//2827
f 3785//2827 3830//2827 3831//2827
f 3785//2828 3831//2828 3786//2828
f 3786//2829 3831//2829 3832//2829
f 3786//2830 3832//2830 3787//2830
f 3787//2830 3832//2830 3833//2830
f 3787//2831 3833//2831 3788//2831
f 3788//2832 3833//2832 3834//2832
f 3788//2833 3834//2833 3789//2833
f 3789//2833 3834//2833 3835//2833
f 3789//2834 3835//2834 3790//2834
f 3790//2834 3835//2834 3836//2834
f 3790//2835 3836//2835 3791//2835
f 3791//2836 3836//2836 3837//2836
f 3791//2837 3837//2837 3792//2837
f 3792//2837 3837//2837 3838//2837
f 3792//2838 3838//2838 3793//2838
f 3793//2838 3838//2838 3839//2838
f 3793//2839 3839//2839 3794//2839
f 3794//2839 3839//2839 3840//2839
f 3794//2840 3840//2840 3795//2840
f 3795//2840 3840//2840 3841//2840
f 3795//2841 3841//2841 3796//2841
f 3796//2842 3841//2842 3842//2842
f 3796//2843 3842//2843 3797//2843
f 3797//2843 3842//2843 3843//2843
f 3797//2844 3843//2844 3798//2844
f 3798//2845 3843//2845 3844//2845
f 3798//2846 3844//2846 3799//2846
f 3799//2847 3844//2847 3845//2847
f 3799//2848 3845//2848 3800//2848
f 3800//2849 3845//2849 3846//2849
f 3800//2850 3846//2850 3801//2850
f 3801//2850 3846//2850 3847//2850
f 3801//2851 3847//2851 3802//2851
f 3802//2851 3847//2851 3848//2851
f 3802//2852 3848//2852 3803//2852
f 3803//2852 3848//2852 3849//2852
f 3803//2853 3849//2853 3804//2853
f 3804//2853 3849//2853 3850//2853
f 3804//2854 3850//2854 3805//2854
f 3805//2855 3850//2855 3851//2855
f 3805//2856 3851//2856 3806//2856
f 3806//2856 3851//2856 3852//2856
f 3806//2857 3852//2857 3807//2857
f 3807//2857 3852//2857 3853//2857
f 3807//2858 3853//2858 3808//2858
f 3808//2859 3853//2859 3854//2859
f 3808//2860 3854//2860 3809//2860
f 3809//2861 3854//2861 3855//2861
f 3809//2862 3855//2862 3810//2862
f 3810//2863 3855//2863 3856//2863
f 3810//2864 3856//2864 3811//2864
f 3811//2864 3856//2864 3857//2864
f 3811//2865 3857//2865 3812//2865
f 3812//2865 3857//2865 3858//2865
f 3812//2866 3858//2866 3767//2866
f 3767//2866 3858//2866 3813//2866
f 3813//2867 1816//2867 3814//2867
f 3814//2868 1816//2868 1818//2868
f 3814//2869 1818//2869 3815//2869
f 3815//2870 1818//2870 1820//2870
f 3815//2871 1820//2871 3816//2871
f 3816//2871 1820//2871 1822//2871
f 3816//2872 1822//2872 3817//2872
f 3817//2872 1822//2872 1844//2872
f 3817//2873 1844//2873 3818//2873
f 3818//2874 1844//2874 1846//2874
f 3818//2875 1846//2875 3819//2875
f 3819//2876 1846//2876 1848//2876
f 3819//2877 1848//2877 3820//2877
f 3820//2878 1848//2878 1850//2878
f 3820//2879 1850//2879 3821//2879
f 3821//2880 1850//2880 1852//2880
f 3821//2881 1852//2881 3822//2881
f 3822//2881 1852//2881 1854//2881
f 3822//2882 1854//2882 3823//2882
f 3823//2883 1854//2883 1856//2883
f 3823//2884 1856//2884 3824//2884
f 3824//2884 1856//2884 1858//2884
f 3824//2885 1858//2885 3825//2885
f 3825//2885 1858//2885 1860//2885
f 3825//2886 1860//2886 3826//2886
f 3826//2887 1860//2887 1863//2887
f 3826//2888 1863//2888 3827//2888
f 3827//2888 1863//2888 1865//2888
f 3827//2889 1865//2889 3828//2889
f 3828//2889 1865//2889 1867//2889
f 3828//2890 1867//2890 3829//2890
f 3829//2890 1867//2890 1869//2890
f 3829//2891 1869//2891 3830//2891
f 3830//2891 1869//2891 1871//2891
f 3830//2892 1871//2892 3831//2892
f 3831//2892 1871//2892 1873//2892
f 3831//2893 1873//2893 3832//2893
f 3832//2893 1873//2893 1875//2893
f 3832//2894 1875//2894 3833//2894
f 3833//2894 1875//2894 1877//2894
f 3833//2895 1877//2895 3834//2895
f 3834//2895 1877//2895 1879//2895
f 3834//2896 1879//2896 3835//2896
f 3835//2896 1879//2896 1823//2896
f 3835//2897 1823//2897 3836//2897
f 3836//2897 1823//2897 1825//2897
f 3836//2898 1825//2898 3837//2898
f 3837//2899 1825//2899 1827//2899
f 3837//2900 1827//2900 3838//2900
f 3838//2901 1827//2901 1829//2901
f 3838//2902 1829//2902 3839//2902
f 3839//2903 1829//2903 1831//2903
f 3839//2904 1831//2904 3840//2904
f 3840//2904 1831//2904 1833//2904
f 3840//2905 1833//2905 3841//2905
f 3841//2905 1833//2905 1835//2905
f 3841//2906 1835//2906 3842//2906
f 3842//2906 1835//2906 1837//2906
f 3842//2907 1837//2907 3843//2907
f 3843//2908 1837//2908 1839//2908
f 3843//2909 1839//2909 3844//2909
f 3844//2910 1839//2910 1785//2910
f 3844//2911 1785//2911 3845//2911
f 3845//2912 1785//2912 1787//2912
f 3845//2913 1787//2913 3846//2913
f 3846//2913 1787//2913 1789//2913
f 3846//2914 1789//2914 3847//2914
f 3847//2914 1789//2914 1791//2914
f 3847//2915 1791//2915 3848//2915
f 3848//2916 1791//2916 1793//2916
f 3848//2917 1793//2917 3849//2917
f 3849//2918 1793//2918 1795//2918
f 3849//2919 1795//2919 3850//2919
f 3850//2920 1795//2920 1797//2920
f 3850//2921 1797//2921 3851//2921
f 3851//2922 1797//2922 1799//2922
f 3851//2923 1799//2923 3852//2923
f 3852//2923 1799//2923 1801//2923
f 3852//2924 1801//2924 3853//2924
f 3853//2925 1801//2925 1803//2925
f 3853//2926 1803//2926 3854//2926
f 3854//2926 1803//2926 1806//2926
f 3854//2927 1806//2927 3855//2927
f 3855//2927 1806//2927 1808//2927
f 3855//2928 1808//2928 3856//2928
f 3856//2929 1808//2929 1810//2929
f 3856//2930 1810//2930 3857//2930
f 3857//2930 1810//2930 1812//2930
f 3857//2931 1812//2931 3858//2931
f 3858//2931 1812//2931 1814//2931
f 3858//2932 1814//2932 3813//2932
f 3813//2933 1814//2933 1816//2933
f 2023//2934 2025//2934 3859//2934
f 2027//2935 2029//2935 3860//2935
f 1994//2936 1996//2936 3861//2936
f 1998//2937 2000//2937 3862//2937
f 1983//2938 1985//2938 3863//2938
f 1958//2939 1960//2939 3864//2939
f 1970//2940 1972//2940 3865//2940
f 1945//2941 1947//2941 3866//2941
f 1941//2942 1943//2942 3867//2942
f 1944//2943 1939//2943 3868//2943
f 1921//2944 1923//2944 3869//2944
f 1925//2945 1927//2945 3870//2945
f 1903//2946 1905//2946 3871//2946
f 1907//2947 1909//2947 3872//2947
f 1886//2948 1888//2948 3873//2948
f 1890//2949 1892//2949 3874//2949
f 2007//2950 2009//2950 3875//2950
f 2011//2951 2013//2951 3876//2951
f 2073//2952 2071//2952 3877//2952
f 3877//2953 2071//2953 3878//2953
f 3877//2954 3878//2954 3879//2954
f 3879//2954 3878//2954 3880//2954
f 3879//2955 3880//2955 3881//2955
f 3881//2956 3880//2956 3882//2956
f 3881//2957 3882//2957 3883//2957
f 3883//2958 3882//2958 3884//2958
f 3883//2959 3884//2959 3885//2959
f 3885//2959 3884//2959 3886//2959
f 3885//2960 3886//2960 3887//2960
f 3887//2961 3886//2961 3888//2961
f 3887//2962 3888//2962 3889//2962
f 3889//2962 3888//2962 3890//2962
f 3889//2963 3890//2963 3891//2963
f 3891//2964 3890//2964 3876//2964
f 2037//2965 2035//2965 3892//2965
f 3892//2965 2035//2965 3893//2965
f 3892//2966 3893//2966 3894//2966
f 3894//2967 3893//2967 3895//2967
f 3894//2968 3895//2968 3896//2968
f 3896//2969 3895//2969 3897//2969
f 3896//2970 3897//2970 3898//2970
f 3898//2971 3897//2971 3899//2971
f 3898//2972 3899//2972 3900//2972
f 3900//2972 3899//2972 3901//2972
f 3900//2973 3901//2973 3902//2973
f 3902//2974 3901//2974 3903//2974
f 3902//2975 3903//2975 3904//2975
f 3904//2975 3903//2975 3905//2975
f 3904//2976 3905//2976 3906//2976
f 3906//2976 3905//2976 3874//2976
f 2046//2977 2044//2977 3907//2977
f 3907//2978 2044//2978 3908//2978
f 3907//2979 3908//2979 3909//2979
f 3909//2980 3908//2980 3910//2980
f 3909//2981 3910//2981 3911//2981
f 3911//2982 3910//2982 3912//2982
f 3911//2983 3912//2983 3913//2983
f 3913//2983 3912//2983 3914//2983
f 3913//2984 3914//2984 3915//2984
f 3915//2984 3914//2984 3916//2984
f 3915//2985 3916//2985 3917//2985
f 3917//2986 3916//2986 3918//2986
f 3917//2987 3918//2987 3919//2987
f 3919//2988 3918//2988 3920//2988
f 3919//2989 3920//2989 3921//2989
f 3921//2989 3920//2989 3872//2989
f 2055//2990 2053//2990 3922//2990
f 3922//2991 2053//2991 3923//2991
f 3922//2992 3923//2992 3924//2992
f 3924//2993 3923//2993 3925//2993
f 3924//2994 3925//2994 3926//2994
f 3926//2995 3925//2995 3927//2995
f 3926//2996 3927//2996 3928//2996
f 3928//2997 3927//2997 3929//2997
f 3928//2998 3929//2998 3930//2998
f 3930//2998 3929//2998 3931//2998
f 3930//2999 3931//2999 3932//2999
f 3932//3000 3931//3000 3933//3000
f 3932//3001 3933//3001 3934//3001
f 3934//3002 3933//3002 3935//3002
f 3934//3003 3935//3003 3936//3003
f 3936//3004 3935//3004 3870//3004
f 2064//3005 2062//3005 3937//3005
f 3937//3005 2062//3005 3938//3005
f 3937//3006 3938//3006 3939//3006
f 3939//3006 3938//3006 3940//3006
f 3939//3007 3940//3007 3941//3007
f 3941//3008 3940//3008 3942//3008
f 3941//3009 3942//3009 3943//3009
f 3943//3010 3942//3010 3944//3010
f 3943//3011 3944//3011 3945//3011
f 3945//3011 3944//3011 3946//3011
f 3945//3012 3946//3012 3947//3012
f 3947//3012 3946//3012 3948//3012
f 3947//3013 3948//3013 3949//3013
f 3949//3014 3948//3014 3950//3014
f 3949//3015 3950//3015 3951//3015
f 3951//3016 3950//3016 3868//3016
f 2082//3017 2080//3017 3952//3017
f 3952//3017 2080//3017 3953//3017
f 3952//3018 3953//3018 3954//3018
f 3954//3018 3953//3018 3955//3018
f 3954//3019 3955//3019 3956//3019
f 3956//3019 3955//3019 3957//3019
f 3956//3020 3957//3020 3958//3020
f 3958//3021 3957//3021 3959//3021
f 3958//3022 3959//3022 3960//3022
f 3960//3023 3959//3023 3961//3023
f 3960//3024 3961//3024 3962//3024
f 3962//3025 3961//3025 3963//3025
f 3962//3026 3963//3026 3964//3026
f 3964//3026 3963//3026 3965//3026
f 3964//3027 3965//3027 3966//3027
f 3966//3028 3965//3028 3866//3028
f 2109//3029 2107//3029 3967//3029
f 3967//3030 2107//3030 3968//3030
f 3967//3031 3968//3031 3969//3031
f 3969//3032 3968//3032 3970//3032
f 3969//3033 3970//3033 3971//3033
f 3971//3034 3970//3034 3972//3034
f 3971//3035 3972//3035 3973//3035
f 3973//3036 3972//3036 3974//3036
f 3973//3037 3974//3037 3975//3037
f 3975//3038 3974//3038 3976//3038
f 3975//3039 3976//3039 3977//3039
f 3977//3040 3976//3040 3978//3040
f 3977//3041 3978//3041 3979//3041
f 3979//3042 3978//3042 3980//3042
f 3979//3043 3980//3043 3981//3043
f 3981//3044 3980//3044 3864//3044
f 2091//3045 2089//3045 3982//3045
f 3982//3046 2089//3046 3983//3046
f 3982//3047 3983//3047 3984//3047
f 3984//3048 3983//3048 3985//3048
f 3984//3049 3985//3049 3986//3049
f 3986//3050 3985//3050 3987//3050
f 3986//3051 3987//3051 3988//3051
f 3988//3052 3987//3052 3989//3052
f 3988//3053 3989//3053 3990//3053
f 3990//3053 3989//3053 3991//3053
f 3990//3054 3991//3054 3992//3054
f 3992//3055 3991//3055 3993//3055
f 3992//3056 3993//3056 3994//3056
f 3994//3057 3993//3057 3995//3057
f 3994//3058 3995//3058 3996//3058
f 3996//3058 3995//3058 3862//3058
f 2100//3059 2098//3059 3997//3059
f 3997//3060 2098//3060 3998//3060
f 3997//3061 3998//3061 3999//3061
f 3999//3062 3998//3062 4000//3062
f 3999//3063 4000//3063 4001//3063
f 4001//3064 4000//3064 4002//3064
f 4001//3065 4002//3065 4003//3065
f 4003//3066 4002//3066 4004//3066
f 4003//3067 4004//3067 4005//3067
f 4005//3068 4004//3068 4006//3068
f 4005//3069 4006//3069 4007//3069
f 4007//3070 4006//3070 4008//3070
f 4007//3071 4008//3071 4009//3071
f 4009//3072 4008//3072 4010//3072
f 4009//3073 4010//3073 4011//3073
f 4011//3074 4010//3074 3860//3074
f 2075//3075 2073//3075 4012//3075
f 4012//3075 2073//3075 3877//3075
f 4012//3076 3877//3076 4013//3076
f 4013//3076 3877//3076 3879//3076
f 4013//3077 3879//3077 4014//3077
f 4014//3078 3879//3078 3881//3078
f 4014//3079 3881//3079 4015//3079
f 4015//3080 3881//3080 3883//3080
f 4015//3081 3883//3081 4016//3081
f 4016//3082 3883//3082 3885//3082
f 4016//3083 3885//3083 4017//3083
f 4017//3083 3885//3083 3887//3083
f 4017//3084 3887//3084 4018//3084
f 4018//3085 3887//3085 3889//3085
f 4018//3086 3889//3086 4019//3086
f 4019//3087 3889//3087 3891//3087
f 4019//3088 3891//3088 2019//3088
f 2019//3089 3891//3089 2017//3089
f 3876//3090 2013//3090 3891//3090
f 3891//3091 2013//3091 2015//3091
f 3891//3092 2015//3092 2017//3092
f 2071//3093 2070//3093 3878//3093
f 3878//3093 2070//3093 4020//3093
f 3878//3094 4020//3094 3880//3094
f 3880//3095 4020//3095 4021//3095
f 3880//3096 4021//3096 3882//3096
f 3882//3096 4021//3096 4022//3096
f 3882//3097 4022//3097 3884//3097
f 3884//3098 4022//3098 4023//3098
f 3884//3099 4023//3099 3886//3099
f 3886//3099 4023//3099 4024//3099
f 3886//3100 4024//3100 3888//3100
f 3888//3101 4024//3101 4025//3101
f 3888//3102 4025//3102 3890//3102
f 3890//3103 4025//3103 4026//3103
f 3890//3104 4026//3104 3876//3104
f 3876//3104 4026//3104 3875//3104
f 3876//3105 3875//3105 2011//3105
f 2011//3106 3875//3106 2009//3106
f 2005//3107 2007//3107 4027//3107
f 4027//3108 2007//3108 3875//3108
f 4027//3109 3875//3109 4028//3109
f 4028//3110 3875//3110 4026//3110
f 4028//3111 4026//3111 4029//3111
f 4029//3111 4026//3111 4025//3111
f 4029//3112 4025//3112 4030//3112
f 4030//3112 4025//3112 4024//3112
f 4030//3113 4024//3113 4031//3113
f 4031//3114 4024//3114 4023//3114
f 4031//3115 4023//3115 4032//3115
f 4032//3116 4023//3116 4022//3116
f 4032//3117 4022//3117 4033//3117
f 4033//3118 4022//3118 4021//3118
f 4033//3119 4021//3119 4034//3119
f 4034//3119 4021//3119 4020//3119
f 4034//3120 4020//3120 2041//3120
f 2041//3121 4020//3121 2070//3121
f 2041//3122 2039//3122 4034//3122
f 4034//3123 2039//3123 4035//3123
f 4034//3124 4035//3124 4033//3124
f 4033//3125 4035//3125 4036//3125
f 4033//3126 4036//3126 4032//3126
f 4032//3126 4036//3126 4037//3126
f 4032//3127 4037//3127 4031//3127
f 4031//3127 4037//3127 4038//3127
f 4031//3128 4038//3128 4030//3128
f 4030//3129 4038//3129 4039//3129
f 4030//3130 4039//3130 4029//3130
f 4029//3131 4039//3131 4040//3131
f 4029//3132 4040//3132 4028//3132
f 4028//3133 4040//3133 4041//3133
f 4028//3134 4041//3134 4027//3134
f 4027//3135 4041//3135 4042//3135
f 4027//3136 4042//3136 2005//3136
f 2005//3136 4042//3136 1898//3136
f 2039//3137 2037//3137 4035//3137
f 4035//3137 2037//3137 3892//3137
f 4035//3138 3892//3138 4036//3138
f 4036//3139 3892//3139 3894//3139
f 4036//3140 3894//3140 4037//3140
f 4037//3141 3894//3141 3896//3141
f 4037//3142 3896//3142 4038//3142
f 4038//3143 3896//3143 3898//3143
f 4038//3144 3898//3144 4039//3144
f 4039//3144 3898//3144 3900//3144
f 4039//3145 3900//3145 4040//3145
f 4040//3146 3900//3146 3902//3146
f 4040//3147 3902//3147 4041//3147
f 4041//3148 3902//3148 3904//3148
f 4041//3149 3904//3149 4042//3149
f 4042//3149 3904//3149 3906//3149
f 4042//3150 3906//3150 1898//3150
f 1898//3150 3906//3150 1896//3150
f 3874//3151 1892//3151 3906//3151
f 3906//3152 1892//3152 1894//3152
f 3906//3153 1894//3153 1896//3153
f 2035//3154 2051//3154 3893//3154
f 3893//3155 2051//3155 4043//3155
f 3893//3156 4043//3156 3895//3156
f 3895//3157 4043//3157 4044//3157
f 3895//3158 4044//3158 3897//3158
f 3897//3159 4044//3159 4045//3159
f 3897//3160 4045//3160 3899//3160
f 3899//3161 4045//3161 4046//3161
f 3899//3162 4046//3162 3901//3162
f 3901//3163 4046//3163 4047//3163
f 3901//3164 4047//3164 3903//3164
f 3903//3165 4047//3165 4048//3165
f 3903//3166 4048//3166 3905//3166
f 3905//3167 4048//3167 4049//3167
f 3905//3168 4049//3168 3874//3168
f 3874//3169 4049//3169 3873//3169
f 3874//3170 3873//3170 1890//3170
f 1890//3171 3873//3171 1888//3171
f 1884//3172 1886//3172 4050//3172
f 4050//3173 1886//3173 3873//3173
f 4050//3174 3873//3174 4051//3174
f 4051//3175 3873//3175 4049//3175
f 4051//3176 4049//3176 4052//3176
f 4052//3177 4049//3177 4048//3177
f 4052//3178 4048//3178 4053//3178
f 4053//3179 4048//3179 4047//3179
f 4053//3180 4047//3180 4054//3180
f 4054//3180 4047//3180 4046//3180
f 4054//3181 4046//3181 4055//3181
f 4055//3182 4046//3182 4045//3182
f 4055//3183 4045//3183 4056//3183
f 4056//3184 4045//3184 4044//3184
f 4056//3185 4044//3185 4057//3185
f 4057//3186 4044//3186 4043//3186
f 4057//3187 4043//3187 2050//3187
f 2050//3187 4043//3187 2051//3187
f 2050//3188 2048//3188 4057//3188
f 4057//3189 2048//3189 4058//3189
f 4057//3190 4058//3190 4056//3190
f 4056//3191 4058//3191 4059//3191
f 4056//3192 4059//3192 4055//3192
f 4055//3193 4059//3193 4060//3193
f 4055//3194 4060//3194 4054//3194
f 4054//3195 4060//3195 4061//3195
f 4054//3196 4061//3196 4053//3196
f 4053//3197 4061//3197 4062//3197
f 4053//3198 4062//3198 4052//3198
f 4052//3199 4062//3199 4063//3199
f 4052//3200 4063//3200 4051//3200
f 4051//3201 4063//3201 4064//3201
f 4051//3202 4064//3202 4050//3202
f 4050//3203 4064//3203 4065//3203
f 4050//3204 4065//3204 1884//3204
f 1884//3204 4065//3204 1882//3204
f 2048//3205 2046//3205 4058//3205
f 4058//3205 2046//3205 3907//3205
f 4058//3206 3907//3206 4059//3206
f 4059//3207 3907//3207 3909//3207
f 4059//3208 3909//3208 4060//3208
f 4060//3209 3909//3209 3911//3209
f 4060//3210 3911//3210 4061//3210
f 4061//3211 3911//3211 3913//3211
f 4061//3212 3913//3212 4062//3212
f 4062//3212 3913//3212 3915//3212
f 4062//3213 3915//3213 4063//3213
f 4063//3214 3915//3214 3917//3214
f 4063//3215 3917//3215 4064//3215
f 4064//3215 3917//3215 3919//3215
f 4064//3216 3919//3216 4065//3216
f 4065//3217 3919//3217 3921//3217
f 4065//3218 3921//3218 1882//3218
f 1882//3219 3921//3219 1913//3219
f 3872//3220 1909//3220 3921//3220
f 3921//3221 1909//3221 1911//3221
f 3921//3222 1911//3222 1913//3222
f 2044//3223 2060//3223 3908//3223
f 3908//3224 2060//3224 4066//3224
f 3908//3225 4066//3225 3910//3225
f 3910//3226 4066//3226 4067//3226
f 3910//3227 4067//3227 3912//3227
f 3912//3228 4067//3228 4068//3228
f 3912//3229 4068//3229 3914//3229
f 3914//3230 4068//3230 4069//3230
f 3914//3231 4069//3231 3916//3231
f 3916//3232 4069//3232 4070//3232
f 3916//3233 4070//3233 3918//3233
f 3918//3234 4070//3234 4071//3234
f 3918//3235 4071//3235 3920//3235
f 3920//3236 4071//3236 4072//3236
f 3920//3237 4072//3237 3872//3237
f 3872//3237 4072//3237 3871//3237
f 3872//3238 3871//3238 1907//3238
f 1907//3239 3871//3239 1905//3239
f 1901//3240 1903//3240 4073//3240
f 4073//3241 1903//3241 3871//3241
f 4073//3242 3871//3242 4074//3242
f 4074//3243 3871//3243 4072//3243
f 4074//3244 4072//3244 4075//3244
f 4075//3245 4072//3245 4071//3245
f 4075//3246 4071//3246 4076//3246
f 4076//3247 4071//3247 4070//3247
f 4076//3248 4070//3248 4077//3248
f 4077//3249 4070//3249 4069//3249
f 4077//3250 4069//3250 4078//3250
f 4078//3251 4069//3251 4068//3251
f 4078//3252 4068//3252 4079//3252
f 4079//3253 4068//3253 4067//3253
f 4079//3254 4067//3254 4080//3254
f 4080//3255 4067//3255 4066//3255
f 4080//3256 4066//3256 2059//3256
f 2059//3257 4066//3257 2060//3257
f 2059//3258 2057//3258 4080//3258
f 4080//3259 2057//3259 4081//3259
f 4080//3260 4081//3260 4079//3260
f 4079//3261 4081//3261 4082//3261
f 4079//3262 4082//3262 4078//3262
f 4078//3262 4082//3262 4083//3262
f 4078//3263 4083//3263 4077//3263
f 4077//3264 4083//3264 4084//3264
f 4077//3265 4084//3265 4076//3265
f 4076//3266 4084//3266 4085//3266
f 4076//3267 4085//3267 4075//3267
f 4075//3268 4085//3268 4086//3268
f 4075//3269 4086//3269 4074//3269
f 4074//3270 4086//3270 4087//3270
f 4074//3271 4087//3271 4073//3271
f 4073//3272 4087//3272 4088//3272
f 4073//3273 4088//3273 1901//3273
f 1901//3273 4088//3273 1899//3273
f 2057//3274 2055//3274 4081//3274
f 4081//3274 2055//3274 3922//3274
f 4081//3275 3922//3275 4082//3275
f 4082//3276 3922//3276 3924//3276
f 4082//3277 3924//3277 4083//3277
f 4083//3278 3924//3278 3926//3278
f 4083//3279 3926//3279 4084//3279
f 4084//3280 3926//3280 3928//3280
f 4084//3281 3928//3281 4085//3281
f 4085//3282 3928//3282 3930//3282
f 4085//3283 3930//3283 4086//3283
f 4086//3284 3930//3284 3932//3284
f 4086//3285 3932//3285 4087//3285
f 4087//3286 3932//3286 3934//3286
f 4087//3287 3934//3287 4088//3287
f 4088//3287 3934//3287 3936//3287
f 4088//3288 3936//3288 1899//3288
f 1899//3289 3936//3289 1931//3289
f 3870//3290 1927//3290 3936//3290
f 3936//3291 1927//3291 1929//3291
f 3936//3292 1929//3292 1931//3292
f 1923//3293 1925//3293 3869//3293
f 3869//3294 1925//3294 3870//3294
f 3869//3295 3870//3295 4089//3295
f 4089//3295 3870//3295 3935//3295
f 4089//3296 3935//3296 4090//3296
f 4090//3297 3935//3297 3933//3297
f 4090//3298 3933//3298 4091//3298
f 4091//3299 3933//3299 3931//3299
f 4091//3300 3931//3300 4092//3300
f 4092//3301 3931//3301 3929//3301
f 4092//3302 3929//3302 4093//3302
f 4093//3302 3929//3302 3927//3302
f 4093//3303 3927//3303 4094//3303
f 4094//3304 3927//3304 3925//3304
f 4094//3305 3925//3305 4095//3305
f 4095//3306 3925//3306 3923//3306
f 4095//3307 3923//3307 2069//3307
f 2069//3308 3923//3308 2053//3308
f 1919//3309 1921//3309 4096//3309
f 4096//3310 1921//3310 3869//3310
f 4096//3311 3869//3311 4097//3311
f 4097//3312 3869//3312 4089//3312
f 4097//3313 4089//3313 4098//3313
f 4098//3314 4089//3314 4090//3314
f 4098//3315 4090//3315 4099//3315
f 4099//3316 4090//3316 4091//3316
f 4099//3317 4091//3317 4100//3317
f 4100//3318 4091//3318 4092//3318
f 4100//3319 4092//3319 4101//3319
f 4101//3320 4092//3320 4093//3320
f 4101//3321 4093//3321 4102//3321
f 4102//3322 4093//3322 4094//3322
f 4102//3323 4094//3323 4103//3323
f 4103//3323 4094//3323 4095//3323
f 4103//3324 4095//3324 2068//3324
f 2068//3324 4095//3324 2069//3324
f 2068//3325 2066//3325 4103//3325
f 4103//3325 2066//3325 4104//3325
f 4103//3326 4104//3326 4102//3326
f 4102//3326 4104//3326 4105//3326
f 4102//3327 4105//3327 4101//3327
f 4101//3328 4105//3328 4106//3328
f 4101//3329 4106//3329 4100//3329
f 4100//3329 4106//3329 4107//3329
f 4100//3330 4107//3330 4099//3330
f 4099//3331 4107//3331 4108//3331
f 4099//3332 4108//3332 4098//3332
f 4098//3333 4108//3333 4109//3333
f 4098//3334 4109//3334 4097//3334
f 4097//3334 4109//3334 4110//3334
f 4097//3335 4110//3335 4096//3335
f 4096//3336 4110//3336 4111//3336
f 4096//3337 4111//3337 1919//3337
f 1919//3337 4111//3337 1916//3337
f 2066//3338 2064//3338 4104//3338
f 4104//3338 2064//3338 3937//3338
f 4104//3339 3937//3339 4105//3339
f 4105//3339 3937//3339 3939//3339
f 4105//3340 3939//3340 4106//3340
f 4106//3340 3939//3340 3941//3340
f 4106//3341 3941//3341 4107//3341
f 4107//3342 3941//3342 3943//3342
f 4107//3343 3943//3343 4108//3343
f 4108//3343 3943//3343 3945//3343
f 4108//3344 3945//3344 4109//3344
f 4109//3345 3945//3345 3947//3345
f 4109//3346 3947//3346 4110//3346
f 4110//3347 3947//3347 3949//3347
f 4110//3348 3949//3348 4111//3348
f 4111//3348 3949//3348 3951//3348
f 4111//3349 3951//3349 1916//3349
f 1916//3349 3951//3349 1935//3349
f 3868//3350 1939//3350 3951//3350
f 3951//3351 1939//3351 1937//3351
f 3951//3352 1937//3352 1935//3352
f 2062//3353 2087//3353 3938//3353
f 3938//3353 2087//3353 4112//3353
f 3938//3354 4112//3354 3940//3354
f 3940//3354 4112//3354 4113//3354
f 3940//3355 4113//3355 3942//3355
f 3942//3355 4113//3355 4114//3355
f 3942//3356 4114//3356 3944//3356
f 3944//3357 4114//3357 4115//3357
f 3944//3358 4115//3358 3946//3358
f 3946//3358 4115//3358 4116//3358
f 3946//3359 4116//3359 3948//3359
f 3948//3359 4116//3359 4117//3359
f 3948//3360 4117//3360 3950//3360
f 3950//3361 4117//3361 4118//3361
f 3950//3362 4118//3362 3868//3362
f 3868//3363 4118//3363 3867//3363
f 3868//3364 3867//3364 1944//3364
f 1944//3365 3867//3365 1943//3365
f 1955//3366 1941//3366 4119//3366
f 4119//3367 1941//3367 3867//3367
f 4119//3368 3867//3368 4120//3368
f 4120//3369 3867//3369 4118//3369
f 4120//3370 4118//3370 4121//3370
f 4121//3371 4118//3371 4117//3371
f 4121//3372 4117//3372 4122//3372
f 4122//3373 4117//3373 4116//3373
f 4122//3374 4116//3374 4123//3374
f 4123//3375 4116//3375 4115//3375
f 4123//3376 4115//3376 4124//3376
f 4124//3377 4115//3377 4114//3377
f 4124//3378 4114//3378 4125//3378
f 4125//3378 4114//3378 4113//3378
f 4125//3379 4113//3379 4126//3379
f 4126//3379 4113//3379 4112//3379
f 4126//3380 4112//3380 2086//3380
f 2086//3380 4112//3380 2087//3380
f 2086//3381 2084//3381 4126//3381
f 4126//3381 2084//3381 4127//3381
f 4126//3382 4127//3382 4125//3382
f 4125//3382 4127//3382 4128//3382
f 4125//3383 4128//3383 4124//3383
f 4124//3383 4128//3383 4129//3383
f 4124//3384 4129//3384 4123//3384
f 4123//3385 4129//3385 4130//3385
f 4123//3386 4130//3386 4122//3386
f 4122//3386 4130//3386 4131//3386
f 4122//3387 4131//3387 4121//3387
f 4121//3387 4131//3387 4132//3387
f 4121//3388 4132//3388 4120//3388
f 4120//3389 4132//3389 4133//3389
f 4120//3390 4133//3390 4119//3390
f 4119//3390 4133//3390 4134//3390
f 4119//3391 4134//3391 1955//3391
f 1955//3391 4134//3391 1953//3391
f 2084//3392 2082//3392 4127//3392
f 4127//3393 2082//3393 3952//3393
f 4127//3394 3952//3394 4128//3394
f 4128//3394 3952//3394 3954//3394
f 4128//3395 3954//3395 4129//3395
f 4129//3396 3954//3396 3956//3396
f 4129//3397 3956//3397 4130//3397
f 4130//3397 3956//3397 3958//3397
f 4130//3398 3958//3398 4131//3398
f 4131//3398 3958//3398 3960//3398
f 4131//3399 3960//3399 4132//3399
f 4132//3400 3960//3400 3962//3400
f 4132//3401 3962//3401 4133//3401
f 4133//3401 3962//3401 3964//3401
f 4133//3402 3964//3402 4134//3402
f 4134//3403 3964//3403 3966//3403
f 4134//3404 3966//3404 1953//3404
f 1953//3404 3966//3404 1951//3404
f 3866//3405 1947//3405 3966//3405
f 3966//3406 1947//3406 1949//3406
f 3966//3407 1949//3407 1951//3407
f 2080//3408 2114//3408 3953//3408
f 3953//3409 2114//3409 4135//3409
f 3953//3410 4135//3410 3955//3410
f 3955//3411 4135//3411 4136//3411
f 3955//3412 4136//3412 3957//3412
f 3957//3413 4136//3413 4137//3413
f 3957//3414 4137//3414 3959//3414
f 3959//3414 4137//3414 4138//3414
f 3959//3415 4138//3415 3961//3415
f 3961//3416 4138//3416 4139//3416
f 3961//3417 4139//3417 3963//3417
f 3963//3418 4139//3418 4140//3418
f 3963//3419 4140//3419 3965//3419
f 3965//3420 4140//3420 4141//3420
f 3965//3421 4141//3421 3866//3421
f 3866//3422 4141//3422 3865//3422
f 3866//3423 3865//3423 1945//3423
f 1945//3424 3865//3424 1972//3424
f 1968//3425 1970//3425 4142//3425
f 4142//3426 1970//3426 3865//3426
f 4142//3427 3865//3427 4143//3427
f 4143//3428 3865//3428 4141//3428
f 4143//3429 4141//3429 4144//3429
f 4144//3430 4141//3430 4140//3430
f 4144//3431 4140//3431 4145//3431
f 4145//3431 4140//3431 4139//3431
f 4145//3432 4139//3432 4146//3432
f 4146//3433 4139//3433 4138//3433
f 4146//3434 4138//3434 4147//3434
f 4147//3435 4138//3435 4137//3435
f 4147//3436 4137//3436 4148//3436
f 4148//3437 4137//3437 4136//3437
f 4148//3438 4136//3438 4149//3438
f 4149//3439 4136//3439 4135//3439
f 4149//3440 4135//3440 2113//3440
f 2113//3441 4135//3441 2114//3441
f 2113//3442 2111//3442 4149//3442
f 4149//3443 2111//3443 4150//3443
f 4149//3444 4150//3444 4148//3444
f 4148//3445 4150//3445 4151//3445
f 4148//3446 4151//3446 4147//3446
f 4147//3447 4151//3447 4152//3447
f 4147//3448 4152//3448 4146//3448
f 4146//3449 4152//3449 4153//3449
f 4146//3450 4153//3450 4145//3450
f 4145//3450 4153//3450 4154//3450
f 4145//3451 4154//3451 4144//3451
f 4144//3452 4154//3452 4155//3452
f 4144//3453 4155//3453 4143//3453
f 4143//3454 4155//3454 4156//3454
f 4143//3455 4156//3455 4142//3455
f 4142//3456 4156//3456 4157//3456
f 4142//3457 4157//3457 1968//3457
f 1968//3458 4157//3458 1966//3458
f 2111//3459 2109//3459 4150//3459
f 4150//3460 2109//3460 3967//3460
f 4150//3461 3967//3461 4151//3461
f 4151//3462 3967//3462 3969//3462
f 4151//3463 3969//3463 4152//3463
f 4152//3464 3969//3464 3971//3464
f 4152//3465 3971//3465 4153//3465
f 4153//3466 3971//3466 3973//3466
f 4153//3467 3973//3467 4154//3467
f 4154//3468 3973//3468 3975//3468
f 4154//3469 3975//3469 4155//3469
f 4155//3469 3975//3469 3977//3469
f 4155//3470 3977//3470 4156//3470
f 4156//3471 3977//3471 3979//3471
f 4156//3472 3979//3472 4157//3472
f 4157//3473 3979//3473 3981//3473
f 4157//3474 3981//3474 1966//3474
f 1966//3474 3981//3474 1964//3474
f 3864//3475 1960//3475 3981//3475
f 3981//3476 1960//3476 1962//3476
f 3981//3477 1962//3477 1964//3477
f 2107//3478 2106//3478 3968//3478
f 3968//3479 2106//3479 4158//3479
f 3968//3480 4158//3480 3970//3480
f 3970//3481 4158//3481 4159//3481
f 3970//3482 4159//3482 3972//3482
f 3972//3483 4159//3483 4160//3483
f 3972//3484 4160//3484 3974//3484
f 3974//3485 4160//3485 4161//3485
f 3974//3486 4161//3486 3976//3486
f 3976//3487 4161//3487 4162//3487
f 3976//3488 4162//3488 3978//3488
f 3978//3489 4162//3489 4163//3489
f 3978//3490 4163//3490 3980//3490
f 3980//3491 4163//3491 4164//3491
f 3980//3492 4164//3492 3864//3492
f 3864//3493 4164//3493 3863//3493
f 3864//3494 3863//3494 1958//3494
f 1958//3495 3863//3495 1985//3495
f 1981//1674 1983//1674 4165//1674
f 4165//3496 1983//3496 3863//3496
f 4165//3497 3863//3497 4166//3497
f 4166//3497 3863//3497 4164//3497
f 4166//3498 4164//3498 4167//3498
f 4167//3499 4164//3499 4163//3499
f 4167//3500 4163//3500 4168//3500
f 4168//3500 4163//3500 4162//3500
f 4168//3501 4162//3501 4169//3501
f 4169//3501 4162//3501 4161//3501
f 4169//3502 4161//3502 4170//3502
f 4170//3503 4161//3503 4160//3503
f 4170//3504 4160//3504 4171//3504
f 4171//3505 4160//3505 4159//3505
f 4171//3506 4159//3506 4172//3506
f 4172//3507 4159//3507 4158//3507
f 4172//3508 4158//3508 2095//3508
f 2095//3509 4158//3509 2106//3509
f 2095//3510 2093//3510 4172//3510
f 4172//3510 2093//3510 4173//3510
f 4172//3511 4173//3511 4171//3511
f 4171//3512 4173//3512 4174//3512
f 4171//3513 4174//3513 4170//3513
f 4170//3514 4174//3514 4175//3514
f 4170//3515 4175//3515 4169//3515
f 4169//3515 4175//3515 4176//3515
f 4169//3516 4176//3516 4168//3516
f 4168//3517 4176//3517 4177//3517
f 4168//3518 4177//3518 4167//3518
f 4167//3519 4177//3519 4178//3519
f 4167//3520 4178//3520 4166//3520
f 4166//3521 4178//3521 4179//3521
f 4166//3522 4179//3522 4165//3522
f 4165//3523 4179//3523 4180//3523
f 4165//3524 4180//3524 1981//3524
f 1981//3524 4180//3524 1979//3524
f 2093//3525 2091//3525 4173//3525
f 4173//3525 2091//3525 3982//3525
f 4173//3526 3982//3526 4174//3526
f 4174//3527 3982//3527 3984//3527
f 4174//3528 3984//3528 4175//3528
f 4175//3529 3984//3529 3986//3529
f 4175//3530 3986//3530 4176//3530
f 4176//3531 3986//3531 3988//3531
f 4176//3532 3988//3532 4177//3532
f 4177//3533 3988//3533 3990//3533
f 4177//3534 3990//3534 4178//3534
f 4178//3535 3990//3535 3992//3535
f 4178//3536 3992//3536 4179//3536
f 4179//3537 3992//3537 3994//3537
f 4179//3538 3994//3538 4180//3538
f 4180//3539 3994//3539 3996//3539
f 4180//3540 3996//3540 1979//3540
f 1979//3540 3996//3540 1977//3540
f 3862//3541 2000//3541 3996//3541
f 3996//3542 2000//3542 1975//3542
f 3996//3543 1975//3543 1977//3543
f 2089//3544 2105//3544 3983//3544
f 3983//3544 2105//3544 4181//3544
f 3983//3545 4181//3545 3985//3545
f 3985//3546 4181//3546 4182//3546
f 3985//3547 4182//3547 3987//3547
f 3987//3548 4182//3548 4183//3548
f 3987//3549 4183//3549 3989//3549
f 3989//3550 4183//3550 4184//3550
f 3989//3551 4184//3551 3991//3551
f 3991//3551 4184//3551 4185//3551
f 3991//3552 4185//3552 3993//3552
f 3993//3553 4185//3553 4186//3553
f 3993//3554 4186//3554 3995//3554
f 3995//3555 4186//3555 4187//3555
f 3995//3556 4187//3556 3862//3556
f 3862//3557 4187//3557 3861//3557
f 3862//3558 3861//3558 1998//3558
f 1998//3559 3861//3559 1996//3559
f 1992//3560 1994//3560 4188//3560
f 4188//3561 1994//3561 3861//3561
f 4188//3562 3861//3562 4189//3562
f 4189//3563 3861//3563 4187//3563
f 4189//3564 4187//3564 4190//3564
f 4190//3565 4187//3565 4186//3565
f 4190//3566 4186//3566 4191//3566
f 4191//3566 4186//3566 4185//3566
f 4191//3567 4185//3567 4192//3567
f 4192//3567 4185//3567 4184//3567
f 4192//3568 4184//3568 4193//3568
f 4193//3569 4184//3569 4183//3569
f 4193//3570 4183//3570 4194//3570
f 4194//3571 4183//3571 4182//3571
f 4194//3572 4182//3572 4195//3572
f 4195//3573 4182//3573 4181//3573
f 4195//3574 4181//3574 2104//3574
f 2104//3574 4181//3574 2105//3574
f 2104//3575 2102//3575 4195//3575
f 4195//3576 2102//3576 4196//3576
f 4195//3577 4196//3577 4194//3577
f 4194//3578 4196//3578 4197//3578
f 4194//3579 4197//3579 4193//3579
f 4193//3580 4197//3580 4198//3580
f 4193//3581 4198//3581 4192//3581
f 4192//3582 4198//3582 4199//3582
f 4192//3583 4199//3583 4191//3583
f 4191//3584 4199//3584 4200//3584
f 4191//3585 4200//3585 4190//3585
f 4190//3586 4200//3586 4201//3586
f 4190//3587 4201//3587 4189//3587
f 4189//3588 4201//3588 4202//3588
f 4189//3589 4202//3589 4188//3589
f 4188//3590 4202//3590 4203//3590
f 4188//3591 4203//3591 1992//3591
f 1992//3592 4203//3592 1990//3592
f 2102//3593 2100//3593 4196//3593
f 4196//3594 2100//3594 3997//3594
f 4196//3595 3997//3595 4197//3595
f 4197//3595 3997//3595 3999//3595
f 4197//3596 3999//3596 4198//3596
f 4198//3596 3999//3596 4001//3596
f 4198//3597 4001//3597 4199//3597
f 4199//3597 4001//3597 4003//3597
f 4199//3598 4003//3598 4200//3598
f 4200//3598 4003//3598 4005//3598
f 4200//3599 4005//3599 4201//3599
f 4201//3600 4005//3600 4007//3600
f 4201//3601 4007//3601 4202//3601
f 4202//3602 4007//3602 4009//3602
f 4202//3603 4009//3603 4203//3603
f 4203//3604 4009//3604 4011//3604
f 4203//3605 4011//3605 1990//3605
f 1990//3606 4011//3606 1988//3606
f 3860//3607 2029//3607 4011//3607
f 4011//3608 2029//3608 2031//3608
f 4011//3609 2031//3609 1988//3609
f 2098//3610 2097//3610 3998//3610
f 3998//3610 2097//3610 4204//3610
f 3998//3611 4204//3611 4000//3611
f 4000//3612 4204//3612 4205//3612
f 4000//3613 4205//3613 4002//3613
f 4002//3614 4205//3614 4206//3614
f 4002//3615 4206//3615 4004//3615
f 4004//3615 4206//3615 4207//3615
f 4004//3616 4207//3616 4006//3616
f 4006//3617 4207//3617 4208//3617
f 4006//3618 4208//3618 4008//3618
f 4008//3619 4208//3619 4209//3619
f 4008//3620 4209//3620 4010//3620
f 4010//3621 4209//3621 4210//3621
f 4010//3622 4210//3622 3860//3622
f 3860//3622 4210//3622 3859//3622
f 3860//3623 3859//3623 2027//3623
f 2027//3624 3859//3624 2025//3624
f 2021//3625 2023//3625 4211//3625
f 4211//3626 2023//3626 3859//3626
f 4211//3627 3859//3627 4212//3627
f 4212//3628 3859//3628 4210//3628
f 4212//3629 4210//3629 4213//3629
f 4213//3629 4210//3629 4209//3629
f 4213//3630 4209//3630 4214//3630
f 4214//3631 4209//3631 4208//3631
f 4214//3632 4208//3632 4215//3632
f 4215//3632 4208//3632 4207//3632
f 4215//3633 4207//3633 4216//3633
f 4216//3634 4207//3634 4206//3634
f 4216//3635 4206//3635 4217//3635
f 4217//3635 4206//3635 4205//3635
f 4217//3636 4205//3636 4218//3636
f 4218//3637 4205//3637 4204//3637
f 4218//3638 4204//3638 2077//3638
f 2077//3638 4204//3638 2097//3638
f 2077//3639 2075//3639 4218//3639
f 4218//3639 2075//3639 4012//3639
f 4218//3640 4012//3640 4217//3640
f 4217//3640 4012//3640 4013//3640
f 4217//3641 4013//3641 4216//3641
f 4216//3641 4013//3641 4014//3641
f 4216//3642 4014//3642 4215//3642
f 4215//3643 4014//3643 4015//3643
f 4215//3644 4015//3644 4214//3644
f 4214//3645 4015//3645 4016//3645
f 4214//3646 4016//3646 4213//3646
f 4213//3646 4016//3646 4017//3646
f 4213//3647 4017//3647 4212//3647
f 4212//3648 4017//3648 4018//3648
f 4212//3649 4018//3649 4211//3649
f 4211//3650 4018//3650 4019//3650
f 4211//3651 4019//3651 2021//3651
f 2021//3651 4019//3651 2019//3651
f 1782//3652 1781//3652 4219//3652
f 1775//3653 1776//3653 4220//3653
f 1777//3654 1774//3654 4221//3654
f 1770//3655 1771//3655 4222//3655
f 1772//3656 1769//3656 4223//3656
f 1765//3657 1764//3657 4224//3657
f 1763//3658 1762//3658 4225//3658
f 1758//3659 1759//3659 4226//3659
f 1760//3660 1757//3660 4227//3660
f 1754//3661 1753//3661 4228//3661
f 1747//3662 1748//3662 4229//3662
f 1749//3663 1746//3663 4230//3663
f 1742//3664 1743//3664 4231//3664
f 1744//3665 1741//3665 4232//3665
f 1737//3666 1736//3666 4233//3666
f 1735//3667 1734//3667 4234//3667
f 1730//3668 1731//3668 4235//3668
f 1732//3669 1729//3669 4236//3669
f 1726//3670 1725//3670 4237//3670
f 1719//3671 1720//3671 4238//3671
f 1721//3672 1718//3672 4239//3672
f 1714//3673 1715//3673 4240//3673
f 1716//3674 1713//3674 4241//3674
f 1709//3675 1708//3675 4242//3675
f 1707//3676 1706//3676 4243//3676
f 1702//3677 1703//3677 4244//3677
f 1704//3678 1701//3678 4245//3678
f 1802//3679 1800//3679 4246//3679
f 4246//3680 1800//3680 4247//3680
f 4246//3681 4247//3681 4248//3681
f 4248//3682 4247//3682 4249//3682
f 4248//3683 4249//3683 4250//3683
f 4250//3683 4249//3683 4251//3683
f 4250//3684 4251//3684 4252//3684
f 4252//3684 4251//3684 4253//3684
f 4252//3685 4253//3685 4254//3685
f 4254//3685 4253//3685 4255//3685
f 4254//3686 4255//3686 4256//3686
f 4256//3687 4255//3687 4257//3687
f 4256//3688 4257//3688 4258//3688
f 4258//3689 4257//3689 4259//3689
f 4258//3690 4259//3690 4260//3690
f 4260//3691 4259//3691 4241//3691
f 1788//3692 1786//3692 4261//3692
f 4261//3693 1786//3693 4262//3693
f 4261//3694 4262//3694 4263//3694
f 4263//3694 4262//3694 4264//3694
f 4263//3695 4264//3695 4265//3695
f 4265//3696 4264//3696 4266//3696
f 4265//3697 4266//3697 4267//3697
f 4267//3698 4266//3698 4268//3698
f 4267//3699 4268//3699 4269//3699
f 4269//3699 4268//3699 4270//3699
f 4269//3700 4270//3700 4271//3700
f 4271//3701 4270//3701 4272//3701
f 4271//3702 4272//3702 4273//3702
f 4273//3703 4272//3703 4274//3703
f 4273//3704 4274//3704 4275//3704
f 4275//3704 4274//3704 4237//3704
f 1826//3705 1824//3705 4276//3705
f 4276//3705 1824//3705 4277//3705
f 4276//3706 4277//3706 4278//3706
f 4278//3706 4277//3706 4279//3706
f 4278//3707 4279//3707 4280//3707
f 4280//3707 4279//3707 4281//3707
f 4280//3708 4281//3708 4282//3708
f 4282//3708 4281//3708 4283//3708
f 4282//3709 4283//3709 4284//3709
f 4284//3710 4283//3710 4285//3710
f 4284//3711 4285//3711 4286//3711
f 4286//3711 4285//3711 4287//3711
f 4286//3712 4287//3712 4288//3712
f 4288//3713 4287//3713 4289//3713
f 4288//3714 4289//3714 4290//3714
f 4290//3715 4289//3715 4232//3715
f 1872//3716 1870//3716 4291//3716
f 4291//3717 1870//3717 4292//3717
f 4291//3718 4292//3718 4293//3718
f 4293//3719 4292//3719 4294//3719
f 4293//3720 4294//3720 4295//3720
f 4295//3720 4294//3720 4296//3720
f 4295//3721 4296//3721 4297//3721
f 4297//3722 4296//3722 4298//3722
f 4297//3723 4298//3723 4299//3723
f 4299//3724 4298//3724 4300//3724
f 4299//3725 4300//3725 4301//3725
f 4301//3726 4300//3726 4302//3726
f 4301//3727 4302//3727 4303//3727
f 4303//3728 4302//3728 4304//3728
f 4303//3729 4304//3729 4305//3729
f 4305//3729 4304//3729 4228//3729
f 1853//3730 1851//3730 4306//3730
f 4306//3730 1851//3730 4307//3730
f 4306//3731 4307//3731 4308//3731
f 4308//3732 4307//3732 4309//3732
f 4308//3733 4309//3733 4310//3733
f 4310//3734 4309//3734 4311//3734
f 4310//3735 4311//3735 4312//3735
f 4312//3736 4311//3736 4313//3736
f 4312//3737 4313//3737 4314//3737
f 4314//3738 4313//3738 4315//3738
f 4314//3739 4315//3739 4316//3739
f 4316//3740 4315//3740 4317//3740
f 4316//3741 4317//3741 4318//3741
f 4318//3742 4317//3742 4319//3742
f 4318//3743 4319//3743 4320//3743
f 4320//3744 4319//3744 4223//3744
f 1821//3745 1819//3745 4321//3745
f 4321//3746 1819//3746 4322//3746
f 4321//3747 4322//3747 4323//3747
f 4323//3747 4322//3747 4324//3747
f 4323//3748 4324//3748 4325//3748
f 4325//3749 4324//3749 4326//3749
f 4325//3750 4326//3750 4327//3750
f 4327//3750 4326//3750 4328//3750
f 4327//3751 4328//3751 4329//3751
f 4329//3751 4328//3751 4330//3751
f 4329//3752 4330//3752 4331//3752
f 4331//3752 4330//3752 4332//3752
f 4331//3753 4332//3753 4333//3753
f 4333//3754 4332//3754 4334//3754
f 4333//3755 4334//3755 4335//3755
f 4335//3755 4334//3755 4219//3755
f 1815//3756 1813//3756 4336//3756
f 4336//3756 1813//3756 4337//3756
f 4336//3757 4337//3757 4338//3757
f 4338//3758 4337//3758 4339//3758
f 4338//3759 4339//3759 4340//3759
f 4340//3760 4339//3760 4341//3760
f 4340//3761 4341//3761 4342//3761
f 4342//3761 4341//3761 4343//3761
f 4342//3762 4343//3762 4344//3762
f 4344//3762 4343//3762 4345//3762
f 4344//3763 4345//3763 4346//3763
f 4346//3763 4345//3763 4347//3763
f 4346//3764 4347//3764 4348//3764
f 4348//3764 4347//3764 4349//3764
f 4348//3765 4349//3765 4350//3765
f 4350//3765 4349//3765 4245//3765
f 4350//3766 4245//3766 1784//3766
f 1784//3766 4245//3766 1701//3766
f 1813//3767 1811//3767 4337//3767
f 4337//3767 1811//3767 4351//3767
f 4337//3768 4351//3768 4339//3768
f 4339//3769 4351//3769 4352//3769
f 4339//3770 4352//3770 4341//3770
f 4341//3770 4352//3770 4353//3770
f 4341//3771 4353//3771 4343//3771
f 4343//3771 4353//3771 4354//3771
f 4343//3772 4354//3772 4345//3772
f 4345//3773 4354//3773 4355//3773
f 4345//3774 4355//3774 4347//3774
f 4347//3774 4355//3774 4356//3774
f 4347//3775 4356//3775 4349//3775
f 4349//3775 4356//3775 4357//3775
f 4349//3776 4357//3776 4245//3776
f 4245//3776 4357//3776 4244//3776
f 4245//3777 4244//3777 1704//3777
f 1704//3778 4244//3778 1703//3778
f 1705//3779 1702//3779 4358//3779
f 4358//3780 1702//3780 4244//3780
f 4358//3781 4244//3781 4359//3781
f 4359//3781 4244//3781 4357//3781
f 4359//3782 4357//3782 4360//3782
f 4360//3783 4357//3783 4356//3783
f 4360//3784 4356//3784 4361//3784
f 4361//3784 4356//3784 4355//3784
f 4361//3785 4355//3785 4362//3785
f 4362//3786 4355//3786 4354//3786
f 4362//3787 4354//3787 4363//3787
f 4363//3788 4354//3788 4353//3788
f 4363//3789 4353//3789 4364//3789
f 4364//3790 4353//3790 4352//3790
f 4364//3791 4352//3791 4365//3791
f 4365//3791 4352//3791 4351//3791
f 4365//3792 4351//3792 1809//3792
f 1809//3793 4351//3793 1811//3793
f 1809//3794 1807//3794 4365//3794
f 4365//3794 1807//3794 4366//3794
f 4365//3795 4366//3795 4364//3795
f 4364//3795 4366//3795 4367//3795
f 4364//3796 4367//3796 4363//3796
f 4363//3796 4367//3796 4368//3796
f 4363//3797 4368//3797 4362//3797
f 4362//3798 4368//3798 4369//3798
f 4362//3799 4369//3799 4361//3799
f 4361//3800 4369//3800 4370//3800
f 4361//3801 4370//3801 4360//3801
f 4360//3801 4370//3801 4371//3801
f 4360//3802 4371//3802 4359//3802
f 4359//3802 4371//3802 4372//3802
f 4359//3803 4372//3803 4358//3803
f 4358//3804 4372//3804 4243//3804
f 4358//3805 4243//3805 1705//3805
f 1705//3805 4243//3805 1706//3805
f 1807//3806 1805//3806 4366//3806
f 4366//3807 1805//3807 4373//3807
f 4366//3808 4373//3808 4367//3808
f 4367//3809 4373//3809 4374//3809
f 4367//3810 4374//3810 4368//3810
f 4368//3810 4374//3810 4375//3810
f 4368//3811 4375//3811 4369//3811
f 4369//3812 4375//3812 4376//3812
f 4369//3813 4376//3813 4370//3813
f 4370//3814 4376//3814 4377//3814
f 4370//3815 4377//3815 4371//3815
f 4371//3815 4377//3815 4378//3815
f 4371//3816 4378//3816 4372//3816
f 4372//3817 4378//3817 4379//3817
f 4372//3818 4379//3818 4243//3818
f 4243//3818 4379//3818 4242//3818
f 4243//3819 4242//3819 1707//3819
f 1707//3820 4242//3820 1708//3820
f 1710//3821 1709//3821 4380//3821
f 4380//3822 1709//3822 4242//3822
f 4380//3823 4242//3823 4381//3823
f 4381//3824 4242//3824 4379//3824
f 4381//3825 4379//3825 4382//3825
f 4382//3826 4379//3826 4378//3826
f 4382//3827 4378//3827 4383//3827
f 4383//3827 4378//3827 4377//3827
f 4383//3828 4377//3828 4384//3828
f 4384//3829 4377//3829 4376//3829
f 4384//3830 4376//3830 4385//3830
f 4385//3831 4376//3831 4375//3831
f 4385//3832 4375//3832 4386//3832
f 4386//3833 4375//3833 4374//3833
f 4386//3834 4374//3834 4387//3834
f 4387//3834 4374//3834 4373//3834
f 4387//3835 4373//3835 1804//3835
f 1804//3836 4373//3836 1805//3836
f 1804//3837 1802//3837 4387//3837
f 4387//3837 1802//3837 4246//3837
f 4387//3838 4246//3838 4386//3838
f 4386//3839 4246//3839 4248//3839
f 4386//3840 4248//3840 4385//3840
f 4385//3840 4248//3840 4250//3840
f 4385//3841 4250//3841 4384//3841
f 4384//3842 4250//3842 4252//3842
f 4384//3843 4252//3843 4383//3843
f 4383//3843 4252//3843 4254//3843
f 4383//3844 4254//3844 4382//3844
f 4382//3845 4254//3845 4256//3845
f 4382//3846 4256//3846 4381//3846
f 4381//3847 4256//3847 4258//3847
f 4381//3848 4258//3848 4380//3848
f 4380//3848 4258//3848 4260//3848
f 4380//3849 4260//3849 1710//3849
f 1710//3849 4260//3849 1711//3849
f 4241//3850 1713//3850 4260//3850
f 4260//3851 1713//3851 1712//3851
f 4260//3852 1712//3852 1711//3852
f 1715//3853 1716//3853 4240//3853
f 4240//3854 1716//3854 4241//3854
f 4240//3855 4241//3855 4388//3855
f 4388//3855 4241//3855 4259//3855
f 4388//3856 4259//3856 4389//3856
f 4389//3856 4259//3856 4257//3856
f 4389//3857 4257//3857 4390//3857
f 4390//3858 4257//3858 4255//3858
f 4390//3859 4255//3859 4391//3859
f 4391//3860 4255//3860 4253//3860
f 4391//3861 4253//3861 4392//3861
f 4392//3862 4253//3862 4251//3862
f 4392//3158 4251//3158 4393//3158
f 4393//3863 4251//3863 4249//3863
f 4393//3864 4249//3864 4394//3864
f 4394//3864 4249//3864 4247//3864
f 4394//3155 4247//3155 1798//3155
f 1798//3154 4247//3154 1800//3154
f 1717//3865 1714//3865 4395//3865
f 4395//3866 1714//3866 4240//3866
f 4395//3867 4240//3867 4396//3867
f 4396//3868 4240//3868 4388//3868
f 4396//3869 4388//3869 4397//3869
f 4397//3870 4388//3870 4389//3870
f 4397//3871 4389//3871 4398//3871
f 4398//3872 4389//3872 4390//3872
f 4398//3873 4390//3873 4399//3873
f 4399//3874 4390//3874 4391//3874
f 4399//3875 4391//3875 4400//3875
f 4400//3876 4391//3876 4392//3876
f 4400//3877 4392//3877 4401//3877
f 4401//3877 4392//3877 4393//3877
f 4401//3878 4393//3878 4402//3878
f 4402//3878 4393//3878 4394//3878
f 4402//3879 4394//3879 1796//3879
f 1796//3879 4394//3879 1798//3879
f 1796//3880 1794//3880 4402//3880
f 4402//3881 1794//3881 4403//3881
f 4402//3882 4403//3882 4401//3882
f 4401//3883 4403//3883 4404//3883
f 4401//3884 4404//3884 4400//3884
f 4400//3885 4404//3885 4405//3885
f 4400//3886 4405//3886 4399//3886
f 4399//3887 4405//3887 4406//3887
f 4399//3888 4406//3888 4398//3888
f 4398//3889 4406//3889 4407//3889
f 4398//3890 4407//3890 4397//3890
f 4397//3891 4407//3891 4408//3891
f 4397//3892 4408//3892 4396//3892
f 4396//3893 4408//3893 4409//3893
f 4396//3894 4409//3894 4395//3894
f 4395//3894 4409//3894 4239//3894
f 4395//3895 4239//3895 1717//3895
f 1717//3896 4239//3896 1718//3896
f 1794//3897 1792//3897 4403//3897
f 4403//3898 1792//3898 4410//3898
f 4403//3899 4410//3899 4404//3899
f 4404//3899 4410//3899 4411//3899
f 4404//3900 4411//3900 4405//3900
f 4405//3900 4411//3900 4412//3900
f 4405//3901 4412//3901 4406//3901
f 4406//3902 4412//3902 4413//3902
f 4406//3903 4413//3903 4407//3903
f 4407//3903 4413//3903 4414//3903
f 4407//3904 4414//3904 4408//3904
f 4408//3905 4414//3905 4415//3905
f 4408//3906 4415//3906 4409//3906
f 4409//3906 4415//3906 4416//3906
f 4409//3907 4416//3907 4239//3907
f 4239//3907 4416//3907 4238//3907
f 4239//3908 4238//3908 1721//3908
f 1721//3909 4238//3909 1720//3909
f 1722//3910 1719//3910 4417//3910
f 4417//3911 1719//3911 4238//3911
f 4417//3912 4238//3912 4418//3912
f 4418//3913 4238//3913 4416//3913
f 4418//3914 4416//3914 4419//3914
f 4419//3914 4416//3914 4415//3914
f 4419//3915 4415//3915 4420//3915
f 4420//3915 4415//3915 4414//3915
f 4420//3916 4414//3916 4421//3916
f 4421//3916 4414//3916 4413//3916
f 4421//3917 4413//3917 4422//3917
f 4422//3918 4413//3918 4412//3918
f 4422//3919 4412//3919 4423//3919
f 4423//3920 4412//3920 4411//3920
f 4423//3921 4411//3921 4424//3921
f 4424//3922 4411//3922 4410//3922
f 4424//3923 4410//3923 1790//3923
f 1790//3923 4410//3923 1792//3923
f 1790//3924 1788//3924 4424//3924
f 4424//3925 1788//3925 4261//3925
f 4424//3926 4261//3926 4423//3926
f 4423//3927 4261//3927 4263//3927
f 4423//3928 4263//3928 4422//3928
f 4422//3928 4263//3928 4265//3928
f 4422//3929 4265//3929 4421//3929
f 4421//3929 4265//3929 4267//3929
f 4421//3930 4267//3930 4420//3930
f 4420//3931 4267//3931 4269//3931
f 4420//3932 4269//3932 4419//3932
f 4419//3932 4269//3932 4271//3932
f 4419//3933 4271//3933 4418//3933
f 4418//3934 4271//3934 4273//3934
f 4418//3935 4273//3935 4417//3935
f 4417//3935 4273//3935 4275//3935
f 4417//3936 4275//3936 1722//3936
f 1722//3936 4275//3936 1723//3936
f 4237//3937 1725//3937 4275//3937
f 4275//3938 1725//3938 1724//3938
f 4275//3939 1724//3939 1723//3939
f 1727//3940 1726//3940 4425//3940
f 4425//3941 1726//3941 4237//3941
f 4425//3942 4237//3942 4426//3942
f 4426//3943 4237//3943 4274//3943
f 4426//3944 4274//3944 4427//3944
f 4427//3945 4274//3945 4272//3945
f 4427//3946 4272//3946 4428//3946
f 4428//3946 4272//3946 4270//3946
f 4428//3947 4270//3947 4429//3947
f 4429//3947 4270//3947 4268//3947
f 4429//3948 4268//3948 4430//3948
f 4430//3949 4268//3949 4266//3949
f 4430//3950 4266//3950 4431//3950
f 4431//3951 4266//3951 4264//3951
f 4431//3952 4264//3952 4432//3952
f 4432//3953 4264//3953 4262//3953
f 4432//3954 4262//3954 1841//3954
f 1841//3955 4262//3955 1786//3955
f 1841//3956 1840//3956 4432//3956
f 4432//3957 1840//3957 4433//3957
f 4432//3958 4433//3958 4431//3958
f 4431//3959 4433//3959 4434//3959
f 4431//3960 4434//3960 4430//3960
f 4430//3961 4434//3961 4435//3961
f 4430//3962 4435//3962 4429//3962
f 4429//3963 4435//3963 4436//3963
f 4429//3964 4436//3964 4428//3964
f 4428//3965 4436//3965 4437//3965
f 4428//3966 4437//3966 4427//3966
f 4427//3967 4437//3967 4438//3967
f 4427//3968 4438//3968 4426//3968
f 4426//3969 4438//3969 4439//3969
f 4426//3970 4439//3970 4425//3970
f 4425//3970 4439//3970 4440//3970
f 4425//3971 4440//3971 1727//3971
f 1727//3972 4440//3972 1728//3972
f 1840//3973 1838//3973 4433//3973
f 4433//3974 1838//3974 4441//3974
f 4433//3975 4441//3975 4434//3975
f 4434//3976 4441//3976 4442//3976
f 4434//3977 4442//3977 4435//3977
f 4435//3977 4442//3977 4443//3977
f 4435//3978 4443//3978 4436//3978
f 4436//3978 4443//3978 4444//3978
f 4436//3979 4444//3979 4437//3979
f 4437//3979 4444//3979 4445//3979
f 4437//3980 4445//3980 4438//3980
f 4438//3981 4445//3981 4446//3981
f 4438//3982 4446//3982 4439//3982
f 4439//3982 4446//3982 4447//3982
f 4439//3983 4447//3983 4440//3983
f 4440//3984 4447//3984 4236//3984
f 4440//3985 4236//3985 1728//3985
f 1728//3986 4236//3986 1729//3986
f 1838//3987 1836//3987 4441//3987
f 4441//3988 1836//3988 4448//3988
f 4441//3989 4448//3989 4442//3989
f 4442//3990 4448//3990 4449//3990
f 4442//3991 4449//3991 4443//3991
f 4443//3991 4449//3991 4450//3991
f 4443//3992 4450//3992 4444//3992
f 4444//3993 4450//3993 4451//3993
f 4444//3994 4451//3994 4445//3994
f 4445//3995 4451//3995 4452//3995
f 4445//3996 4452//3996 4446//3996
f 4446//3996 4452//3996 4453//3996
f 4446//3997 4453//3997 4447//3997
f 4447//3998 4453//3998 4454//3998
f 4447//3999 4454//3999 4236//3999
f 4236//3999 4454//3999 4235//3999
f 4236//4000 4235//4000 1732//4000
f 1732//4001 4235//4001 1731//4001
f 1733//4002 1730//4002 4455//4002
f 4455//4003 1730//4003 4235//4003
f 4455//4004 4235//4004 4456//4004
f 4456//4005 4235//4005 4454//4005
f 4456//4006 4454//4006 4457//4006
f 4457//4007 4454//4007 4453//4007
f 4457//4008 4453//4008 4458//4008
f 4458//4009 4453//4009 4452//4009
f 4458//4010 4452//4010 4459//4010
f 4459//4011 4452//4011 4451//4011
f 4459//4012 4451//4012 4460//4012
f 4460//4013 4451//4013 4450//4013
f 4460//4014 4450//4014 4461//4014
f 4461//4014 4450//4014 4449//4014
f 4461//4015 4449//4015 4462//4015
f 4462//4016 4449//4016 4448//4016
f 4462//4017 4448//4017 1834//4017
f 1834//4018 4448//4018 1836//4018
f 1834//4019 1832//4019 4462//4019
f 4462//4020 1832//4020 4463//4020
f 4462//4021 4463//4021 4461//4021
f 4461//4022 4463//4022 4464//4022
f 4461//4023 4464//4023 4460//4023
f 4460//4024 4464//4024 4465//4024
f 4460//4025 4465//4025 4459//4025
f 4459//4026 4465//4026 4466//4026
f 4459//4027 4466//4027 4458//4027
f 4458//4028 4466//4028 4467//4028
f 4458//4029 4467//4029 4457//4029
f 4457//4029 4467//4029 4468//4029
f 4457//4030 4468//4030 4456//4030
f 4456//4030 4468//4030 4469//4030
f 4456//4031 4469//4031 4455//4031
f 4455//4032 4469//4032 4234//4032
f 4455//4033 4234//4033 1733//4033
f 1733//4034 4234//4034 1734//4034
f 1832//4035 1830//4035 4463//4035
f 4463//4036 1830//4036 4470//4036
f 4463//4037 4470//4037 4464//4037
f 4464//4038 4470//4038 4471//4038
f 4464//4039 4471//4039 4465//4039
f 4465//4040 4471//4040 4472//4040
f 4465//4041 4472//4041 4466//4041
f 4466//4041 4472//4041 4473//4041
f 4466//4042 4473//4042 4467//4042
f 4467//4043 4473//4043 4474//4043
f 4467//4044 4474//4044 4468//4044
f 4468//4045 4474//4045 4475//4045
f 4468//4046 4475//4046 4469//4046
f 4469//4047 4475//4047 4476//4047
f 4469//4048 4476//4048 4234//4048
f 4234//4049 4476//4049 4233//4049
f 4234//4050 4233//4050 1735//4050
f 1735//4051 4233//4051 1736//4051
f 1738//4052 1737//4052 4477//4052
f 4477//4053 1737//4053 4233//4053
f 4477//4054 4233//4054 4478//4054
f 4478//4054 4233//4054 4476//4054
f 4478//4055 4476//4055 4479//4055
f 4479//4055 4476//4055 4475//4055
f 4479//4056 4475//4056 4480//4056
f 4480//4056 4475//4056 4474//4056
f 4480//4057 4474//4057 4481//4057
f 4481//4058 4474//4058 4473//4058
f 4481//4059 4473//4059 4482//4059
f 4482//4060 4473//4060 4472//4060
f 4482//4061 4472//4061 4483//4061
f 4483//4062 4472//4062 4471//4062
f 4483//4063 4471//4063 4484//4063
f 4484//4064 4471//4064 4470//4064
f 4484//4065 4470//4065 1828//4065
f 1828//4065 4470//4065 1830//4065
f 1828//4066 1826//4066 4484//4066
f 4484//4066 1826//4066 4276//4066
f 4484//4067 4276//4067 4483//4067
f 4483//4068 4276//4068 4278//4068
f 4483//4069 4278//4069 4482//4069
f 4482//4069 4278//4069 4280//4069
f 4482//4070 4280//4070 4481//4070
f 4481//4071 4280//4071 4282//4071
f 4481//4072 4282//4072 4480//4072
f 4480//4073 4282//4073 4284//4073
f 4480//4074 4284//4074 4479//4074
f 4479//4074 4284//4074 4286//4074
f 4479//4075 4286//4075 4478//4075
f 4478//4076 4286//4076 4288//4076
f 4478//4077 4288//4077 4477//4077
f 4477//4078 4288//4078 4290//4078
f 4477//4079 4290//4079 1738//4079
f 1738//4079 4290//4079 1739//4079
f 4232//4080 1741//4080 4290//4080
f 4290//4081 1741//4081 1740//4081
f 4290//4082 1740//4082 1739//4082
f 1743//4083 1744//4083 4231//4083
f 4231//4084 1744//4084 4232//4084
f 4231//4085 4232//4085 4485//4085
f 4485//4085 4232//4085 4289//4085
f 4485//4086 4289//4086 4486//4086
f 4486//4086 4289//4086 4287//4086
f 4486//4087 4287//4087 4487//4087
f 4487//4088 4287//4088 4285//4088
f 4487//4089 4285//4089 4488//4089
f 4488//4090 4285//4090 4283//4090
f 4488//4091 4283//4091 4489//4091
f 4489//4091 4283//4091 4281//4091
f 4489//4092 4281//4092 4490//4092
f 4490//4092 4281//4092 4279//4092
f 4490//4093 4279//4093 4491//4093
f 4491//4093 4279//4093 4277//4093
f 4491//4094 4277//4094 1881//4094
f 1881//4094 4277//4094 1824//4094
f 1745//4095 1742//4095 4492//4095
f 4492//4096 1742//4096 4231//4096
f 4492//4097 4231//4097 4493//4097
f 4493//4098 4231//4098 4485//4098
f 4493//4099 4485//4099 4494//4099
f 4494//4100 4485//4100 4486//4100
f 4494//4101 4486//4101 4495//4101
f 4495//4101 4486//4101 4487//4101
f 4495//4102 4487//4102 4496//4102
f 4496//4103 4487//4103 4488//4103
f 4496//4104 4488//4104 4497//4104
f 4497//4104 4488//4104 4489//4104
f 4497//4105 4489//4105 4498//4105
f 4498//4105 4489//4105 4490//4105
f 4498//4106 4490//4106 4499//4106
f 4499//4106 4490//4106 4491//4106
f 4499//4107 4491//4107 1880//4107
f 1880//4108 4491//4108 1881//4108
f 1880//4109 1878//4109 4499//4109
f 4499//4109 1878//4109 4500//4109
f 4499//4110 4500//4110 4498//4110
f 4498//4111 4500//4111 4501//4111
f 4498//4112 4501//4112 4497//4112
f 4497//4112 4501//4112 4502//4112
f 4497//4113 4502//4113 4496//4113
f 4496//4114 4502//4114 4503//4114
f 4496//4115 4503//4115 4495//4115
f 4495//4115 4503//4115 4504//4115
f 4495//4116 4504//4116 4494//4116
f 4494//4117 4504//4117 4505//4117
f 4494//4118 4505//4118 4493//4118
f 4493//4119 4505//4119 4506//4119
f 4493//4120 4506//4120 4492//4120
f 4492//4120 4506//4120 4230//4120
f 4492//4121 4230//4121 1745//4121
f 1745//4122 4230//4122 1746//4122
f 1878//4123 1876//4123 4500//4123
f 4500//4124 1876//4124 4507//4124
f 4500//4125 4507//4125 4501//4125
f 4501//4126 4507//4126 4508//4126
f 4501//4127 4508//4127 4502//4127
f 4502//4128 4508//4128 4509//4128
f 4502//4129 4509//4129 4503//4129
f 4503//4130 4509//4130 4510//4130
f 4503//4131 4510//4131 4504//4131
f 4504//4132 4510//4132 4511//4132
f 4504//4133 4511//4133 4505//4133
f 4505//4133 4511//4133 4512//4133
f 4505//4134 4512//4134 4506//4134
f 4506//4134 4512//4134 4513//4134
f 4506//4135 4513//4135 4230//4135
f 4230//4136 4513//4136 4229//4136
f 4230//4137 4229//4137 1749//4137
f 1749//4138 4229//4138 1748//4138
f 1750//4139 1747//4139 4514//4139
f 4514//4140 1747//4140 4229//4140
f 4514//4141 4229//4141 4515//4141
f 4515//4142 4229//4142 4513//4142
f 4515//4143 4513//4143 4516//4143
f 4516//4144 4513//4144 4512//4144
f 4516//4145 4512//4145 4517//4145
f 4517//4146 4512//4146 4511//4146
f 4517//4147 4511//4147 4518//4147
f 4518//4148 4511//4148 4510//4148
f 4518//4149 4510//4149 4519//4149
f 4519//4150 4510//4150 4509//4150
f 4519//4151 4509//4151 4520//4151
f 4520//4152 4509//4152 4508//4152
f 4520//4153 4508//4153 4521//4153
f 4521//4154 4508//4154 4507//4154
f 4521//4155 4507//4155 1874//4155
f 1874//4156 4507//4156 1876//4156
f 1874//4157 1872//4157 4521//4157
f 4521//4158 1872//4158 4291//4158
f 4521//4159 4291//4159 4520//4159
f 4520//4160 4291//4160 4293//4160
f 4520//4161 4293//4161 4519//4161
f 4519//4162 4293//4162 4295//4162
f 4519//4163 4295//4163 4518//4163
f 4518//4164 4295//4164 4297//4164
f 4518//4165 4297//4165 4517//4165
f 4517//4166 4297//4166 4299//4166
f 4517//4167 4299//4167 4516//4167
f 4516//4167 4299//4167 4301//4167
f 4516//4168 4301//4168 4515//4168
f 4515//4169 4301//4169 4303//4169
f 4515//4170 4303//4170 4514//4170
f 4514//4170 4303//4170 4305//4170
f 4514//4171 4305//4171 1750//4171
f 1750//4172 4305//4172 1751//4172
f 4228//4173 1753//4173 4305//4173
f 4305//4174 1753//4174 1752//4174
f 4305//4175 1752//4175 1751//4175
f 1755//4176 1754//4176 4522//4176
f 4522//4177 1754//4177 4228//4177
f 4522//4178 4228//4178 4523//4178
f 4523//4178 4228//4178 4304//4178
f 4523//4179 4304//4179 4524//4179
f 4524//4180 4304//4180 4302//4180
f 4524//4181 4302//4181 4525//4181
f 4525//4182 4302//4182 4300//4182
f 4525//4183 4300//4183 4526//4183
f 4526//4183 4300//4183 4298//4183
f 4526//4184 4298//4184 4527//4184
f 4527//4185 4298//4185 4296//4185
f 4527//4186 4296//4186 4528//4186
f 4528//4187 4296//4187 4294//4187
f 4528//4188 4294//4188 4529//4188
f 4529//4189 4294//4189 4292//4189
f 4529//4190 4292//4190 1868//4190
f 1868//4190 4292//4190 1870//4190
f 1868//4191 1866//4191 4529//4191
f 4529//4192 1866//4192 4530//4192
f 4529//4193 4530//4193 4528//4193
f 4528//4194 4530//4194 4531//4194
f 4528//4195 4531//4195 4527//4195
f 4527//4196 4531//4196 4532//4196
f 4527//4197 4532//4197 4526//4197
f 4526//4197 4532//4197 4533//4197
f 4526//4198 4533//4198 4525//4198
f 4525//4199 4533//4199 4534//4199
f 4525//4200 4534//4200 4524//4200
f 4524//4200 4534//4200 4535//4200
f 4524//4201 4535//4201 4523//4201
f 4523//4202 4535//4202 4536//4202
f 4523//4203 4536//4203 4522//4203
f 4522//4203 4536//4203 4537//4203
f 4522//4204 4537//4204 1755//4204
f 1755//4205 4537//4205 1756//4205
f 1866//4206 1864//4206 4530//4206
f 4530//4207 1864//4207 4538//4207
f 4530//4208 4538//4208 4531//4208
f 4531//4208 4538//4208 4539//4208
f 4531//4209 4539//4209 4532//4209
f 4532//4210 4539//4210 4540//4210
f 4532//4211 4540//4211 4533//4211
f 4533//4212 4540//4212 4541//4212
f 4533//4213 4541//4213 4534//4213
f 4534//4214 4541//4214 4542//4214
f 4534//4215 4542//4215 4535//4215
f 4535//4215 4542//4215 4543//4215
f 4535//4216 4543//4216 4536//4216
f 4536//4217 4543//4217 4544//4217
f 4536//4218 4544//4218 4537//4218
f 4537//4219 4544//4219 4227//4219
f 4537//4220 4227//4220 1756//4220
f 1756//4221 4227//4221 1757//4221
f 1864//4222 1862//4222 4538//4222
f 4538//4223 1862//4223 4545//4223
f 4538//4224 4545//4224 4539//4224
f 4539//4225 4545//4225 4546//4225
f 4539//4226 4546//4226 4540//4226
f 4540//4227 4546//4227 4547//4227
f 4540//4228 4547//4228 4541//4228
f 4541//4229 4547//4229 4548//4229
f 4541//4230 4548//4230 4542//4230
f 4542//4230 4548//4230 4549//4230
f 4542//4231 4549//4231 4543//4231
f 4543//4231 4549//4231 4550//4231
f 4543//4232 4550//4232 4544//4232
f 4544//4232 4550//4232 4551//4232
f 4544//4233 4551//4233 4227//4233
f 4227//4234 4551//4234 4226//4234
f 4227//4235 4226//4235 1760//4235
f 1760//4236 4226//4236 1759//4236
f 1761//4237 1758//4237 4552//4237
f 4552//4238 1758//4238 4226//4238
f 4552//4239 4226//4239 4553//4239
f 4553//4239 4226//4239 4551//4239
f 4553//4240 4551//4240 4554//4240
f 4554//4240 4551//4240 4550//4240
f 4554//4241 4550//4241 4555//4241
f 4555//4242 4550//4242 4549//4242
f 4555//4243 4549//4243 4556//4243
f 4556//4244 4549//4244 4548//4244
f 4556//4245 4548//4245 4557//4245
f 4557//4245 4548//4245 4547//4245
f 4557//4246 4547//4246 4558//4246
f 4558//4247 4547//4247 4546//4247
f 4558//4248 4546//4248 4559//4248
f 4559//4248 4546//4248 4545//4248
f 4559//4249 4545//4249 1861//4249
f 1861//4250 4545//4250 1862//4250
f 1861//4251 1859//4251 4559//4251
f 4559//4252 1859//4252 4560//4252
f 4559//4253 4560//4253 4558//4253
f 4558//4254 4560//4254 4561//4254
f 4558//4255 4561//4255 4557//4255
f 4557//4256 4561//4256 4562//4256
f 4557//4257 4562//4257 4556//4257
f 4556//4258 4562//4258 4563//4258
f 4556//4259 4563//4259 4555//4259
f 4555//4259 4563//4259 4564//4259
f 4555//4260 4564//4260 4554//4260
f 4554//4260 4564//4260 4565//4260
f 4554//4261 4565//4261 4553//4261
f 4553//4262 4565//4262 4566//4262
f 4553//4263 4566//4263 4552//4263
f 4552//4263 4566//4263 4225//4263
f 4552//4264 4225//4264 1761//4264
f 1761//4264 4225//4264 1762//4264
f 1859//4265 1857//4265 4560//4265
f 4560//4266 1857//4266 4567//4266
f 4560//4267 4567//4267 4561//4267
f 4561//4268 4567//4268 4568//4268
f 4561//4269 4568//4269 4562//4269
f 4562//4269 4568//4269 4569//4269
f 4562//4270 4569//4270 4563//4270
f 4563//4271 4569//4271 4570//4271
f 4563//4272 4570//4272 4564//4272
f 4564//4273 4570//4273 4571//4273
f 4564//4274 4571//4274 4565//4274
f 4565//4274 4571//4274 4572//4274
f 4565//4275 4572//4275 4566//4275
f 4566//4275 4572//4275 4573//4275
f 4566//4276 4573//4276 4225//4276
f 4225//4277 4573//4277 4224//4277
f 4225//4278 4224//4278 1763//4278
f 1763//4279 4224//4279 1764//4279
f 1766//4280 1765//4280 4574//4280
f 4574//4281 1765//4281 4224//4281
f 4574//4282 4224//4282 4575//4282
f 4575//4282 4224//4282 4573//4282
f 4575//4283 4573//4283 4576//4283
f 4576//4284 4573//4284 4572//4284
f 4576//4285 4572//4285 4577//4285
f 4577//4286 4572//4286 4571//4286
f 4577//4287 4571//4287 4578//4287
f 4578//4287 4571//4287 4570//4287
f 4578//4288 4570//4288 4579//4288
f 4579//4288 4570//4288 4569//4288
f 4579//4289 4569//4289 4580//4289
f 4580//4290 4569//4290 4568//4290
f 4580//4291 4568//4291 4581//4291
f 4581//4291 4568//4291 4567//4291
f 4581//4292 4567//4292 1855//4292
f 1855//4293 4567//4293 1857//4293
f 1855//4294 1853//4294 4581//4294
f 4581//4294 1853//4294 4306//4294
f 4581//4295 4306//4295 4580//4295
f 4580//4296 4306//4296 4308//4296
f 4580//4297 4308//4297 4579//4297
f 4579//4298 4308//4298 4310//4298
f 4579//4299 4310//4299 4578//4299
f 4578//4299 4310//4299 4312//4299
f 4578//4300 4312//4300 4577//4300
f 4577//4301 4312//4301 4314//4301
f 4577//4302 4314//4302 4576//4302
f 4576//4302 4314//4302 4316//4302
f 4576//4303 4316//4303 4575//4303
f 4575//4303 4316//4303 4318//4303
f 4575//4304 4318//4304 4574//4304
f 4574//4305 4318//4305 4320//4305
f 4574//4306 4320//4306 1766//4306
f 1766//4307 4320//4307 1767//4307
f 4223//4308 1769//4308 4320//4308
f 4320//4309 1769//4309 1768//4309
f 4320//4310 1768//4310 1767//4310
f 1771//4311 1772//4311 4222//4311
f 4222//4312 1772//4312 4223//4312
f 4222//4313 4223//4313 4582//4313
f 4582//4313 4223//4313 4319//4313
f 4582//4314 4319//4314 4583//4314
f 4583//4315 4319//4315 4317//4315
f 4583//4316 4317//4316 4584//4316
f 4584//4316 4317//4316 4315//4316
f 4584//4317 4315//4317 4585//4317
f 4585//4318 4315//4318 4313//4318
f 4585//4319 4313//4319 4586//4319
f 4586//4320 4313//4320 4311//4320
f 4586//3547 4311//3547 4587//3547
f 4587//3547 4311//3547 4309//3547
f 4587//4321 4309//4321 4588//4321
f 4588//4321 4309//4321 4307//4321
f 4588//4322 4307//4322 1849//4322
f 1849//3544 4307//3544 1851//3544
f 1773//4323 1770//4323 4589//4323
f 4589//4324 1770//4324 4222//4324
f 4589//4325 4222//4325 4590//4325
f 4590//4325 4222//4325 4582//4325
f 4590//4326 4582//4326 4591//4326
f 4591//4327 4582//4327 4583//4327
f 4591//4328 4583//4328 4592//4328
f 4592//4328 4583//4328 4584//4328
f 4592//4329 4584//4329 4593//4329
f 4593//4330 4584//4330 4585//4330
f 4593//4331 4585//4331 4594//4331
f 4594//4332 4585//4332 4586//4332
f 4594//4333 4586//4333 4595//4333
f 4595//4333 4586//4333 4587//4333
f 4595//4334 4587//4334 4596//4334
f 4596//4334 4587//4334 4588//4334
f 4596//4335 4588//4335 1847//4335
f 1847//4336 4588//4336 1849//4336
f 1847//4337 1845//4337 4596//4337
f 4596//4338 1845//4338 4597//4338
f 4596//4339 4597//4339 4595//4339
f 4595//4340 4597//4340 4598//4340
f 4595//4341 4598//4341 4594//4341
f 4594//4341 4598//4341 4599//4341
f 4594//4342 4599//4342 4593//4342
f 4593//4343 4599//4343 4600//4343
f 4593//4344 4600//4344 4592//4344
f 4592//4345 4600//4345 4601//4345
f 4592//4346 4601//4346 4591//4346
f 4591//4347 4601//4347 4602//4347
f 4591//4348 4602//4348 4590//4348
f 4590//4349 4602//4349 4603//4349
f 4590//4350 4603//4350 4589//4350
f 4589//4350 4603//4350 4221//4350
f 4589//4351 4221//4351 1773//4351
f 1773//4352 4221//4352 1774//4352
f 1845//4353 1843//4353 4597//4353
f 4597//4354 1843//4354 4604//4354
f 4597//4355 4604//4355 4598//4355
f 4598//4355 4604//4355 4605//4355
f 4598//4356 4605//4356 4599//4356
f 4599//4357 4605//4357 4606//4357
f 4599//4358 4606//4358 4600//4358
f 4600//4359 4606//4359 4607//4359
f 4600//4360 4607//4360 4601//4360
f 4601//4361 4607//4361 4608//4361
f 4601//4362 4608//4362 4602//4362
f 4602//4363 4608//4363 4609//4363
f 4602//4364 4609//4364 4603//4364
f 4603//4365 4609//4365 4610//4365
f 4603//4366 4610//4366 4221//4366
f 4221//4366 4610//4366 4220//4366
f 4221//4367 4220//4367 1777//4367
f 1777//4368 4220//4368 1776//4368
f 1778//4369 1775//4369 4611//4369
f 4611//4370 1775//4370 4220//4370
f 4611//4371 4220//4371 4612//4371
f 4612//4372 4220//4372 4610//4372
f 4612//4373 4610//4373 4613//4373
f 4613//4374 4610//4374 4609//4374
f 4613//4375 4609//4375 4614//4375
f 4614//4375 4609//4375 4608//4375
f 4614//4376 4608//4376 4615//4376
f 4615//4377 4608//4377 4607//4377
f 4615//4378 4607//4378 4616//4378
f 4616//4378 4607//4378 4606//4378
f 4616//4379 4606//4379 4617//4379
f 4617//4380 4606//4380 4605//4380
f 4617//4381 4605//4381 4618//4381
f 4618//4381 4605//4381 4604//4381
f 4618//4382 4604//4382 1842//4382
f 1842//4383 4604//4383 1843//4383
f 1842//4384 1821//4384 4618//4384
f 4618//4384 1821//4384 4321//4384
f 4618//4385 4321//4385 4617//4385
f 4617//4386 4321//4386 4323//4386
f 4617//4387 4323//4387 4616//4387
f 4616//4387 4323//4387 4325//4387
f 4616//4388 4325//4388 4615//4388
f 4615//4389 4325//4389 4327//4389
f 4615//4390 4327//4390 4614//4390
f 4614//4391 4327//4391 4329//4391
f 4614//4392 4329//4392 4613//4392
f 4613//4393 4329//4393 4331//4393
f 4613//4394 4331//4394 4612//4394
f 4612//4394 4331//4394 4333//4394
f 4612//4395 4333//4395 4611//4395
f 4611//4395 4333//4395 4335//4395
f 4611//4396 4335//4396 1778//4396
f 1778//4396 4335//4396 1779//4396
f 4219//4397 1781//4397 4335//4397
f 4335//4398 1781//4398 1780//4398
f 4335//4399 1780//4399 1779//4399
f 1783//4400 1782//4400 4619//4400
f 4619//4401 1782//4401 4219//4401
f 4619//4402 4219//4402 4620//4402
f 4620//4402 4219//4402 4334//4402
f 4620//4403 4334//4403 4621//4403
f 4621//4403 4334//4403 4332//4403
f 4621//4404 4332//4404 4622//4404
f 4622//4404 4332//4404 4330//4404
f 4622//4405 4330//4405 4623//4405
f 4623//4406 4330//4406 4328//4406
f 4623//4407 4328//4407 4624//4407
f 4624//4407 4328//4407 4326//4407
f 4624//4408 4326//4408 4625//4408
f 4625//4408 4326//4408 4324//4408
f 4625//4409 4324//4409 4626//4409
f 4626//4410 4324//4410 4322//4410
f 4626//4411 4322//4411 1817//4411
f 1817//4412 4322//4412 1819//4412
f 1817//4413 1815//4413 4626//4413
f 4626//4413 1815//4413 4336//4413
f 4626//4414 4336//4414 4625//4414
f 4625//4414 4336//4414 4338//4414
f 4625//4415 4338//4415 4624//4415
f 4624//4415 4338//4415 4340//4415
f 4624//4416 4340//4416 4623//4416
f 4623//4416 4340//4416 4342//4416
f 4623//4417 4342//4417 4622//4417
f 4622//4417 4342//4417 4344//4417
f 4622//4418 4344//4418 4621//4418
f 4621//4418 4344//4418 4346//4418
f 4621//4419 4346//4419 4620//4419
f 4620//4419 4346//4419 4348//4419
f 4620//4420 4348//4420 4619//4420
f 4619//4420 4348//4420 4350//4420
f 4619//4421 4350//4421 1783//4421
f 1783//4421 4350//4421 1784//4421
f 1343//4422 1345//4422 4627//4422
f 1347//4423 1349//4423 4628//4423
f 1364//4424 1366//4424 4629//4424
f 1368//4425 1370//4425 4630//4425
f 1385//4426 1387//4426 4631//4426
f 1389//4427 1391//4427 4632//4427
f 1406//4428 1408//4428 4633//4428
f 1410//4429 1412//4429 4634//4429
f 1427//4430 1429//4430 4635//4430
f 1242//4431 1244//4431 4636//4431
f 1258//4432 1260//4432 4637//4432
f 1262//4433 1265//4433 4638//4433
f 1279//4434 1281//4434 4639//4434
f 1283//4435 1285//4435 4640//4435
f 1300//4436 1302//4436 4641//4436
f 1304//4437 1306//4437 4642//4437
f 1321//4438 1323//4438 4643//4438
f 1325//4439 1328//4439 4644//4439
f 1513//4440 1515//4440 4645//4440
f 1509//4441 1511//4441 4646//4441
f 1503//4442 1505//4442 4647//4442
f 1500//4443 1502//4443 4648//4443
f 1485//4444 1491//4444 4649//4444
f 1481//4445 1483//4445 4650//4445
f 1480//4446 1486//4446 4651//4446
f 1476//4447 1478//4447 4652//4447
f 1433//4448 1432//4448 4653//4448
f 1470//4449 1471//4449 4654//4449
f 1459//4450 1460//4450 4655//4450
f 1455//4451 1457//4451 4656//4451
f 1442//4452 1441//4452 4657//4452
f 1446//4453 1444//4453 4658//4453
f 1440//4454 1438//4454 4659//4454
f 1603//4455 1605//4455 4660//4455
f 1599//4456 1601//4456 4661//4456
f 1593//4457 1595//4457 4662//4457
f 1589//4458 1591//4458 4663//4458
f 1579//4459 1581//4459 4664//4459
f 1575//4460 1577//4460 4665//4460
f 1569//4461 1571//4461 4666//4461
f 1565//4462 1567//4462 4667//4462
f 1559//4463 1561//4463 4668//4463
f 1555//4464 1557//4464 4669//4464
f 1545//4465 1547//4465 4670//4465
f 1541//4466 1543//4466 4671//4466
f 1535//4467 1537//4467 4672//4467
f 1531//4468 1533//4468 4673//4468
f 1521//4469 1523//4469 4674//4469
f 1527//4470 1529//4470 4675//4470
f 1551//4471 1553//4471 4676//4471
f 1585//4472 1587//4472 4677//4472
f 1435//4473 1448//4473 4678//4473
f 1464//4474 1468//4474 4679//4474
f 1495//4475 1498//4475 4680//4475
f 1517//4476 1519//4476 4681//4476
f 4681//4477 1519//4477 4682//4477
f 4681//4478 4682//4478 4683//4478
f 4683//4479 4682//4479 4684//4479
f 4683//4480 4684//4480 4685//4480
f 4685//4481 4684//4481 4686//4481
f 4685//4482 4686//4482 4687//4482
f 4687//4483 4686//4483 4688//4483
f 1519//4477 1521//4477 4682//4477
f 4682//4469 1521//4469 4674//4469
f 4682//4479 4674//4479 4684//4479
f 4684//4484 4674//4484 4689//4484
f 4684//4481 4689//4481 4686//4481
f 4686//4485 4689//4485 4690//4485
f 4686//4486 4690//4486 4688//4486
f 4688//4487 4690//4487 4691//4487
f 1537//4488 1539//4488 4672//4488
f 4672//4489 1539//4489 4692//4489
f 4672//4490 4692//4490 4693//4490
f 4693//4491 4692//4491 4694//4491
f 4693//4492 4694//4492 4695//4492
f 4695//4493 4694//4493 4696//4493
f 4695//4494 4696//4494 4697//4494
f 4697//4495 4696//4495 4698//4495
f 1539//4496 1541//4496 4692//4496
f 4692//4466 1541//4466 4671//4466
f 4692//4491 4671//4491 4694//4491
f 4694//4497 4671//4497 4699//4497
f 4694//4493 4699//4493 4696//4493
f 4696//4498 4699//4498 4700//4498
f 4696//4495 4700//4495 4698//4495
f 4698//4499 4700//4499 4701//4499
f 1557//4500 1559//4500 4669//4500
f 4669//4501 1559//4501 4668//4501
f 4669//4502 4668//4502 4702//4502
f 4702//4503 4668//4503 4703//4503
f 4702//4504 4703//4504 4704//4504
f 4704//4505 4703//4505 4705//4505
f 4704//4506 4705//4506 4706//4506
f 4706//4507 4705//4507 4707//4507
f 1561//4508 1563//4508 4668//4508
f 4668//4509 1563//4509 4708//4509
f 4668//4503 4708//4503 4703//4503
f 4703//4510 4708//4510 4709//4510
f 4703//4505 4709//4505 4705//4505
f 4705//4511 4709//4511 4710//4511
f 4705//4507 4710//4507 4707//4507
f 4707//4512 4710//4512 4711//4512
f 1577//4513 1579//4513 4665//4513
f 4665//4514 1579//4514 4664//4514
f 4665//4515 4664//4515 4712//4515
f 4712//4516 4664//4516 4713//4516
f 4712//4517 4713//4517 4714//4517
f 4714//4518 4713//4518 4715//4518
f 4714//4519 4715//4519 4716//4519
f 4716//4520 4715//4520 4717//4520
f 1581//4521 1583//4521 4664//4521
f 4664//4522 1583//4522 4718//4522
f 4664//4516 4718//4516 4713//4516
f 4713//4523 4718//4523 4719//4523
f 4713//4524 4719//4524 4715//4524
f 4715//4525 4719//4525 4720//4525
f 4715//4520 4720//4520 4717//4520
f 4717//4526 4720//4526 4721//4526
f 1597//4527 1599//4527 4722//4527
f 4722//4528 1599//4528 4661//4528
f 4722//4529 4661//4529 4723//4529
f 4723//4530 4661//4530 4724//4530
f 4723//4531 4724//4531 4725//4531
f 4725//4532 4724//4532 4726//4532
f 4725//4533 4726//4533 4727//4533
f 4727//4534 4726//4534 4728//4534
f 1601//4535 1603//4535 4661//4535
f 4661//4536 1603//4536 4660//4536
f 4661//4530 4660//4530 4724//4530
f 4724//4537 4660//4537 4729//4537
f 4724//4532 4729//4532 4726//4532
f 4726//4538 4729//4538 4730//4538
f 4726//4534 4730//4534 4728//4534
f 4728//4539 4730//4539 4731//4539
f 1436//4540 1435//4540 4732//4540
f 4732//4541 1435//4541 4678//4541
f 4732//4542 4678//4542 4733//4542
f 4733//4543 4678//4543 4734//4543
f 4733//4544 4734//4544 4735//4544
f 4735//4545 4734//4545 4736//4545
f 4735//4546 4736//4546 4737//4546
f 4737//4547 4736//4547 4738//4547
f 1448//4548 1446//4548 4678//4548
f 4678//4549 1446//4549 4658//4549
f 4678//4543 4658//4543 4734//4543
f 4734//4550 4658//4550 4739//4550
f 4734//4551 4739//4551 4736//4551
f 4736//4552 4739//4552 4740//4552
f 4736//4553 4740//4553 4738//4553
f 4738//4554 4740//4554 4741//4554
f 1460//4555 1462//4555 4655//4555
f 4655//4556 1462//4556 4742//4556
f 4655//4557 4742//4557 4743//4557
f 4743//4558 4742//4558 4744//4558
f 4743//4559 4744//4559 4745//4559
f 4745//4560 4744//4560 4746//4560
f 4745//4561 4746//4561 4747//4561
f 4747//4562 4746//4562 4748//4562
f 1462//4563 1464//4563 4742//4563
f 4742//4564 1464//4564 4679//4564
f 4742//4565 4679//4565 4744//4565
f 4744//4566 4679//4566 4749//4566
f 4744//4567 4749//4567 4746//4567
f 4746//4568 4749//4568 4750//4568
f 4746//4562 4750//4562 4748//4562
f 4748//4569 4750//4569 4751//4569
f 1478//4570 1480//4570 4652//4570
f 4652//4571 1480//4571 4651//4571
f 4652//4572 4651//4572 4752//4572
f 4752//4573 4651//4573 4753//4573
f 4752//4574 4753//4574 4754//4574
f 4754//4575 4753//4575 4755//4575
f 4754//4576 4755//4576 4756//4576
f 4756//4577 4755//4577 4757//4577
f 1486//4578 1488//4578 4651//4578
f 4651//4579 1488//4579 4758//4579
f 4651//4580 4758//4580 4753//4580
f 4753//4581 4758//4581 4759//4581
f 4753//4582 4759//4582 4755//4582
f 4755//4583 4759//4583 4760//4583
f 4755//4584 4760//4584 4757//4584
f 4757//4585 4760//4585 4761//4585
f 1498//4586 1500//4586 4680//4586
f 4680//4443 1500//4443 4648//4443
f 4680//4587 4648//4587 4762//4587
f 4762//4588 4648//4588 4763//4588
f 4762//4589 4763//4589 4764//4589
f 4764//4590 4763//4590 4765//4590
f 4764//4591 4765//4591 4766//4591
f 4766//4592 4765//4592 4767//4592
f 1502//4593 1503//4593 4648//4593
f 4648//4594 1503//4594 4647//4594
f 4648//4588 4647//4588 4763//4588
f 4763//4595 4647//4595 4768//4595
f 4763//4596 4768//4596 4765//4596
f 4765//4597 4768//4597 4769//4597
f 4765//4592 4769//4592 4767//4592
f 4767//4598 4769//4598 4770//4598
f 1323//4599 1325//4599 4643//4599
f 4643//4600 1325//4600 4644//4600
f 4643//4601 4644//4601 4771//4601
f 4771//4602 4644//4602 4772//4602
f 4771//4603 4772//4603 4773//4603
f 4773//4604 4772//4604 4774//4604
f 4773//4605 4774//4605 4645//4605
f 4645//4606 4774//4606 4646//4606
f 4645//4607 4646//4607 1513//4607
f 1513//4608 4646//4608 1511//4608
f 1515//4609 1517//4609 4645//4609
f 4645//4610 1517//4610 4681//4610
f 4645//4605 4681//4605 4773//4605
f 4773//4478 4681//4478 4683//4478
f 4773//4603 4683//4603 4771//4603
f 4771//4480 4683//4480 4685//4480
f 4771//4601 4685//4601 4643//4601
f 4643//4482 4685//4482 4687//4482
f 4643//4611 4687//4611 1321//4611
f 1309//4612 1311//4612 4775//4612
f 4775//4613 1311//4613 4691//4613
f 4775//4614 4691//4614 4776//4614
f 4776//4615 4691//4615 4690//4615
f 4776//4616 4690//4616 4777//4616
f 4777//4617 4690//4617 4689//4617
f 4777//4618 4689//4618 4778//4618
f 4778//4619 4689//4619 4674//4619
f 4778//4620 4674//4620 1525//4620
f 1525//4621 4674//4621 1523//4621
f 1311//4622 1313//4622 4691//4622
f 4691//4623 1313//4623 1315//4623
f 4691//4624 1315//4624 4688//4624
f 4688//4625 1315//4625 1317//4625
f 4688//4626 1317//4626 4687//4626
f 4687//4626 1317//4626 1319//4626
f 4687//4627 1319//4627 1321//4627
f 1525//4628 1527//4628 4778//4628
f 4778//4629 1527//4629 4675//4629
f 4778//4618 4675//4618 4777//4618
f 4777//4630 4675//4630 4779//4630
f 4777//4616 4779//4616 4776//4616
f 4776//4631 4779//4631 4780//4631
f 4776//4632 4780//4632 4775//4632
f 4775//4633 4780//4633 4642//4633
f 4775//4634 4642//4634 1309//4634
f 1309//4635 4642//4635 1306//4635
f 1302//4636 1304//4636 4641//4636
f 4641//4637 1304//4637 4642//4637
f 4641//4638 4642//4638 4781//4638
f 4781//4633 4642//4633 4780//4633
f 4781//4639 4780//4639 4782//4639
f 4782//4640 4780//4640 4779//4640
f 4782//4641 4779//4641 4673//4641
f 4673//4642 4779//4642 4675//4642
f 4673//4643 4675//4643 1531//4643
f 1531//4644 4675//4644 1529//4644
f 1533//4645 1535//4645 4673//4645
f 4673//4646 1535//4646 4672//4646
f 4673//4647 4672//4647 4782//4647
f 4782//4490 4672//4490 4693//4490
f 4782//4639 4693//4639 4781//4639
f 4781//4492 4693//4492 4695//4492
f 4781//4648 4695//4648 4641//4648
f 4641//4494 4695//4494 4697//4494
f 4641//4649 4697//4649 1300//4649
f 1288//4650 1290//4650 4783//4650
f 4783//4651 1290//4651 4701//4651
f 4783//4652 4701//4652 4784//4652
f 4784//4653 4701//4653 4700//4653
f 4784//4654 4700//4654 4785//4654
f 4785//4498 4700//4498 4699//4498
f 4785//4655 4699//4655 4670//4655
f 4670//4656 4699//4656 4671//4656
f 4670//4657 4671//4657 1545//4657
f 1545//4658 4671//4658 1543//4658
f 1290//4659 1292//4659 4701//4659
f 4701//4660 1292//4660 1294//4660
f 4701//4661 1294//4661 4698//4661
f 4698//4662 1294//4662 1296//4662
f 4698//4663 1296//4663 4697//4663
f 4697//4664 1296//4664 1298//4664
f 4697//4665 1298//4665 1300//4665
f 1547//4666 1549//4666 4670//4666
f 4670//4667 1549//4667 4786//4667
f 4670//4655 4786//4655 4785//4655
f 4785//4668 4786//4668 4787//4668
f 4785//4654 4787//4654 4784//4654
f 4784//4669 4787//4669 4788//4669
f 4784//4652 4788//4652 4783//4652
f 4783//4670 4788//4670 4640//4670
f 4783//4671 4640//4671 1288//4671
f 1288//4672 4640//4672 1285//4672
f 1281//4673 1283//4673 4639//4673
f 4639//4674 1283//4674 4640//4674
f 4639//4675 4640//4675 4789//4675
f 4789//4670 4640//4670 4788//4670
f 4789//4676 4788//4676 4790//4676
f 4790//4677 4788//4677 4787//4677
f 4790//4678 4787//4678 4676//4678
f 4676//4668 4787//4668 4786//4668
f 4676//4679 4786//4679 1551//4679
f 1551//4680 4786//4680 1549//4680
f 1553//4681 1555//4681 4676//4681
f 4676//4682 1555//4682 4669//4682
f 4676//4683 4669//4683 4790//4683
f 4790//4502 4669//4502 4702//4502
f 4790//4676 4702//4676 4789//4676
f 4789//4504 4702//4504 4704//4504
f 4789//4684 4704//4684 4639//4684
f 4639//4506 4704//4506 4706//4506
f 4639//4685 4706//4685 1279//4685
f 1267//4686 1269//4686 4791//4686
f 4791//4687 1269//4687 4711//4687
f 4791//4688 4711//4688 4792//4688
f 4792//4512 4711//4512 4710//4512
f 4792//4689 4710//4689 4793//4689
f 4793//4511 4710//4511 4709//4511
f 4793//4690 4709//4690 4667//4690
f 4667//4691 4709//4691 4708//4691
f 4667//4462 4708//4462 1565//4462
f 1565//4692 4708//4692 1563//4692
f 1269//4693 1271//4693 4711//4693
f 4711//4694 1271//4694 1273//4694
f 4711//4695 1273//4695 4707//4695
f 4707//4696 1273//4696 1275//4696
f 4707//4697 1275//4697 4706//4697
f 4706//4697 1275//4697 1277//4697
f 4706//4698 1277//4698 1279//4698
f 1567//4699 1569//4699 4667//4699
f 4667//4700 1569//4700 4666//4700
f 4667//4701 4666//4701 4793//4701
f 4793//4702 4666//4702 4794//4702
f 4793//4689 4794//4689 4792//4689
f 4792//4703 4794//4703 4795//4703
f 4792//4688 4795//4688 4791//4688
f 4791//4704 4795//4704 4638//4704
f 4791//4705 4638//4705 1267//4705
f 1267//4706 4638//4706 1265//4706
f 1260//4707 1262//4707 4637//4707
f 4637//4708 1262//4708 4638//4708
f 4637//4709 4638//4709 4796//4709
f 4796//4710 4638//4710 4795//4710
f 4796//4711 4795//4711 4797//4711
f 4797//4703 4795//4703 4794//4703
f 4797//4712 4794//4712 4798//4712
f 4798//4713 4794//4713 4666//4713
f 4798//4714 4666//4714 1573//4714
f 1573//4715 4666//4715 1571//4715
f 1573//4716 1575//4716 4798//4716
f 4798//4717 1575//4717 4665//4717
f 4798//4712 4665//4712 4797//4712
f 4797//4718 4665//4718 4712//4718
f 4797//4711 4712//4711 4796//4711
f 4796//4719 4712//4719 4714//4719
f 4796//4709 4714//4709 4637//4709
f 4637//4720 4714//4720 4716//4720
f 4637//4721 4716//4721 1258//4721
f 1246//4722 1248//4722 4799//4722
f 4799//4723 1248//4723 4721//4723
f 4799//4724 4721//4724 4800//4724
f 4800//4725 4721//4725 4720//4725
f 4800//4726 4720//4726 4801//4726
f 4801//4727 4720//4727 4719//4727
f 4801//4728 4719//4728 4677//4728
f 4677//4729 4719//4729 4718//4729
f 4677//4730 4718//4730 1585//4730
f 1585//4731 4718//4731 1583//4731
f 1248//4732 1250//4732 4721//4732
f 4721//4733 1250//4733 1252//4733
f 4721//4734 1252//4734 4717//4734
f 4717//4735 1252//4735 1254//4735
f 4717//4736 1254//4736 4716//4736
f 4716//4737 1254//4737 1256//4737
f 4716//4738 1256//4738 1258//4738
f 1587//4739 1589//4739 4677//4739
f 4677//4458 1589//4458 4663//4458
f 4677//4740 4663//4740 4801//4740
f 4801//4741 4663//4741 4802//4741
f 4801//4742 4802//4742 4800//4742
f 4800//4743 4802//4743 4803//4743
f 4800//4724 4803//4724 4799//4724
f 4799//4744 4803//4744 4636//4744
f 4799//4745 4636//4745 1246//4745
f 1246//4746 4636//4746 1244//4746
f 1429//4747 1242//4747 4635//4747
f 4635//4748 1242//4748 4636//4748
f 4635//4749 4636//4749 4804//4749
f 4804//4744 4636//4744 4803//4744
f 4804//4750 4803//4750 4805//4750
f 4805//4751 4803//4751 4802//4751
f 4805//4752 4802//4752 4662//4752
f 4662//4753 4802//4753 4663//4753
f 4662//4754 4663//4754 1593//4754
f 1593//4755 4663//4755 1591//4755
f 1595//4756 1597//4756 4662//4756
f 4662//4757 1597//4757 4722//4757
f 4662//4758 4722//4758 4805//4758
f 4805//4529 4722//4529 4723//4529
f 4805//4759 4723//4759 4804//4759
f 4804//4760 4723//4760 4725//4760
f 4804//4761 4725//4761 4635//4761
f 4635//4533 4725//4533 4727//4533
f 4635//4762 4727//4762 1427//4762
f 1415//4763 1417//4763 4806//4763
f 4806//4764 1417//4764 4731//4764
f 4806//4765 4731//4765 4807//4765
f 4807//4766 4731//4766 4730//4766
f 4807//4767 4730//4767 4808//4767
f 4808//4538 4730//4538 4729//4538
f 4808//4768 4729//4768 4809//4768
f 4809//4537 4729//4537 4660//4537
f 4809//4769 4660//4769 1607//4769
f 1607//4770 4660//4770 1605//4770
f 1417//4771 1419//4771 4731//4771
f 4731//4772 1419//4772 1421//4772
f 4731//4773 1421//4773 4728//4773
f 4728//4774 1421//4774 1423//4774
f 4728//4775 1423//4775 4727//4775
f 4727//4775 1423//4775 1425//4775
f 4727//4776 1425//4776 1427//4776
f 1607//4777 1609//4777 4809//4777
f 4809//4778 1609//4778 4810//4778
f 4809//4779 4810//4779 4808//4779
f 4808//4780 4810//4780 4811//4780
f 4808//4767 4811//4767 4807//4767
f 4807//4781 4811//4781 4812//4781
f 4807//4765 4812//4765 4806//4765
f 4806//4782 4812//4782 4634//4782
f 4806//4783 4634//4783 1415//4783
f 1415//4784 4634//4784 1412//4784
f 1408//4785 1410//4785 4633//4785
f 4633//4786 1410//4786 4634//4786
f 4633//4787 4634//4787 4813//4787
f 4813//4788 4634//4788 4812//4788
f 4813//4789 4812//4789 4814//4789
f 4814//4781 4812//4781 4811//4781
f 4814//4790 4811//4790 4659//4790
f 4659//4791 4811//4791 4810//4791
f 4659//4454 4810//4454 1440//4454
f 1440//4792 4810//4792 1609//4792
f 1438//4793 1436//4793 4659//4793
f 4659//4794 1436//4794 4732//4794
f 4659//4795 4732//4795 4814//4795
f 4814//4796 4732//4796 4733//4796
f 4814//4789 4733//4789 4813//4789
f 4813//4797 4733//4797 4735//4797
f 4813//4787 4735//4787 4633//4787
f 4633//4546 4735//4546 4737//4546
f 4633//4798 4737//4798 1406//4798
f 1394//4799 1396//4799 4815//4799
f 4815//4800 1396//4800 4741//4800
f 4815//4801 4741//4801 4816//4801
f 4816//4554 4741//4554 4740//4554
f 4816//4802 4740//4802 4817//4802
f 4817//4803 4740//4803 4739//4803
f 4817//4804 4739//4804 4657//4804
f 4657//4805 4739//4805 4658//4805
f 4657//4806 4658//4806 1442//4806
f 1442//4807 4658//4807 1444//4807
f 1396//4808 1398//4808 4741//4808
f 4741//4809 1398//4809 1400//4809
f 4741//4810 1400//4810 4738//4810
f 4738//4810 1400//4810 1402//4810
f 4738//4811 1402//4811 4737//4811
f 4737//4812 1402//4812 1404//4812
f 4737//4813 1404//4813 1406//4813
f 1441//4814 1453//4814 4657//4814
f 4657//4815 1453//4815 4818//4815
f 4657//4816 4818//4816 4817//4816
f 4817//4817 4818//4817 4819//4817
f 4817//4818 4819//4818 4816//4818
f 4816//4819 4819//4819 4820//4819
f 4816//4820 4820//4820 4815//4820
f 4815//4821 4820//4821 4632//4821
f 4815//4822 4632//4822 1394//4822
f 1394//4823 4632//4823 1391//4823
f 1387//4824 1389//4824 4631//4824
f 4631//4825 1389//4825 4632//4825
f 4631//4826 4632//4826 4821//4826
f 4821//4821 4632//4821 4820//4821
f 4821//4827 4820//4827 4822//4827
f 4822//4828 4820//4828 4819//4828
f 4822//4829 4819//4829 4656//4829
f 4656//4817 4819//4817 4818//4817
f 4656//4830 4818//4830 1455//4830
f 1455//4831 4818//4831 1453//4831
f 1457//4832 1459//4832 4656//4832
f 4656//4833 1459//4833 4655//4833
f 4656//4829 4655//4829 4822//4829
f 4822//4557 4655//4557 4743//4557
f 4822//4827 4743//4827 4821//4827
f 4821//4559 4743//4559 4745//4559
f 4821//4834 4745//4834 4631//4834
f 4631//4835 4745//4835 4747//4835
f 4631//4836 4747//4836 1385//4836
f 1373//4837 1375//4837 4823//4837
f 4823//4838 1375//4838 4751//4838
f 4823//4839 4751//4839 4824//4839
f 4824//4569 4751//4569 4750//4569
f 4824//4840 4750//4840 4825//4840
f 4825//4841 4750//4841 4749//4841
f 4825//4842 4749//4842 4654//4842
f 4654//4843 4749//4843 4679//4843
f 4654//4449 4679//4449 1470//4449
f 1470//4844 4679//4844 1468//4844
f 1375//4845 1377//4845 4751//4845
f 4751//4846 1377//4846 1379//4846
f 4751//4847 1379//4847 4748//4847
f 4748//4847 1379//4847 1381//4847
f 4748//4848 1381//4848 4747//4848
f 4747//4849 1381//4849 1383//4849
f 4747//4850 1383//4850 1385//4850
f 1471//4851 1433//4851 4654//4851
f 4654//4852 1433//4852 4653//4852
f 4654//4842 4653//4842 4825//4842
f 4825//4853 4653//4853 4826//4853
f 4825//4840 4826//4840 4824//4840
f 4824//4854 4826//4854 4827//4854
f 4824//4855 4827//4855 4823//4855
f 4823//4856 4827//4856 4630//4856
f 4823//4857 4630//4857 1373//4857
f 1373//4858 4630//4858 1370//4858
f 1366//4859 1368//4859 4629//4859
f 4629//4860 1368//4860 4630//4860
f 4629//4861 4630//4861 4828//4861
f 4828//4862 4630//4862 4827//4862
f 4828//4863 4827//4863 4829//4863
f 4829//4854 4827//4854 4826//4854
f 4829//4864 4826//4864 4830//4864
f 4830//4865 4826//4865 4653//4865
f 4830//4866 4653//4866 1474//4866
f 1474//4867 4653//4867 1432//4867
f 1474//4868 1476//4868 4830//4868
f 4830//4447 1476//4447 4652//4447
f 4830//4864 4652//4864 4829//4864
f 4829//4869 4652//4869 4752//4869
f 4829//4863 4752//4863 4828//4863
f 4828//4574 4752//4574 4754//4574
f 4828//4861 4754//4861 4629//4861
f 4629//4870 4754//4870 4756//4870
f 4629//4871 4756//4871 1364//4871
f 1352//4872 1354//4872 4831//4872
f 4831//4873 1354//4873 4761//4873
f 4831//4874 4761//4874 4832//4874
f 4832//4875 4761//4875 4760//4875
f 4832//4876 4760//4876 4833//4876
f 4833//4583 4760//4583 4759//4583
f 4833//4877 4759//4877 4650//4877
f 4650//4581 4759//4581 4758//4581
f 4650//4878 4758//4878 1481//4878
f 1481//4879 4758//4879 1488//4879
f 1354//4880 1356//4880 4761//4880
f 4761//4881 1356//4881 1358//4881
f 4761//4882 1358//4882 4757//4882
f 4757//4883 1358//4883 1360//4883
f 4757//4884 1360//4884 4756//4884
f 4756//4885 1360//4885 1362//4885
f 4756//4886 1362//4886 1364//4886
f 1483//4887 1485//4887 4650//4887
f 4650//4888 1485//4888 4649//4888
f 4650//4889 4649//4889 4833//4889
f 4833//4890 4649//4890 4834//4890
f 4833//4891 4834//4891 4832//4891
f 4832//4892 4834//4892 4835//4892
f 4832//4893 4835//4893 4831//4893
f 4831//4894 4835//4894 4628//4894
f 4831//4895 4628//4895 1352//4895
f 1352//4896 4628//4896 1349//4896
f 1345//4897 1347//4897 4627//4897
f 4627//4898 1347//4898 4628//4898
f 4627//4899 4628//4899 4836//4899
f 4836//4894 4628//4894 4835//4894
f 4836//4900 4835//4900 4837//4900
f 4837//4901 4835//4901 4834//4901
f 4837//4902 4834//4902 4838//4902
f 4838//4890 4834//4890 4649//4890
f 4838//4903 4649//4903 1493//4903
f 1493//4904 4649//4904 1491//4904
f 1493//4905 1495//4905 4838//4905
f 4838//4906 1495//4906 4680//4906
f 4838//4907 4680//4907 4837//4907
f 4837//4908 4680//4908 4762//4908
f 4837//4900 4762//4900 4836//4900
f 4836//4589 4762//4589 4764//4589
f 4836//4909 4764//4909 4627//4909
f 4627//4591 4764//4591 4766//4591
f 4627//4910 4766//4910 1343//4910
f 1331//4911 1333//4911 4839//4911
f 4839//4912 1333//4912 4770//4912
f 4839//4913 4770//4913 4840//4913
f 4840//4914 4770//4914 4769//4914
f 4840//4915 4769//4915 4841//4915
f 4841//4597 4769//4597 4768//4597
f 4841//4916 4768//4916 4842//4916
f 4842//4917 4768//4917 4647//4917
f 4842//4918 4647//4918 1507//4918
f 1507//4919 4647//4919 1505//4919
f 1333//4920 1335//4920 4770//4920
f 4770//4921 1335//4921 1337//4921
f 4770//4922 1337//4922 4767//4922
f 4767//4922 1337//4922 1339//4922
f 4767//4923 1339//4923 4766//4923
f 4766//4923 1339//4923 1341//4923
f 4766//4924 1341//4924 1343//4924
f 1507//4925 1509//4925 4842//4925
f 4842//4441 1509//4441 4646//4441
f 4842//4916 4646//4916 4841//4916
f 4841//4926 4646//4926 4774//4926
f 4841//4927 4774//4927 4840//4927
f 4840//4604 4774//4604 4772//4604
f 4840//4913 4772//4913 4839//4913
f 4839//4602 4772//4602 4644//4602
f 4839//4928 4644//4928 1331//4928
f 1331//4929 4644//4929 1328//4929
f 1518//4930 1516//4930 4843//4930
f 1508//4931 1506//4931 4844//4931
f 1504//4932 1501//4932 4845//4932
f 1499//4933 1497//4933 4846//4933
f 1494//4934 1492//4934 4847//4934
f 1484//4935 1482//4935 4848//4935
f 1489//4936 1487//4936 4849//4936
f 1479//4937 1477//4937 4850//4937
f 1434//4938 1465//4938 4851//4938
f 1469//4939 1467//4939 4852//4939
f 1463//4940 1461//4940 4853//4940
f 1458//4941 1456//4941 4854//4941
f 1443//4942 1445//4942 4855//4942
f 1447//4943 1449//4943 4856//4943
f 1437//4944 1439//4944 4857//4944
f 1611//4945 1610//4945 4858//4945
f 1602//4946 1600//4946 4859//4946
f 1598//4947 1596//4947 4860//4947
f 1592//4948 1590//4948 4861//4948
f 1588//4949 1586//4949 4862//4949
f 1578//4950 1576//4950 4863//4950
f 1574//4951 1572//4951 4864//4951
f 1568//4952 1566//4952 4865//4952
f 1564//4953 1562//4953 4866//4953
f 1554//4954 1552//4954 4867//4954
f 1550//4955 1548//4955 4868//4955
f 1544//4956 1542//4956 4869//4956
f 1540//4957 1538//4957 4870//4957
f 1530//4958 1528//4958 4871//4958
f 1526//4959 1524//4959 4872//4959
f 1618//4960 1636//4960 4873//4960
f 4873//4960 1636//4960 4874//4960
f 4873//4961 4874//4961 4875//4961
f 4875//4962 4874//4962 4876//4962
f 4875//4963 4876//4963 4877//4963
f 4877//4963 4876//4963 4878//4963
f 4877//4964 4878//4964 4879//4964
f 4879//4964 4878//4964 4880//4964
f 4879//4965 4880//4965 4881//4965
f 4881//4965 4880//4965 4882//4965
f 4881//4966 4882//4966 4883//4966
f 4883//4966 4882//4966 4884//4966
f 4883//4967 4884//4967 4885//4967
f 4885//4968 4884//4968 4886//4968
f 4885//4969 4886//4969 4887//4969
f 4887//4970 4886//4970 4870//4970
f 1658//4971 1657//4971 4888//4971
f 4888//4971 1657//4971 4889//4971
f 4888//4972 4889//4972 4890//4972
f 4890//4973 4889//4973 4891//4973
f 4890//4974 4891//4974 4892//4974
f 4892//4975 4891//4975 4893//4975
f 4892//4976 4893//4976 4894//4976
f 4894//4976 4893//4976 4895//4976
f 4894//4977 4895//4977 4896//4977
f 4896//4978 4895//4978 4897//4978
f 4896//4979 4897//4979 4898//4979
f 4898//4980 4897//4980 4899//4980
f 4898//4981 4899//4981 4900//4981
f 4900//4982 4899//4982 4901//4982
f 4900//4983 4901//4983 4902//4983
f 4902//4983 4901//4983 4866//4983
f 1641//4984 1640//4984 4903//4984
f 4903//4985 1640//4985 4904//4985
f 4903//4986 4904//4986 4905//4986
f 4905//4987 4904//4987 4906//4987
f 4905//4988 4906//4988 4907//4988
f 4907//4989 4906//4989 4908//4989
f 4907//4990 4908//4990 4909//4990
f 4909//4990 4908//4990 4910//4990
f 4909//4991 4910//4991 4911//4991
f 4911//4992 4910//4992 4912//4992
f 4911//4993 4912//4993 4913//4993
f 4913//4993 4912//4993 4914//4993
f 4913//4994 4914//4994 4915//4994
f 4915//4995 4914//4995 4916//4995
f 4915//4996 4916//4996 4917//4996
f 4917//4996 4916//4996 4862//4996
f 1650//4997 1648//4997 4918//4997
f 4918//4997 1648//4997 4919//4997
f 4918//4998 4919//4998 4920//4998
f 4920//4998 4919//4998 4921//4998
f 4920//4999 4921//4999 4922//4999
f 4922//5000 4921//5000 4923//5000
f 4922//5001 4923//5001 4924//5001
f 4924//5001 4923//5001 4925//5001
f 4924//5002 4925//5002 4926//5002
f 4926//5002 4925//5002 4927//5002
f 4926//5003 4927//5003 4928//5003
f 4928//5003 4927//5003 4929//5003
f 4928//5004 4929//5004 4930//5004
f 4930//5004 4929//5004 4931//5004
f 4930//5005 4931//5005 4932//5005
f 4932//5005 4931//5005 4858//5005
f 1660//5006 1678//5006 4933//5006
f 4933//5007 1678//5007 4934//5007
f 4933//5008 4934//5008 4935//5008
f 4935//5009 4934//5009 4936//5009
f 4935//5010 4936//5010 4937//5010
f 4937//5010 4936//5010 4938//5010
f 4937//5011 4938//5011 4939//5011
f 4939//5011 4938//5011 4940//5011
f 4939//5012 4940//5012 4941//5012
f 4941//5013 4940//5013 4942//5013
f 4941//5014 4942//5014 4943//5014
f 4943//5015 4942//5015 4944//5015
f 4943//5016 4944//5016 4945//5016
f 4945//5016 4944//5016 4946//5016
f 4945//5017 4946//5017 4947//5017
f 4947//5017 4946//5017 4854//5017
f 1685//5018 1684//5018 4948//5018
f 4948//5019 1684//5019 4949//5019
f 4948//5020 4949//5020 4950//5020
f 4950//5021 4949//5021 4951//5021
f 4950//5022 4951//5022 4952//5022
f 4952//5023 4951//5023 4953//5023
f 4952//5024 4953//5024 4954//5024
f 4954//5024 4953//5024 4955//5024
f 4954//5025 4955//5025 4956//5025
f 4956//5025 4955//5025 4957//5025
f 4956//5026 4957//5026 4958//5026
f 4958//5026 4957//5026 4959//5026
f 4958//5027 4959//5027 4960//5027
f 4960//5027 4959//5027 4961//5027
f 4960//5028 4961//5028 4962//5028
f 4962//5028 4961//5028 4850//5028
f 1699//5029 1697//5029 4963//5029
f 4963//5029 1697//5029 4964//5029
f 4963//5030 4964//5030 4965//5030
f 4965//5030 4964//5030 4966//5030
f 4965//5031 4966//5031 4967//5031
f 4967//5031 4966//5031 4968//5031
f 4967//5032 4968//5032 4969//5032
f 4969//5032 4968//5032 4970//5032
f 4969//5033 4970//5033 4971//5033
f 4971//5033 4970//5033 4972//5033
f 4971//5034 4972//5034 4973//5034
f 4973//5034 4972//5034 4974//5034
f 4973//5035 4974//5035 4975//5035
f 4975//5035 4974//5035 4976//5035
f 4975//5036 4976//5036 4977//5036
f 4977//5036 4976//5036 4843//5036
f 1615//5037 1613//5037 4978//5037
f 4978//5037 1613//5037 4979//5037
f 4978//5038 4979//5038 4980//5038
f 4980//5038 4979//5038 4981//5038
f 4980//5039 4981//5039 4982//5039
f 4982//5039 4981//5039 4983//5039
f 4982//5040 4983//5040 4984//5040
f 4984//5041 4983//5041 4985//5041
f 4984//5042 4985//5042 4986//5042
f 4986//5042 4985//5042 4987//5042
f 4986//5043 4987//5043 4988//5043
f 4988//5044 4987//5044 4989//5044
f 4988//5045 4989//5045 4990//5045
f 4990//5045 4989//5045 4991//5045
f 4990//5046 4991//5046 4992//5046
f 4992//5046 4991//5046 4872//5046
f 4992//5047 4872//5047 1522//5047
f 1522//5047 4872//5047 1524//5047
f 1613//5048 1621//5048 4979//5048
f 4979//5049 1621//5049 4993//5049
f 4979//5050 4993//5050 4981//5050
f 4981//5050 4993//5050 4994//5050
f 4981//5051 4994//5051 4983//5051
f 4983//5052 4994//5052 4995//5052
f 4983//5053 4995//5053 4985//5053
f 4985//5053 4995//5053 4996//5053
f 4985//5054 4996//5054 4987//5054
f 4987//5054 4996//5054 4997//5054
f 4987//5055 4997//5055 4989//5055
f 4989//5055 4997//5055 4998//5055
f 4989//5056 4998//5056 4991//5056
f 4991//5056 4998//5056 4999//5056
f 4991//5057 4999//5057 4872//5057
f 4872//5057 4999//5057 4871//5057
f 4872//5058 4871//5058 1526//5058
f 1526//5059 4871//5059 1528//5059
f 1532//5060 1530//5060 5000//5060
f 5000//5061 1530//5061 4871//5061
f 5000//5062 4871//5062 5001//5062
f 5001//5062 4871//5062 4999//5062
f 5001//5063 4999//5063 5002//5063
f 5002//5063 4999//5063 4998//5063
f 5002//5064 4998//5064 5003//5064
f 5003//5064 4998//5064 4997//5064
f 5003//5065 4997//5065 5004//5065
f 5004//5065 4997//5065 4996//5065
f 5004//5066 4996//5066 5005//5066
f 5005//5066 4996//5066 4995//5066
f 5005//5067 4995//5067 5006//5067
f 5006//5067 4995//5067 4994//5067
f 5006//5068 4994//5068 5007//5068
f 5007//5068 4994//5068 4993//5068
f 5007//5069 4993//5069 1620//5069
f 1620//5069 4993//5069 1621//5069
f 1620//5070 1618//5070 5007//5070
f 5007//5071 1618//5071 4873//5071
f 5007//5072 4873//5072 5006//5072
f 5006//5072 4873//5072 4875//5072
f 5006//5073 4875//5073 5005//5073
f 5005//5074 4875//5074 4877//5074
f 5005//5075 4877//5075 5004//5075
f 5004//5076 4877//5076 4879//5076
f 5004//5077 4879//5077 5003//5077
f 5003//5077 4879//5077 4881//5077
f 5003//5078 4881//5078 5002//5078
f 5002//5078 4881//5078 4883//5078
f 5002//5079 4883//5079 5001//5079
f 5001//5079 4883//5079 4885//5079
f 5001//5080 4885//5080 5000//5080
f 5000//5081 4885//5081 4887//5081
f 5000//5082 4887//5082 1532//5082
f 1532//5082 4887//5082 1534//5082
f 4870//5083 1538//5083 4887//5083
f 4887//5084 1538//5084 1536//5084
f 4887//5085 1536//5085 1534//5085
f 1542//5086 1540//5086 4869//5086
f 4869//5087 1540//5087 4870//5087
f 4869//5088 4870//5088 5008//5088
f 5008//5089 4870//5089 4886//5089
f 5008//5090 4886//5090 5009//5090
f 5009//5090 4886//5090 4884//5090
f 5009//5091 4884//5091 5010//5091
f 5010//5091 4884//5091 4882//5091
f 5010//5092 4882//5092 5011//5092
f 5011//5093 4882//5093 4880//5093
f 5011//5094 4880//5094 5012//5094
f 5012//5095 4880//5095 4878//5095
f 5012//5096 4878//5096 5013//5096
f 5013//5096 4878//5096 4876//5096
f 5013//5097 4876//5097 5014//5097
f 5014//5098 4876//5098 4874//5098
f 5014//5099 4874//5099 1635//5099
f 1635//5100 4874//5100 1636//5100
f 1546//5101 1544//5101 5015//5101
f 5015//5102 1544//5102 4869//5102
f 5015//5103 4869//5103 5016//5103
f 5016//5104 4869//5104 5008//5104
f 5016//5105 5008//5105 5017//5105
f 5017//5105 5008//5105 5009//5105
f 5017//5106 5009//5106 5018//5106
f 5018//5106 5009//5106 5010//5106
f 5018//5107 5010//5107 5019//5107
f 5019//5108 5010//5108 5011//5108
f 5019//5109 5011//5109 5020//5109
f 5020//5109 5011//5109 5012//5109
f 5020//5110 5012//5110 5021//5110
f 5021//5111 5012//5111 5013//5111
f 5021//5112 5013//5112 5022//5112
f 5022//5112 5013//5112 5014//5112
f 5022//5113 5014//5113 1633//5113
f 1633//5113 5014//5113 1635//5113
f 1633//5114 1632//5114 5022//5114
f 5022//5115 1632//5115 5023//5115
f 5022//5116 5023//5116 5021//5116
f 5021//5117 5023//5117 5024//5117
f 5021//5118 5024//5118 5020//5118
f 5020//5119 5024//5119 5025//5119
f 5020//5120 5025//5120 5019//5120
f 5019//5121 5025//5121 5026//5121
f 5019//5122 5026//5122 5018//5122
f 5018//5122 5026//5122 5027//5122
f 5018//5123 5027//5123 5017//5123
f 5017//5123 5027//5123 5028//5123
f 5017//5124 5028//5124 5016//5124
f 5016//5124 5028//5124 5029//5124
f 5016//5125 5029//5125 5015//5125
f 5015//5126 5029//5126 4868//5126
f 5015//5127 4868//5127 1546//5127
f 1546//5127 4868//5127 1548//5127
f 1632//5128 1625//5128 5023//5128
f 5023//5128 1625//5128 5030//5128
f 5023//5129 5030//5129 5024//5129
f 5024//5130 5030//5130 5031//5130
f 5024//5131 5031//5131 5025//5131
f 5025//5131 5031//5131 5032//5131
f 5025//5132 5032//5132 5026//5132
f 5026//5133 5032//5133 5033//5133
f 5026//5134 5033//5134 5027//5134
f 5027//5135 5033//5135 5034//5135
f 5027//5136 5034//5136 5028//5136
f 5028//5137 5034//5137 5035//5137
f 5028//5138 5035//5138 5029//5138
f 5029//5138 5035//5138 5036//5138
f 5029//5139 5036//5139 4868//5139
f 4868//5139 5036//5139 4867//5139
f 4868//5140 4867//5140 1550//5140
f 1550//5141 4867//5141 1552//5141
f 1556//5142 1554//5142 5037//5142
f 5037//5143 1554//5143 4867//5143
f 5037//5144 4867//5144 5038//5144
f 5038//5145 4867//5145 5036//5145
f 5038//5146 5036//5146 5039//5146
f 5039//5147 5036//5147 5035//5147
f 5039//5148 5035//5148 5040//5148
f 5040//5148 5035//5148 5034//5148
f 5040//5149 5034//5149 5041//5149
f 5041//5150 5034//5150 5033//5150
f 5041//5151 5033//5151 5042//5151
f 5042//5152 5033//5152 5032//5152
f 5042//5153 5032//5153 5043//5153
f 5043//5154 5032//5154 5031//5154
f 5043//5155 5031//5155 5044//5155
f 5044//5156 5031//5156 5030//5156
f 5044//5157 5030//5157 1623//5157
f 1623//5158 5030//5158 1625//5158
f 1623//5159 1658//5159 5044//5159
f 5044//5160 1658//5160 4888//5160
f 5044//5161 4888//5161 5043//5161
f 5043//5162 4888//5162 4890//5162
f 5043//5163 4890//5163 5042//5163
f 5042//5164 4890//5164 4892//5164
f 5042//5165 4892//5165 5041//5165
f 5041//5166 4892//5166 4894//5166
f 5041//5167 4894//5167 5040//5167
f 5040//5168 4894//5168 4896//5168
f 5040//5169 4896//5169 5039//5169
f 5039//5170 4896//5170 4898//5170
f 5039//5171 4898//5171 5038//5171
f 5038//5172 4898//5172 4900//5172
f 5038//5173 4900//5173 5037//5173
f 5037//5174 4900//5174 4902//5174
f 5037//5175 4902//5175 1556//5175
f 1556//5175 4902//5175 1558//5175
f 4866//5176 1562//5176 4902//5176
f 4902//5177 1562//5177 1560//5177
f 4902//5178 1560//5178 1558//5178
f 1566//5179 1564//5179 4865//5179
f 4865//5180 1564//5180 4866//5180
f 4865//5181 4866//5181 5045//5181
f 5045//5181 4866//5181 4901//5181
f 5045//5182 4901//5182 5046//5182
f 5046//5182 4901//5182 4899//5182
f 5046//5183 4899//5183 5047//5183
f 5047//5183 4899//5183 4897//5183
f 5047//5184 4897//5184 5048//5184
f 5048//5184 4897//5184 4895//5184
f 5048//5185 4895//5185 5049//5185
f 5049//5186 4895//5186 4893//5186
f 5049//5187 4893//5187 5050//5187
f 5050//5188 4893//5188 4891//5188
f 5050//5189 4891//5189 5051//5189
f 5051//5190 4891//5190 4889//5190
f 5051//5191 4889//5191 1655//5191
f 1655//5192 4889//5192 1657//5192
f 1570//5193 1568//5193 5052//5193
f 5052//5194 1568//5194 4865//5194
f 5052//5195 4865//5195 5053//5195
f 5053//5195 4865//5195 5045//5195
f 5053//5196 5045//5196 5054//5196
f 5054//5196 5045//5196 5046//5196
f 5054//5197 5046//5197 5055//5197
f 5055//5198 5046//5198 5047//5198
f 5055//5199 5047//5199 5056//5199
f 5056//5199 5047//5199 5048//5199
f 5056//5200 5048//5200 5057//5200
f 5057//5201 5048//5201 5049//5201
f 5057//5202 5049//5202 5058//5202
f 5058//5202 5049//5202 5050//5202
f 5058//5203 5050//5203 5059//5203
f 5059//5203 5050//5203 5051//5203
f 5059//5204 5051//5204 1653//5204
f 1653//5205 5051//5205 1655//5205
f 1653//5206 1652//5206 5059//5206
f 5059//5206 1652//5206 5060//5206
f 5059//5207 5060//5207 5058//5207
f 5058//5207 5060//5207 5061//5207
f 5058//5208 5061//5208 5057//5208
f 5057//5209 5061//5209 5062//5209
f 5057//5210 5062//5210 5056//5210
f 5056//5211 5062//5211 5063//5211
f 5056//5212 5063//5212 5055//5212
f 5055//5213 5063//5213 5064//5213
f 5055//5214 5064//5214 5054//5214
f 5054//5215 5064//5215 5065//5215
f 5054//5216 5065//5216 5053//5216
f 5053//5217 5065//5217 5066//5217
f 5053//5218 5066//5218 5052//5218
f 5052//5218 5066//5218 4864//5218
f 5052//5219 4864//5219 1570//5219
f 1570//5219 4864//5219 1572//5219
f 1652//5220 1630//5220 5060//5220
f 5060//5221 1630//5221 5067//5221
f 5060//5222 5067//5222 5061//5222
f 5061//5223 5067//5223 5068//5223
f 5061//5224 5068//5224 5062//5224
f 5062//5225 5068//5225 5069//5225
f 5062//5226 5069//5226 5063//5226
f 5063//5227 5069//5227 5070//5227
f 5063//5228 5070//5228 5064//5228
f 5064//5228 5070//5228 5071//5228
f 5064//5229 5071//5229 5065//5229
f 5065//5230 5071//5230 5072//5230
f 5065//5231 5072//5231 5066//5231
f 5066//5232 5072//5232 5073//5232
f 5066//5233 5073//5233 4864//5233
f 4864//5234 5073//5234 4863//5234
f 4864//5235 4863//5235 1574//5235
f 1574//5236 4863//5236 1576//5236
f 1580//5237 1578//5237 5074//5237
f 5074//5238 1578//5238 4863//5238
f 5074//5239 4863//5239 5075//5239
f 5075//5240 4863//5240 5073//5240
f 5075//5241 5073//5241 5076//5241
f 5076//5242 5073//5242 5072//5242
f 5076//5243 5072//5243 5077//5243
f 5077//5243 5072//5243 5071//5243
f 5077//5244 5071//5244 5078//5244
f 5078//5245 5071//5245 5070//5245
f 5078//5246 5070//5246 5079//5246
f 5079//5247 5070//5247 5069//5247
f 5079//5248 5069//5248 5080//5248
f 5080//5248 5069//5248 5068//5248
f 5080//5249 5068//5249 5081//5249
f 5081//5250 5068//5250 5067//5250
f 5081//5251 5067//5251 1628//5251
f 1628//5251 5067//5251 1630//5251
f 1628//5252 1641//5252 5081//5252
f 5081//5252 1641//5252 4903//5252
f 5081//5253 4903//5253 5080//5253
f 5080//5253 4903//5253 4905//5253
f 5080//5254 4905//5254 5079//5254
f 5079//5255 4905//5255 4907//5255
f 5079//5256 4907//5256 5078//5256
f 5078//5257 4907//5257 4909//5257
f 5078//5258 4909//5258 5077//5258
f 5077//5259 4909//5259 4911//5259
f 5077//5260 4911//5260 5076//5260
f 5076//5261 4911//5261 4913//5261
f 5076//5262 4913//5262 5075//5262
f 5075//5263 4913//5263 4915//5263
f 5075//5264 4915//5264 5074//5264
f 5074//5264 4915//5264 4917//5264
f 5074//5265 4917//5265 1580//5265
f 1580//5266 4917//5266 1582//5266
f 4862//5267 1586//5267 4917//5267
f 4917//5268 1586//5268 1584//5268
f 4917//5269 1584//5269 1582//5269
f 1590//5270 1588//5270 4861//5270
f 4861//5271 1588//5271 4862//5271
f 4861//5272 4862//5272 5082//5272
f 5082//5273 4862//5273 4916//5273
f 5082//5274 4916//5274 5083//5274
f 5083//5274 4916//5274 4914//5274
f 5083//5275 4914//5275 5084//5275
f 5084//5276 4914//5276 4912//5276
f 5084//5277 4912//5277 5085//5277
f 5085//5278 4912//5278 4910//5278
f 5085//5279 4910//5279 5086//5279
f 5086//5279 4910//5279 4908//5279
f 5086//5280 4908//5280 5087//5280
f 5087//5281 4908//5281 4906//5281
f 5087//5282 4906//5282 5088//5282
f 5088//5283 4906//5283 4904//5283
f 5088//5284 4904//5284 1638//5284
f 1638//5285 4904//5285 1640//5285
f 1594//5286 1592//5286 5089//5286
f 5089//5287 1592//5287 4861//5287
f 5089//5288 4861//5288 5090//5288
f 5090//5288 4861//5288 5082//5288
f 5090//5289 5082//5289 5091//5289
f 5091//5289 5082//5289 5083//5289
f 5091//5290 5083//5290 5092//5290
f 5092//5290 5083//5290 5084//5290
f 5092//5291 5084//5291 5093//5291
f 5093//5292 5084//5292 5085//5292
f 5093//5293 5085//5293 5094//5293
f 5094//5293 5085//5293 5086//5293
f 5094//5294 5086//5294 5095//5294
f 5095//5295 5086//5295 5087//5295
f 5095//5296 5087//5296 5096//5296
f 5096//5297 5087//5297 5088//5297
f 5096//5298 5088//5298 1646//5298
f 1646//5299 5088//5299 1638//5299
f 1646//5300 1645//5300 5096//5300
f 5096//5300 1645//5300 5097//5300
f 5096//5301 5097//5301 5095//5301
f 5095//5302 5097//5302 5098//5302
f 5095//5303 5098//5303 5094//5303
f 5094//5304 5098//5304 5099//5304
f 5094//5305 5099//5305 5093//5305
f 5093//5305 5099//5305 5100//5305
f 5093//5306 5100//5306 5092//5306
f 5092//5307 5100//5307 5101//5307
f 5092//5308 5101//5308 5091//5308
f 5091//5308 5101//5308 5102//5308
f 5091//5309 5102//5309 5090//5309
f 5090//5310 5102//5310 5103//5310
f 5090//5311 5103//5311 5089//5311
f 5089//5311 5103//5311 4860//5311
f 5089//5312 4860//5312 1594//5312
f 1594//5313 4860//5313 1596//5313
f 1645//5314 1643//5314 5097//5314
f 5097//5315 1643//5315 5104//5315
f 5097//5316 5104//5316 5098//5316
f 5098//5316 5104//5316 5105//5316
f 5098//5317 5105//5317 5099//5317
f 5099//5318 5105//5318 5106//5318
f 5099//5319 5106//5319 5100//5319
f 5100//5320 5106//5320 5107//5320
f 5100//5321 5107//5321 5101//5321
f 5101//5322 5107//5322 5108//5322
f 5101//5323 5108//5323 5102//5323
f 5102//5323 5108//5323 5109//5323
f 5102//5324 5109//5324 5103//5324
f 5103//5325 5109//5325 5110//5325
f 5103//5326 5110//5326 4860//5326
f 4860//5327 5110//5327 4859//5327
f 4860//5328 4859//5328 1598//5328
f 1598//5329 4859//5329 1600//5329
f 1604//5330 1602//5330 5111//5330
f 5111//5331 1602//5331 4859//5331
f 5111//5332 4859//5332 5112//5332
f 5112//5332 4859//5332 5110//5332
f 5112//5333 5110//5333 5113//5333
f 5113//5334 5110//5334 5109//5334
f 5113//5335 5109//5335 5114//5335
f 5114//5336 5109//5336 5108//5336
f 5114//5337 5108//5337 5115//5337
f 5115//5337 5108//5337 5107//5337
f 5115//5338 5107//5338 5116//5338
f 5116//5338 5107//5338 5106//5338
f 5116//5339 5106//5339 5117//5339
f 5117//5340 5106//5340 5105//5340
f 5117//5341 5105//5341 5118//5341
f 5118//5342 5105//5342 5104//5342
f 5118//5343 5104//5343 1651//5343
f 1651//5343 5104//5343 1643//5343
f 1651//5344 1650//5344 5118//5344
f 5118//5344 1650//5344 4918//5344
f 5118//5345 4918//5345 5117//5345
f 5117//5345 4918//5345 4920//5345
f 5117//5346 4920//5346 5116//5346
f 5116//5346 4920//5346 4922//5346
f 5116//5347 4922//5347 5115//5347
f 5115//5347 4922//5347 4924//5347
f 5115//5348 4924//5348 5114//5348
f 5114//5348 4924//5348 4926//5348
f 5114//5349 4926//5349 5113//5349
f 5113//5349 4926//5349 4928//5349
f 5113//5350 4928//5350 5112//5350
f 5112//5350 4928//5350 4930//5350
f 5112//5351 4930//5351 5111//5351
f 5111//5351 4930//5351 4932//5351
f 5111//5352 4932//5352 1604//5352
f 1604//5352 4932//5352 1606//5352
f 4858//5353 1610//5353 4932//5353
f 4932//5354 1610//5354 1608//5354
f 4932//5355 1608//5355 1606//5355
f 1439//5356 1611//5356 4857//5356
f 4857//5357 1611//5357 4858//5357
f 4857//4085 4858//4085 5119//4085
f 5119//4085 4858//4085 4931//4085
f 5119//5358 4931//5358 5120//5358
f 5120//4086 4931//4086 4929//4086
f 5120//4087 4929//4087 5121//4087
f 5121//5359 4929//5359 4927//5359
f 5121//5360 4927//5360 5122//5360
f 5122//5360 4927//5360 4925//5360
f 5122//4091 4925//4091 5123//4091
f 5123//4091 4925//4091 4923//4091
f 5123//5361 4923//5361 5124//5361
f 5124//5361 4923//5361 4921//5361
f 5124//4093 4921//4093 5125//4093
f 5125//4093 4921//4093 4919//4093
f 5125//4094 4919//4094 1668//4094
f 1668//4094 4919//4094 1648//4094
f 1450//5362 1437//5362 5126//5362
f 5126//5363 1437//5363 4857//5363
f 5126//5364 4857//5364 5127//5364
f 5127//5365 4857//5365 5119//5365
f 5127//5366 5119//5366 5128//5366
f 5128//5366 5119//5366 5120//5366
f 5128//5367 5120//5367 5129//5367
f 5129//5368 5120//5368 5121//5368
f 5129//5369 5121//5369 5130//5369
f 5130//5370 5121//5370 5122//5370
f 5130//5371 5122//5371 5131//5371
f 5131//5371 5122//5371 5123//5371
f 5131//5372 5123//5372 5132//5372
f 5132//5373 5123//5373 5124//5373
f 5132//5374 5124//5374 5133//5374
f 5133//5374 5124//5374 5125//5374
f 5133//5375 5125//5375 1667//5375
f 1667//5375 5125//5375 1668//5375
f 1667//5376 1665//5376 5133//5376
f 5133//5376 1665//5376 5134//5376
f 5133//5377 5134//5377 5132//5377
f 5132//5377 5134//5377 5135//5377
f 5132//5378 5135//5378 5131//5378
f 5131//5378 5135//5378 5136//5378
f 5131//5379 5136//5379 5130//5379
f 5130//5379 5136//5379 5137//5379
f 5130//5380 5137//5380 5129//5380
f 5129//5380 5137//5380 5138//5380
f 5129//5381 5138//5381 5128//5381
f 5128//5381 5138//5381 5139//5381
f 5128//5382 5139//5382 5127//5382
f 5127//5382 5139//5382 5140//5382
f 5127//5383 5140//5383 5126//5383
f 5126//5383 5140//5383 4856//5383
f 5126//5384 4856//5384 1450//5384
f 1450//5384 4856//5384 1449//5384
f 1665//5385 1664//5385 5134//5385
f 5134//5385 1664//5385 5141//5385
f 5134//5386 5141//5386 5135//5386
f 5135//5386 5141//5386 5142//5386
f 5135//5387 5142//5387 5136//5387
f 5136//5387 5142//5387 5143//5387
f 5136//5388 5143//5388 5137//5388
f 5137//5389 5143//5389 5144//5389
f 5137//5390 5144//5390 5138//5390
f 5138//5390 5144//5390 5145//5390
f 5138//5391 5145//5391 5139//5391
f 5139//5392 5145//5392 5146//5392
f 5139//5393 5146//5393 5140//5393
f 5140//5394 5146//5394 5147//5394
f 5140//5395 5147//5395 4856//5395
f 4856//5395 5147//5395 4855//5395
f 4856//5396 4855//5396 1447//5396
f 1447//5397 4855//5397 1445//5397
f 1451//5398 1443//5398 5148//5398
f 5148//5399 1443//5399 4855//5399
f 5148//5400 4855//5400 5149//5400
f 5149//5400 4855//5400 5147//5400
f 5149//5401 5147//5401 5150//5401
f 5150//5402 5147//5402 5146//5402
f 5150//5403 5146//5403 5151//5403
f 5151//5404 5146//5404 5145//5404
f 5151//5405 5145//5405 5152//5405
f 5152//5406 5145//5406 5144//5406
f 5152//5407 5144//5407 5153//5407
f 5153//5408 5144//5408 5143//5408
f 5153//5409 5143//5409 5154//5409
f 5154//5410 5143//5410 5142//5410
f 5154//5411 5142//5411 5155//5411
f 5155//5412 5142//5412 5141//5412
f 5155//5413 5141//5413 1662//5413
f 1662//5413 5141//5413 1664//5413
f 1662//5414 1660//5414 5155//5414
f 5155//5415 1660//5415 4933//5415
f 5155//5416 4933//5416 5154//5416
f 5154//5416 4933//5416 4935//5416
f 5154//5417 4935//5417 5153//5417
f 5153//5417 4935//5417 4937//5417
f 5153//5418 4937//5418 5152//5418
f 5152//5418 4937//5418 4939//5418
f 5152//5419 4939//5419 5151//5419
f 5151//5419 4939//5419 4941//5419
f 5151//5420 4941//5420 5150//5420
f 5150//5420 4941//5420 4943//5420
f 5150//5421 4943//5421 5149//5421
f 5149//5422 4943//5422 4945//5422
f 5149//5423 4945//5423 5148//5423
f 5148//5424 4945//5424 4947//5424
f 5148//5425 4947//5425 1451//5425
f 1451//5426 4947//5426 1452//5426
f 4854//5427 1456//5427 4947//5427
f 4947//5428 1456//5428 1454//5428
f 4947//5429 1454//5429 1452//5429
f 1678//5430 1677//5430 4934//5430
f 4934//5430 1677//5430 5156//5430
f 4934//5431 5156//5431 4936//5431
f 4936//5432 5156//5432 5157//5432
f 4936//5433 5157//5433 4938//5433
f 4938//5434 5157//5434 5158//5434
f 4938//5435 5158//5435 4940//5435
f 4940//5435 5158//5435 5159//5435
f 4940//5436 5159//5436 4942//5436
f 4942//5437 5159//5437 5160//5437
f 4942//5438 5160//5438 4944//5438
f 4944//5439 5160//5439 5161//5439
f 4944//5440 5161//5440 4946//5440
f 4946//5440 5161//5440 5162//5440
f 4946//5441 5162//5441 4854//5441
f 4854//5442 5162//5442 4853//5442
f 4854//5443 4853//5443 1458//5443
f 1458//5444 4853//5444 1461//5444
f 1466//5445 1463//5445 5163//5445
f 5163//5446 1463//5446 4853//5446
f 5163//5447 4853//5447 5164//5447
f 5164//5447 4853//5447 5162//5447
f 5164//5448 5162//5448 5165//5448
f 5165//5448 5162//5448 5161//5448
f 5165//5449 5161//5449 5166//5449
f 5166//5450 5161//5450 5160//5450
f 5166//5451 5160//5451 5167//5451
f 5167//5451 5160//5451 5159//5451
f 5167//5452 5159//5452 5168//5452
f 5168//5452 5159//5452 5158//5452
f 5168//5453 5158//5453 5169//5453
f 5169//5454 5158//5454 5157//5454
f 5169//5455 5157//5455 5170//5455
f 5170//5456 5157//5456 5156//5456
f 5170//5457 5156//5457 1675//5457
f 1675//5458 5156//5458 1677//5458
f 1675//5459 1674//5459 5170//5459
f 5170//5460 1674//5460 5171//5460
f 5170//5461 5171//5461 5169//5461
f 5169//5461 5171//5461 5172//5461
f 5169//5462 5172//5462 5168//5462
f 5168//5462 5172//5462 5173//5462
f 5168//5463 5173//5463 5167//5463
f 5167//5464 5173//5464 5174//5464
f 5167//5465 5174//5465 5166//5465
f 5166//5466 5174//5466 5175//5466
f 5166//5467 5175//5467 5165//5467
f 5165//5467 5175//5467 5176//5467
f 5165//5468 5176//5468 5164//5468
f 5164//5469 5176//5469 5177//5469
f 5164//5470 5177//5470 5163//5470
f 5163//5470 5177//5470 4852//5470
f 5163//5471 4852//5471 1466//5471
f 1466//5472 4852//5472 1467//5472
f 1674//5473 1672//5473 5171//5473
f 5171//5474 1672//5474 5178//5474
f 5171//5475 5178//5475 5172//5475
f 5172//5475 5178//5475 5179//5475
f 5172//5476 5179//5476 5173//5476
f 5173//5476 5179//5476 5180//5476
f 5173//5477 5180//5477 5174//5477
f 5174//5478 5180//5478 5181//5478
f 5174//5479 5181//5479 5175//5479
f 5175//5479 5181//5479 5182//5479
f 5175//5480 5182//5480 5176//5480
f 5176//5481 5182//5481 5183//5481
f 5176//5482 5183//5482 5177//5482
f 5177//5482 5183//5482 5184//5482
f 5177//5483 5184//5483 4852//5483
f 4852//5484 5184//5484 4851//5484
f 4852//5485 4851//5485 1469//5485
f 1469//5486 4851//5486 1465//5486
f 1472//5487 1434//5487 5185//5487
f 5185//5488 1434//5488 4851//5488
f 5185//5489 4851//5489 5186//5489
f 5186//5490 4851//5490 5184//5490
f 5186//5491 5184//5491 5187//5491
f 5187//5492 5184//5492 5183//5492
f 5187//5493 5183//5493 5188//5493
f 5188//5494 5183//5494 5182//5494
f 5188//5495 5182//5495 5189//5495
f 5189//5495 5182//5495 5181//5495
f 5189//5496 5181//5496 5190//5496
f 5190//5496 5181//5496 5180//5496
f 5190//5497 5180//5497 5191//5497
f 5191//5498 5180//5498 5179//5498
f 5191//5499 5179//5499 5192//5499
f 5192//5500 5179//5500 5178//5500
f 5192//5501 5178//5501 1670//5501
f 1670//5502 5178//5502 1672//5502
f 1670//5503 1685//5503 5192//5503
f 5192//5504 1685//5504 4948//5504
f 5192//5505 4948//5505 5191//5505
f 5191//5506 4948//5506 4950//5506
f 5191//5507 4950//5507 5190//5507
f 5190//5508 4950//5508 4952//5508
f 5190//5509 4952//5509 5189//5509
f 5189//5509 4952//5509 4954//5509
f 5189//5510 4954//5510 5188//5510
f 5188//5511 4954//5511 4956//5511
f 5188//5512 4956//5512 5187//5512
f 5187//5512 4956//5512 4958//5512
f 5187//5513 4958//5513 5186//5513
f 5186//5514 4958//5514 4960//5514
f 5186//5515 4960//5515 5185//5515
f 5185//5515 4960//5515 4962//5515
f 5185//5516 4962//5516 1472//5516
f 1472//5516 4962//5516 1473//5516
f 4850//5517 1477//5517 4962//5517
f 4962//5518 1477//5518 1475//5518
f 4962//5519 1475//5519 1473//5519
f 1684//5520 1682//5520 4949//5520
f 4949//5521 1682//5521 5193//5521
f 4949//5522 5193//5522 4951//5522
f 4951//5523 5193//5523 5194//5523
f 4951//5524 5194//5524 4953//5524
f 4953//5525 5194//5525 5195//5525
f 4953//5526 5195//5526 4955//5526
f 4955//5527 5195//5527 5196//5527
f 4955//5528 5196//5528 4957//5528
f 4957//5529 5196//5529 5197//5529
f 4957//5530 5197//5530 4959//5530
f 4959//5531 5197//5531 5198//5531
f 4959//5532 5198//5532 4961//5532
f 4961//5532 5198//5532 5199//5532
f 4961//5533 5199//5533 4850//5533
f 4850//5533 5199//5533 4849//5533
f 4850//5534 4849//5534 1479//5534
f 1479//5535 4849//5535 1487//5535
f 1490//5536 1489//5536 5200//5536
f 5200//5537 1489//5537 4849//5537
f 5200//5538 4849//5538 5201//5538
f 5201//5538 4849//5538 5199//5538
f 5201//5539 5199//5539 5202//5539
f 5202//5540 5199//5540 5198//5540
f 5202//5541 5198//5541 5203//5541
f 5203//5541 5198//5541 5197//5541
f 5203//5542 5197//5542 5204//5542
f 5204//5543 5197//5543 5196//5543
f 5204//5544 5196//5544 5205//5544
f 5205//5544 5196//5544 5195//5544
f 5205//5545 5195//5545 5206//5545
f 5206//5546 5195//5546 5194//5546
f 5206//5547 5194//5547 5207//5547
f 5207//5547 5194//5547 5193//5547
f 5207//5548 5193//5548 1680//5548
f 1680//5548 5193//5548 1682//5548
f 1680//5549 1695//5549 5207//5549
f 5207//5549 1695//5549 5208//5549
f 5207//5550 5208//5550 5206//5550
f 5206//5551 5208//5551 5209//5551
f 5206//5552 5209//5552 5205//5552
f 5205//5553 5209//5553 5210//5553
f 5205//5554 5210//5554 5204//5554
f 5204//5555 5210//5555 5211//5555
f 5204//5556 5211//5556 5203//5556
f 5203//5557 5211//5557 5212//5557
f 5203//5558 5212//5558 5202//5558
f 5202//5559 5212//5559 5213//5559
f 5202//5560 5213//5560 5201//5560
f 5201//5561 5213//5561 5214//5561
f 5201//5562 5214//5562 5200//5562
f 5200//5563 5214//5563 4848//5563
f 5200//5564 4848//5564 1490//5564
f 1490//5564 4848//5564 1482//5564
f 1695//5565 1694//5565 5208//5565
f 5208//5566 1694//5566 5215//5566
f 5208//5567 5215//5567 5209//5567
f 5209//5568 5215//5568 5216//5568
f 5209//5569 5216//5569 5210//5569
f 5210//5570 5216//5570 5217//5570
f 5210//5571 5217//5571 5211//5571
f 5211//5572 5217//5572 5218//5572
f 5211//5573 5218//5573 5212//5573
f 5212//5574 5218//5574 5219//5574
f 5212//5575 5219//5575 5213//5575
f 5213//5575 5219//5575 5220//5575
f 5213//5576 5220//5576 5214//5576
f 5214//5576 5220//5576 5221//5576
f 5214//5577 5221//5577 4848//5577
f 4848//5578 5221//5578 4847//5578
f 4848//5579 4847//5579 1484//5579
f 1484//5580 4847//5580 1492//5580
f 1496//5581 1494//5581 5222//5581
f 5222//5582 1494//5582 4847//5582
f 5222//5583 4847//5583 5223//5583
f 5223//5583 4847//5583 5221//5583
f 5223//5584 5221//5584 5224//5584
f 5224//5584 5221//5584 5220//5584
f 5224//5585 5220//5585 5225//5585
f 5225//5585 5220//5585 5219//5585
f 5225//5586 5219//5586 5226//5586
f 5226//5586 5219//5586 5218//5586
f 5226//5587 5218//5587 5227//5587
f 5227//5588 5218//5588 5217//5588
f 5227//5589 5217//5589 5228//5589
f 5228//5590 5217//5590 5216//5590
f 5228//5591 5216//5591 5229//5591
f 5229//5591 5216//5591 5215//5591
f 5229//5592 5215//5592 1692//5592
f 1692//5593 5215//5593 1694//5593
f 1692//5594 1691//5594 5229//5594
f 5229//5594 1691//5594 5230//5594
f 5229//5595 5230//5595 5228//5595
f 5228//5596 5230//5596 5231//5596
f 5228//5597 5231//5597 5227//5597
f 5227//5598 5231//5598 5232//5598
f 5227//5599 5232//5599 5226//5599
f 5226//5600 5232//5600 5233//5600
f 5226//5601 5233//5601 5225//5601
f 5225//5601 5233//5601 5234//5601
f 5225//5602 5234//5602 5224//5602
f 5224//5602 5234//5602 5235//5602
f 5224//5603 5235//5603 5223//5603
f 5223//5603 5235//5603 5236//5603
f 5223//5604 5236//5604 5222//5604
f 5222//5605 5236//5605 4846//5605
f 5222//5606 4846//5606 1496//5606
f 1496//5606 4846//5606 1497//5606
f 1501//5607 1499//5607 4845//5607
f 4845//5608 1499//5608 4846//5608
f 4845//5609 4846//5609 5237//5609
f 5237//5610 4846//5610 5236//5610
f 5237//5611 5236//5611 5238//5611
f 5238//5611 5236//5611 5235//5611
f 5238//5612 5235//5612 5239//5612
f 5239//5612 5235//5612 5234//5612
f 5239//5613 5234//5613 5240//5613
f 5240//5614 5234//5614 5233//5614
f 5240//5615 5233//5615 5241//5615
f 5241//5616 5233//5616 5232//5616
f 5241//5617 5232//5617 5242//5617
f 5242//5618 5232//5618 5231//5618
f 5242//5619 5231//5619 5243//5619
f 5243//5619 5231//5619 5230//5619
f 5243//5620 5230//5620 1689//5620
f 1689//5621 5230//5621 1691//5621
f 1689//5622 1687//5622 5243//5622
f 5243//5623 1687//5623 5244//5623
f 5243//5624 5244//5624 5242//5624
f 5242//5625 5244//5625 5245//5625
f 5242//5626 5245//5626 5241//5626
f 5241//5626 5245//5626 5246//5626
f 5241//5627 5246//5627 5240//5627
f 5240//5628 5246//5628 5247//5628
f 5240//5629 5247//5629 5239//5629
f 5239//5630 5247//5630 5248//5630
f 5239//5631 5248//5631 5238//5631
f 5238//5632 5248//5632 5249//5632
f 5238//5633 5249//5633 5237//5633
f 5237//5633 5249//5633 5250//5633
f 5237//5634 5250//5634 4845//5634
f 4845//5635 5250//5635 4844//5635
f 4845//5636 4844//5636 1504//5636
f 1504//5637 4844//5637 1506//5637
f 1510//5638 1508//5638 5251//5638
f 5251//5639 1508//5639 4844//5639
f 5251//5640 4844//5640 5252//5640
f 5252//5640 4844//5640 5250//5640
f 5252//5641 5250//5641 5253//5641
f 5253//5641 5250//5641 5249//5641
f 5253//5642 5249//5642 5254//5642
f 5254//5643 5249//5643 5248//5643
f 5254//5644 5248//5644 5255//5644
f 5255//5644 5248//5644 5247//5644
f 5255//5645 5247//5645 5256//5645
f 5256//5645 5247//5645 5246//5645
f 5256//5646 5246//5646 5257//5646
f 5257//5647 5246//5647 5245//5647
f 5257//5648 5245//5648 5258//5648
f 5258//5649 5245//5649 5244//5649
f 5258//5650 5244//5650 1700//5650
f 1700//5650 5244//5650 1687//5650
f 1700//5651 1699//5651 5258//5651
f 5258//5651 1699//5651 4963//5651
f 5258//5652 4963//5652 5257//5652
f 5257//5652 4963//5652 4965//5652
f 5257//5653 4965//5653 5256//5653
f 5256//5653 4965//5653 4967//5653
f 5256//5654 4967//5654 5255//5654
f 5255//5654 4967//5654 4969//5654
f 5255//5655 4969//5655 5254//5655
f 5254//5656 4969//5656 4971//5656
f 5254//5657 4971//5657 5253//5657
f 5253//5657 4971//5657 4973//5657
f 5253//5658 4973//5658 5252//5658
f 5252//5659 4973//5659 4975//5659
f 5252//5660 4975//5660 5251//5660
f 5251//5661 4975//5661 4977//5661
f 5251//5662 4977//5662 1510//5662
f 1510//5662 4977//5662 1512//5662
f 4843//5663 1516//5663 4977//5663
f 4977//5664 1516//5664 1514//5664
f 4977//5665 1514//5665 1512//5665
f 1520//5666 1518//5666 5259//5666
f 5259//5667 1518//5667 4843//5667
f 5259//5668 4843//5668 5260//5668
f 5260//5668 4843//5668 4976//5668
f 5260//5669 4976//5669 5261//5669
f 5261//5669 4976//5669 4974//5669
f 5261//5670 4974//5670 5262//5670
f 5262//5670 4974//5670 4972//5670
f 5262//5671 4972//5671 5263//5671
f 5263//5671 4972//5671 4970//5671
f 5263//5672 4970//5672 5264//5672
f 5264//5672 4970//5672 4968//5672
f 5264//5673 4968//5673 5265//5673
f 5265//5674 4968//5674 4966//5674
f 5265//5675 4966//5675 5266//5675
f 5266//5675 4966//5675 4964//5675
f 5266//5676 4964//5676 1696//5676
f 1696//5677 4964//5677 1697//5677
f 1696//5678 1615//5678 5266//5678
f 5266//5678 1615//5678 4978//5678
f 5266//5679 4978//5679 5265//5679
f 5265//5679 4978//5679 4980//5679
f 5265//5680 4980//5680 5264//5680
f 5264//5680 4980//5680 4982//5680
f 5264//5681 4982//5681 5263//5681
f 5263//5682 4982//5682 4984//5682
f 5263//5683 4984//5683 5262//5683
f 5262//5683 4984//5683 4986//5683
f 5262//5684 4986//5684 5261//5684
f 5261//5684 4986//5684 4988//5684
f 5261//5685 4988//5685 5260//5685
f 5260//5685 4988//5685 4990//5685
f 5260//5686 4990//5686 5259//5686
f 5259//5686 4990//5686 4992//5686
f 5259//5687 4992//5687 1520//5687
f 1520//5687 4992//5687 1522//5687
f 922//5688 924//5688 5267//5688
f 928//5689 930//5689 5268//5689
f 932//5690 934//5690 5269//5690
f 936//5691 938//5691 5270//5691
f 942//5692 944//5692 5271//5692
f 946//5693 948//5693 5272//5693
f 952//5694 954//5694 5273//5694
f 956//5695 958//5695 5274//5695
f 962//5696 964//5696 5275//5696
f 966//5697 968//5697 5276//5697
f 976//5698 978//5698 5277//5698
f 980//5699 982//5699 5278//5699
f 986//5700 988//5700 5279//5700
f 990//5701 992//5701 5280//5701
f 996//5702 998//5702 5281//5702
f 1000//5703 1002//5703 5282//5703
f 1010//5704 1012//5704 5283//5704
f 1014//5705 1016//5705 5284//5705
f 1020//5706 1022//5706 5285//5706
f 1024//5707 810//5707 5286//5707
f 816//5708 818//5708 5287//5708
f 826//5709 828//5709 5288//5709
f 830//5710 832//5710 5289//5710
f 836//5711 838//5711 5290//5711
f 840//5712 842//5712 5291//5712
f 850//5713 852//5713 5292//5713
f 854//5714 856//5714 5293//5714
f 860//5715 862//5715 5294//5715
f 864//5716 866//5716 5295//5716
f 870//5717 872//5717 5296//5717
f 874//5718 876//5718 5297//5718
f 884//5719 886//5719 5298//5719
f 888//5720 890//5720 5299//5720
f 894//5721 896//5721 5300//5721
f 898//5722 900//5722 5301//5722
f 904//5723 906//5723 5302//5723
f 908//5724 910//5724 5303//5724
f 918//5725 920//5725 5304//5725
f 707//5726 705//5726 5305//5726
f 713//5727 711//5727 5306//5727
f 721//5728 719//5728 5307//5728
f 727//5729 725//5729 5308//5729
f 731//5730 729//5730 5309//5730
f 737//5731 735//5731 5310//5731
f 741//5732 739//5732 5311//5732
f 747//5733 745//5733 5312//5733
f 755//5734 753//5734 5313//5734
f 761//5735 759//5735 5314//5735
f 765//5736 763//5736 5315//5736
f 771//5737 769//5737 5316//5737
f 775//5738 773//5738 5317//5738
f 781//5739 779//5739 5318//5739
f 789//5740 787//5740 5319//5740
f 795//5741 793//5741 5320//5741
f 799//5742 797//5742 5321//5742
f 805//5743 803//5743 5322//5743
f 809//5744 807//5744 5323//5744
f 601//5745 599//5745 5324//5745
f 605//5746 603//5746 5325//5746
f 611//5747 609//5747 5326//5747
f 615//5748 613//5748 5327//5748
f 621//5749 619//5749 5328//5749
f 629//5750 627//5750 5329//5750
f 635//5751 633//5751 5330//5751
f 639//5752 637//5752 5331//5752
f 645//5753 643//5753 5332//5753
f 649//5754 647//5754 5333//5754
f 655//5755 653//5755 5334//5755
f 663//5756 661//5756 5335//5756
f 669//5757 667//5757 5336//5757
f 673//5758 671//5758 5337//5758
f 679//5759 677//5759 5338//5759
f 683//5760 681//5760 5339//5760
f 689//5761 687//5761 5340//5761
f 697//5762 695//5762 5341//5762
f 703//5763 701//5763 5342//5763
f 689//5764 5340//5764 691//5764
f 655//5765 5334//5765 657//5765
f 621//5766 5328//5766 623//5766
f 781//5767 5318//5767 783//5767
f 747//5768 5312//5768 749//5768
f 713//5769 5306//5769 715//5769
f 699//5770 697//5770 5343//5770
f 5343//5771 697//5771 5341//5771
f 5343//5772 5341//5772 5344//5772
f 5344//5773 5341//5773 5345//5773
f 5344//5774 5345//5774 5346//5774
f 5346//5775 5345//5775 5347//5775
f 5346//5776 5347//5776 5348//5776
f 5348//5777 5347//5777 5349//5777
f 5348//5778 5349//5778 5350//5778
f 5350//5779 5349//5779 5351//5779
f 5350//5780 5351//5780 5352//5780
f 5352//5781 5351//5781 5303//5781
f 665//5782 663//5782 5353//5782
f 5353//5783 663//5783 5335//5783
f 5353//5784 5335//5784 5354//5784
f 5354//5784 5335//5784 5355//5784
f 5354//5785 5355//5785 5356//5785
f 5356//5786 5355//5786 5357//5786
f 5356//5787 5357//5787 5358//5787
f 5358//5788 5357//5788 5359//5788
f 5358//5789 5359//5789 5360//5789
f 5360//5790 5359//5790 5361//5790
f 5360//5791 5361//5791 5362//5791
f 5362//5792 5361//5792 5297//5792
f 631//5793 629//5793 5363//5793
f 5363//5794 629//5794 5329//5794
f 5363//5795 5329//5795 5364//5795
f 5364//5796 5329//5796 5365//5796
f 5364//5797 5365//5797 5366//5797
f 5366//5798 5365//5798 5367//5798
f 5366//5799 5367//5799 5368//5799
f 5368//5800 5367//5800 5369//5800
f 5368//5801 5369//5801 5370//5801
f 5370//5801 5369//5801 5371//5801
f 5370//5802 5371//5802 5372//5802
f 5372//5802 5371//5802 5291//5802
f 607//5803 605//5803 5373//5803
f 5373//5804 605//5804 5325//5804
f 5373//5805 5325//5805 5374//5805
f 5374//5805 5325//5805 5375//5805
f 5374//5806 5375//5806 5376//5806
f 5376//5807 5375//5807 5377//5807
f 5376//5808 5377//5808 5378//5808
f 5378//5808 5377//5808 5379//5808
f 5378//5809 5379//5809 5380//5809
f 5380//5810 5379//5810 5381//5810
f 5380//5811 5381//5811 5382//5811
f 5382//5811 5381//5811 5287//5811
f 791//5812 789//5812 5383//5812
f 5383//5813 789//5813 5319//5813
f 5383//5814 5319//5814 5384//5814
f 5384//5815 5319//5815 5385//5815
f 5384//5816 5385//5816 5386//5816
f 5386//5816 5385//5816 5387//5816
f 5386//5817 5387//5817 5388//5817
f 5388//5817 5387//5817 5389//5817
f 5388//5818 5389//5818 5390//5818
f 5390//5819 5389//5819 5391//5819
f 5390//5820 5391//5820 5392//5820
f 5392//5821 5391//5821 5282//5821
f 757//5822 755//5822 5393//5822
f 5393//5823 755//5823 5313//5823
f 5393//5824 5313//5824 5394//5824
f 5394//5824 5313//5824 5395//5824
f 5394//5825 5395//5825 5396//5825
f 5396//5826 5395//5826 5397//5826
f 5396//5827 5397//5827 5398//5827
f 5398//5828 5397//5828 5399//5828
f 5398//5829 5399//5829 5400//5829
f 5400//5829 5399//5829 5401//5829
f 5400//5830 5401//5830 5402//5830
f 5402//5830 5401//5830 5276//5830
f 916//5831 918//5831 5403//5831
f 5403//5832 918//5832 5304//5832
f 5403//5833 5304//5833 5404//5833
f 5404//5833 5304//5833 5405//5833
f 5404//5834 5405//5834 5406//5834
f 5406//5835 5405//5835 5407//5835
f 5406//5836 5407//5836 5408//5836
f 5408//5837 5407//5837 5409//5837
f 5408//5838 5409//5838 5410//5838
f 5410//5839 5409//5839 5411//5839
f 5410//5840 5411//5840 5342//5840
f 5342//5841 5411//5841 5305//5841
f 5342//5842 5305//5842 703//5842
f 703//5843 5305//5843 705//5843
f 701//5844 699//5844 5342//5844
f 5342//5844 699//5844 5343//5844
f 5342//5845 5343//5845 5410//5845
f 5410//5846 5343//5846 5344//5846
f 5410//5847 5344//5847 5408//5847
f 5408//5847 5344//5847 5346//5847
f 5408//5848 5346//5848 5406//5848
f 5406//5849 5346//5849 5348//5849
f 5406//5850 5348//5850 5404//5850
f 5404//5851 5348//5851 5350//5851
f 5404//5852 5350//5852 5403//5852
f 5403//5853 5350//5853 5352//5853
f 5403//5854 5352//5854 916//5854
f 916//5855 5352//5855 914//5855
f 5303//5856 910//5856 5352//5856
f 5352//5857 910//5857 912//5857
f 5352//5858 912//5858 914//5858
f 906//5859 908//5859 5302//5859
f 5302//5860 908//5860 5303//5860
f 5302//5861 5303//5861 5412//5861
f 5412//5862 5303//5862 5351//5862
f 5412//5863 5351//5863 5413//5863
f 5413//5864 5351//5864 5349//5864
f 5413//5865 5349//5865 5414//5865
f 5414//5866 5349//5866 5347//5866
f 5414//5867 5347//5867 5415//5867
f 5415//5867 5347//5867 5345//5867
f 5415//5868 5345//5868 5416//5868
f 5416//5869 5345//5869 5341//5869
f 5416//5870 5341//5870 693//5870
f 693//5871 5341//5871 695//5871
f 902//5872 904//5872 5417//5872
f 5417//5873 904//5873 5302//5873
f 5417//5874 5302//5874 5418//5874
f 5418//5874 5302//5874 5412//5874
f 5418//5875 5412//5875 5419//5875
f 5419//5876 5412//5876 5413//5876
f 5419//5877 5413//5877 5420//5877
f 5420//5878 5413//5878 5414//5878
f 5420//5879 5414//5879 5421//5879
f 5421//5880 5414//5880 5415//5880
f 5421//5881 5415//5881 5340//5881
f 5340//5882 5415//5882 5416//5882
f 5340//5883 5416//5883 691//5883
f 691//5884 5416//5884 693//5884
f 687//5885 685//5885 5340//5885
f 5340//5886 685//5886 5422//5886
f 5340//5887 5422//5887 5421//5887
f 5421//5888 5422//5888 5423//5888
f 5421//5889 5423//5889 5420//5889
f 5420//5890 5423//5890 5424//5890
f 5420//5891 5424//5891 5419//5891
f 5419//5892 5424//5892 5425//5892
f 5419//5893 5425//5893 5418//5893
f 5418//5894 5425//5894 5426//5894
f 5418//5895 5426//5895 5417//5895
f 5417//5896 5426//5896 5301//5896
f 5417//5897 5301//5897 902//5897
f 902//5898 5301//5898 900//5898
f 685//5899 683//5899 5422//5899
f 5422//5900 683//5900 5339//5900
f 5422//5901 5339//5901 5423//5901
f 5423//5902 5339//5902 5427//5902
f 5423//5903 5427//5903 5424//5903
f 5424//5904 5427//5904 5428//5904
f 5424//5905 5428//5905 5425//5905
f 5425//5906 5428//5906 5429//5906
f 5425//5907 5429//5907 5426//5907
f 5426//5908 5429//5908 5430//5908
f 5426//5909 5430//5909 5301//5909
f 5301//5909 5430//5909 5300//5909
f 5301//5910 5300//5910 898//5910
f 898//5911 5300//5911 896//5911
f 892//5912 894//5912 5431//5912
f 5431//5913 894//5913 5300//5913
f 5431//5914 5300//5914 5432//5914
f 5432//5915 5300//5915 5430//5915
f 5432//5916 5430//5916 5433//5916
f 5433//5917 5430//5917 5429//5917
f 5433//5918 5429//5918 5434//5918
f 5434//5919 5429//5919 5428//5919
f 5434//5920 5428//5920 5435//5920
f 5435//5920 5428//5920 5427//5920
f 5435//5921 5427//5921 5338//5921
f 5338//5922 5427//5922 5339//5922
f 5338//5923 5339//5923 679//5923
f 679//5924 5339//5924 681//5924
f 677//5925 675//5925 5338//5925
f 5338//5925 675//5925 5436//5925
f 5338//5926 5436//5926 5435//5926
f 5435//5927 5436//5927 5437//5927
f 5435//5928 5437//5928 5434//5928
f 5434//5929 5437//5929 5438//5929
f 5434//5930 5438//5930 5433//5930
f 5433//5931 5438//5931 5439//5931
f 5433//5932 5439//5932 5432//5932
f 5432//5933 5439//5933 5440//5933
f 5432//5934 5440//5934 5431//5934
f 5431//5934 5440//5934 5299//5934
f 5431//5935 5299//5935 892//5935
f 892//5935 5299//5935 890//5935
f 675//5936 673//5936 5436//5936
f 5436//5937 673//5937 5337//5937
f 5436//5938 5337//5938 5437//5938
f 5437//5939 5337//5939 5441//5939
f 5437//5940 5441//5940 5438//5940
f 5438//5941 5441//5941 5442//5941
f 5438//5942 5442//5942 5439//5942
f 5439//5943 5442//5943 5443//5943
f 5439//5944 5443//5944 5440//5944
f 5440//5944 5443//5944 5444//5944
f 5440//5945 5444//5945 5299//5945
f 5299//5945 5444//5945 5298//5945
f 5299//5946 5298//5946 888//5946
f 888//5947 5298//5947 886//5947
f 882//5948 884//5948 5445//5948
f 5445//5949 884//5949 5298//5949
f 5445//5950 5298//5950 5446//5950
f 5446//5951 5298//5951 5444//5951
f 5446//5952 5444//5952 5447//5952
f 5447//5953 5444//5953 5443//5953
f 5447//5954 5443//5954 5448//5954
f 5448//5955 5443//5955 5442//5955
f 5448//5956 5442//5956 5449//5956
f 5449//5957 5442//5957 5441//5957
f 5449//5958 5441//5958 5336//5958
f 5336//5959 5441//5959 5337//5959
f 5336//5960 5337//5960 669//5960
f 669//5961 5337//5961 671//5961
f 667//5962 665//5962 5336//5962
f 5336//5963 665//5963 5353//5963
f 5336//5964 5353//5964 5449//5964
f 5449//5965 5353//5965 5354//5965
f 5449//5966 5354//5966 5448//5966
f 5448//5966 5354//5966 5356//5966
f 5448//5967 5356//5967 5447//5967
f 5447//5967 5356//5967 5358//5967
f 5447//5968 5358//5968 5446//5968
f 5446//5969 5358//5969 5360//5969
f 5446//5970 5360//5970 5445//5970
f 5445//5971 5360//5971 5362//5971
f 5445//5972 5362//5972 882//5972
f 882//5973 5362//5973 880//5973
f 5297//5974 876//5974 5362//5974
f 5362//5975 876//5975 878//5975
f 5362//5976 878//5976 880//5976
f 872//5977 874//5977 5296//5977
f 5296//5978 874//5978 5297//5978
f 5296//5979 5297//5979 5450//5979
f 5450//5979 5297//5979 5361//5979
f 5450//5980 5361//5980 5451//5980
f 5451//5980 5361//5980 5359//5980
f 5451//5981 5359//5981 5452//5981
f 5452//5982 5359//5982 5357//5982
f 5452//5983 5357//5983 5453//5983
f 5453//5984 5357//5984 5355//5984
f 5453//5985 5355//5985 5454//5985
f 5454//5986 5355//5986 5335//5986
f 5454//5987 5335//5987 659//5987
f 659//5988 5335//5988 661//5988
f 868//5989 870//5989 5455//5989
f 5455//5990 870//5990 5296//5990
f 5455//5991 5296//5991 5456//5991
f 5456//5992 5296//5992 5450//5992
f 5456//5993 5450//5993 5457//5993
f 5457//5994 5450//5994 5451//5994
f 5457//5995 5451//5995 5458//5995
f 5458//5996 5451//5996 5452//5996
f 5458//5997 5452//5997 5459//5997
f 5459//5998 5452//5998 5453//5998
f 5459//5999 5453//5999 5334//5999
f 5334//5999 5453//5999 5454//5999
f 5334//6000 5454//6000 657//6000
f 657//6001 5454//6001 659//6001
f 653//6002 651//6002 5334//6002
f 5334//6002 651//6002 5460//6002
f 5334//6003 5460//6003 5459//6003
f 5459//6004 5460//6004 5461//6004
f 5459//6005 5461//6005 5458//6005
f 5458//6006 5461//6006 5462//6006
f 5458//6007 5462//6007 5457//6007
f 5457//6007 5462//6007 5463//6007
f 5457//6008 5463//6008 5456//6008
f 5456//6008 5463//6008 5464//6008
f 5456//6009 5464//6009 5455//6009
f 5455//6009 5464//6009 5295//6009
f 5455//6010 5295//6010 868//6010
f 868//6010 5295//6010 866//6010
f 651//6011 649//6011 5460//6011
f 5460//6012 649//6012 5333//6012
f 5460//6013 5333//6013 5461//6013
f 5461//6014 5333//6014 5465//6014
f 5461//6015 5465//6015 5462//6015
f 5462//6016 5465//6016 5466//6016
f 5462//6017 5466//6017 5463//6017
f 5463//6018 5466//6018 5467//6018
f 5463//6019 5467//6019 5464//6019
f 5464//6019 5467//6019 5468//6019
f 5464//6020 5468//6020 5295//6020
f 5295//6020 5468//6020 5294//6020
f 5295//6021 5294//6021 864//6021
f 864//6022 5294//6022 862//6022
f 858//6023 860//6023 5469//6023
f 5469//6024 860//6024 5294//6024
f 5469//6025 5294//6025 5470//6025
f 5470//6026 5294//6026 5468//6026
f 5470//6027 5468//6027 5471//6027
f 5471//6028 5468//6028 5467//6028
f 5471//6029 5467//6029 5472//6029
f 5472//6029 5467//6029 5466//6029
f 5472//6030 5466//6030 5473//6030
f 5473//6030 5466//6030 5465//6030
f 5473//6031 5465//6031 5332//6031
f 5332//6031 5465//6031 5333//6031
f 5332//6032 5333//6032 645//6032
f 645//6033 5333//6033 647//6033
f 643//6034 641//6034 5332//6034
f 5332//6034 641//6034 5474//6034
f 5332//6035 5474//6035 5473//6035
f 5473//6035 5474//6035 5475//6035
f 5473//6036 5475//6036 5472//6036
f 5472//6036 5475//6036 5476//6036
f 5472//6037 5476//6037 5471//6037
f 5471//6038 5476//6038 5477//6038
f 5471//6039 5477//6039 5470//6039
f 5470//6040 5477//6040 5478//6040
f 5470//6041 5478//6041 5469//6041
f 5469//6041 5478//6041 5293//6041
f 5469//6042 5293//6042 858//6042
f 858//6043 5293//6043 856//6043
f 641//6044 639//6044 5474//6044
f 5474//6045 639//6045 5331//6045
f 5474//6046 5331//6046 5475//6046
f 5475//6047 5331//6047 5479//6047
f 5475//6048 5479//6048 5476//6048
f 5476//6049 5479//6049 5480//6049
f 5476//6050 5480//6050 5477//6050
f 5477//6051 5480//6051 5481//6051
f 5477//6052 5481//6052 5478//6052
f 5478//6053 5481//6053 5482//6053
f 5478//6054 5482//6054 5293//6054
f 5293//6054 5482//6054 5292//6054
f 5293//6055 5292//6055 854//6055
f 854//6056 5292//6056 852//6056
f 848//6057 850//6057 5483//6057
f 5483//6058 850//6058 5292//6058
f 5483//6059 5292//6059 5484//6059
f 5484//6060 5292//6060 5482//6060
f 5484//6061 5482//6061 5485//6061
f 5485//6061 5482//6061 5481//6061
f 5485//6062 5481//6062 5486//6062
f 5486//6063 5481//6063 5480//6063
f 5486//6064 5480//6064 5487//6064
f 5487//6064 5480//6064 5479//6064
f 5487//6065 5479//6065 5330//6065
f 5330//6066 5479//6066 5331//6066
f 5330//6067 5331//6067 635//6067
f 635//6068 5331//6068 637//6068
f 633//6069 631//6069 5330//6069
f 5330//6070 631//6070 5363//6070
f 5330//6071 5363//6071 5487//6071
f 5487//6071 5363//6071 5364//6071
f 5487//6072 5364//6072 5486//6072
f 5486//6072 5364//6072 5366//6072
f 5486//6073 5366//6073 5485//6073
f 5485//6074 5366//6074 5368//6074
f 5485//6075 5368//6075 5484//6075
f 5484//6075 5368//6075 5370//6075
f 5484//6076 5370//6076 5483//6076
f 5483//6077 5370//6077 5372//6077
f 5483//6078 5372//6078 848//6078
f 848//6078 5372//6078 846//6078
f 5291//6079 842//6079 5372//6079
f 5372//6080 842//6080 844//6080
f 5372//6081 844//6081 846//6081
f 627//6082 625//6082 5329//6082
f 5329//6083 625//6083 5488//6083
f 5329//6084 5488//6084 5365//6084
f 5365//6085 5488//6085 5489//6085
f 5365//6086 5489//6086 5367//6086
f 5367//6087 5489//6087 5490//6087
f 5367//6088 5490//6088 5369//6088
f 5369//6089 5490//6089 5491//6089
f 5369//6090 5491//6090 5371//6090
f 5371//6091 5491//6091 5492//6091
f 5371//6092 5492//6092 5291//6092
f 5291//6092 5492//6092 5290//6092
f 5291//6093 5290//6093 840//6093
f 840//6094 5290//6094 838//6094
f 834//6095 836//6095 5493//6095
f 5493//6096 836//6096 5290//6096
f 5493//6097 5290//6097 5494//6097
f 5494//6098 5290//6098 5492//6098
f 5494//6099 5492//6099 5495//6099
f 5495//6100 5492//6100 5491//6100
f 5495//6101 5491//6101 5496//6101
f 5496//6101 5491//6101 5490//6101
f 5496//6102 5490//6102 5497//6102
f 5497//6102 5490//6102 5489//6102
f 5497//6103 5489//6103 5328//6103
f 5328//6103 5489//6103 5488//6103
f 5328//6104 5488//6104 623//6104
f 623//6105 5488//6105 625//6105
f 619//6106 617//6106 5328//6106
f 5328//6107 617//6107 5498//6107
f 5328//6108 5498//6108 5497//6108
f 5497//6108 5498//6108 5499//6108
f 5497//6109 5499//6109 5496//6109
f 5496//6110 5499//6110 5500//6110
f 5496//6111 5500//6111 5495//6111
f 5495//6112 5500//6112 5501//6112
f 5495//6113 5501//6113 5494//6113
f 5494//6113 5501//6113 5502//6113
f 5494//6114 5502//6114 5493//6114
f 5493//6114 5502//6114 5289//6114
f 5493//6115 5289//6115 834//6115
f 834//6116 5289//6116 832//6116
f 617//6117 615//6117 5498//6117
f 5498//6118 615//6118 5327//6118
f 5498//6119 5327//6119 5499//6119
f 5499//6119 5327//6119 5503//6119
f 5499//6120 5503//6120 5500//6120
f 5500//6121 5503//6121 5504//6121
f 5500//6122 5504//6122 5501//6122
f 5501//6123 5504//6123 5505//6123
f 5501//6124 5505//6124 5502//6124
f 5502//6125 5505//6125 5506//6125
f 5502//6126 5506//6126 5289//6126
f 5289//6126 5506//6126 5288//6126
f 5289//6127 5288//6127 830//6127
f 830//6128 5288//6128 828//6128
f 824//6129 826//6129 5507//6129
f 5507//6130 826//6130 5288//6130
f 5507//6131 5288//6131 5508//6131
f 5508//6132 5288//6132 5506//6132
f 5508//6133 5506//6133 5509//6133
f 5509//6133 5506//6133 5505//6133
f 5509//6134 5505//6134 5510//6134
f 5510//6134 5505//6134 5504//6134
f 5510//6135 5504//6135 5511//6135
f 5511//6135 5504//6135 5503//6135
f 5511//6136 5503//6136 5326//6136
f 5326//6136 5503//6136 5327//6136
f 5326//6137 5327//6137 611//6137
f 611//6138 5327//6138 613//6138
f 609//6139 607//6139 5326//6139
f 5326//6140 607//6140 5373//6140
f 5326//6141 5373//6141 5511//6141
f 5511//6141 5373//6141 5374//6141
f 5511//6142 5374//6142 5510//6142
f 5510//6142 5374//6142 5376//6142
f 5510//6143 5376//6143 5509//6143
f 5509//6144 5376//6144 5378//6144
f 5509//6145 5378//6145 5508//6145
f 5508//6145 5378//6145 5380//6145
f 5508//6146 5380//6146 5507//6146
f 5507//6146 5380//6146 5382//6146
f 5507//6147 5382//6147 824//6147
f 824//6148 5382//6148 822//6148
f 5287//6149 818//6149 5382//6149
f 5382//6150 818//6150 820//6150
f 5382//6151 820//6151 822//6151
f 814//6152 816//6152 5512//6152
f 5512//6153 816//6153 5287//6153
f 5512//6154 5287//6154 5513//6154
f 5513//6154 5287//6154 5381//6154
f 5513//6155 5381//6155 5514//6155
f 5514//6155 5381//6155 5379//6155
f 5514//6156 5379//6156 5515//6156
f 5515//6156 5379//6156 5377//6156
f 5515//6157 5377//6157 5516//6157
f 5516//6157 5377//6157 5375//6157
f 5516//6158 5375//6158 5324//6158
f 5324//6158 5375//6158 5325//6158
f 5324//6159 5325//6159 601//6159
f 601//6160 5325//6160 603//6160
f 599//6161 597//6161 5324//6161
f 5324//6161 597//6161 5517//6161
f 5324//6162 5517//6162 5516//6162
f 5516//6162 5517//6162 5518//6162
f 5516//6163 5518//6163 5515//6163
f 5515//6164 5518//6164 5519//6164
f 5515//6165 5519//6165 5514//6165
f 5514//6165 5519//6165 5520//6165
f 5514//6166 5520//6166 5513//6166
f 5513//6166 5520//6166 5521//6166
f 5513//6167 5521//6167 5512//6167
f 5512//6167 5521//6167 5522//6167
f 5512//6168 5522//6168 814//6168
f 814//6168 5522//6168 812//6168
f 597//6169 595//6169 5517//6169
f 5517//6169 595//6169 5523//6169
f 5517//6170 5523//6170 5518//6170
f 5518//6170 5523//6170 5524//6170
f 5518//6171 5524//6171 5519//6171
f 5519//6171 5524//6171 5525//6171
f 5519//6172 5525//6172 5520//6172
f 5520//6172 5525//6172 5526//6172
f 5520//6173 5526//6173 5521//6173
f 5521//6173 5526//6173 5527//6173
f 5521//6174 5527//6174 5522//6174
f 5522//6174 5527//6174 5286//6174
f 5522//6175 5286//6175 812//6175
f 812//6175 5286//6175 810//6175
f 595//6176 809//6176 5523//6176
f 5523//6177 809//6177 5323//6177
f 5523//6178 5323//6178 5524//6178
f 5524//6178 5323//6178 5528//6178
f 5524//6179 5528//6179 5525//6179
f 5525//6179 5528//6179 5529//6179
f 5525//6180 5529//6180 5526//6180
f 5526//6180 5529//6180 5530//6180
f 5526//6181 5530//6181 5527//6181
f 5527//6181 5530//6181 5531//6181
f 5527//6182 5531//6182 5286//6182
f 5286//6182 5531//6182 5285//6182
f 5286//6183 5285//6183 1024//6183
f 1024//6184 5285//6184 1022//6184
f 1018//6185 1020//6185 5532//6185
f 5532//6186 1020//6186 5285//6186
f 5532//6187 5285//6187 5533//6187
f 5533//6187 5285//6187 5531//6187
f 5533//6188 5531//6188 5534//6188
f 5534//6188 5531//6188 5530//6188
f 5534//6189 5530//6189 5535//6189
f 5535//6189 5530//6189 5529//6189
f 5535//6190 5529//6190 5536//6190
f 5536//6191 5529//6191 5528//6191
f 5536//6192 5528//6192 5322//6192
f 5322//6193 5528//6193 5323//6193
f 5322//6194 5323//6194 805//6194
f 805//6195 5323//6195 807//6195
f 803//6196 801//6196 5322//6196
f 5322//6196 801//6196 5537//6196
f 5322//6197 5537//6197 5536//6197
f 5536//6197 5537//6197 5538//6197
f 5536//6198 5538//6198 5535//6198
f 5535//6198 5538//6198 5539//6198
f 5535//6199 5539//6199 5534//6199
f 5534//6200 5539//6200 5540//6200
f 5534//6201 5540//6201 5533//6201
f 5533//6201 5540//6201 5541//6201
f 5533//6202 5541//6202 5532//6202
f 5532//6203 5541//6203 5284//6203
f 5532//6204 5284//6204 1018//6204
f 1018//6205 5284//6205 1016//6205
f 801//6206 799//6206 5537//6206
f 5537//6207 799//6207 5321//6207
f 5537//6208 5321//6208 5538//6208
f 5538//6209 5321//6209 5542//6209
f 5538//6210 5542//6210 5539//6210
f 5539//6210 5542//6210 5543//6210
f 5539//6211 5543//6211 5540//6211
f 5540//6212 5543//6212 5544//6212
f 5540//6213 5544//6213 5541//6213
f 5541//6214 5544//6214 5545//6214
f 5541//6215 5545//6215 5284//6215
f 5284//6215 5545//6215 5283//6215
f 5284//6216 5283//6216 1014//6216
f 1014//6217 5283//6217 1012//6217
f 1008//6218 1010//6218 5546//6218
f 5546//6219 1010//6219 5283//6219
f 5546//6220 5283//6220 5547//6220
f 5547//6220 5283//6220 5545//6220
f 5547//6221 5545//6221 5548//6221
f 5548//6221 5545//6221 5544//6221
f 5548//6222 5544//6222 5549//6222
f 5549//6223 5544//6223 5543//6223
f 5549//6224 5543//6224 5550//6224
f 5550//6225 5543//6225 5542//6225
f 5550//6226 5542//6226 5320//6226
f 5320//6226 5542//6226 5321//6226
f 5320//6227 5321//6227 795//6227
f 795//6228 5321//6228 797//6228
f 793//6229 791//6229 5320//6229
f 5320//6229 791//6229 5383//6229
f 5320//6230 5383//6230 5550//6230
f 5550//6230 5383//6230 5384//6230
f 5550//6231 5384//6231 5549//6231
f 5549//6231 5384//6231 5386//6231
f 5549//6232 5386//6232 5548//6232
f 5548//6233 5386//6233 5388//6233
f 5548//6234 5388//6234 5547//6234
f 5547//6234 5388//6234 5390//6234
f 5547//6235 5390//6235 5546//6235
f 5546//6235 5390//6235 5392//6235
f 5546//6236 5392//6236 1008//6236
f 1008//6237 5392//6237 1006//6237
f 5282//6238 1002//6238 5392//6238
f 5392//6239 1002//6239 1004//6239
f 5392//6240 1004//6240 1006//6240
f 998//6241 1000//6241 5281//6241
f 5281//6242 1000//6242 5282//6242
f 5281//6243 5282//6243 5551//6243
f 5551//6243 5282//6243 5391//6243
f 5551//6244 5391//6244 5552//6244
f 5552//6245 5391//6245 5389//6245
f 5552//6246 5389//6246 5553//6246
f 5553//6247 5389//6247 5387//6247
f 5553//6248 5387//6248 5554//6248
f 5554//6249 5387//6249 5385//6249
f 5554//6250 5385//6250 5555//6250
f 5555//6251 5385//6251 5319//6251
f 5555//6252 5319//6252 785//6252
f 785//6253 5319//6253 787//6253
f 994//6254 996//6254 5556//6254
f 5556//6255 996//6255 5281//6255
f 5556//6256 5281//6256 5557//6256
f 5557//6256 5281//6256 5551//6256
f 5557//6257 5551//6257 5558//6257
f 5558//6257 5551//6257 5552//6257
f 5558//6258 5552//6258 5559//6258
f 5559//6259 5552//6259 5553//6259
f 5559//6260 5553//6260 5560//6260
f 5560//6261 5553//6261 5554//6261
f 5560//6262 5554//6262 5318//6262
f 5318//6263 5554//6263 5555//6263
f 5318//6264 5555//6264 783//6264
f 783//6265 5555//6265 785//6265
f 779//6266 777//6266 5318//6266
f 5318//6266 777//6266 5561//6266
f 5318//6267 5561//6267 5560//6267
f 5560//6268 5561//6268 5562//6268
f 5560//6269 5562//6269 5559//6269
f 5559//6269 5562//6269 5563//6269
f 5559//6270 5563//6270 5558//6270
f 5558//6271 5563//6271 5564//6271
f 5558//6272 5564//6272 5557//6272
f 5557//6273 5564//6273 5565//6273
f 5557//6274 5565//6274 5556//6274
f 5556//6275 5565//6275 5280//6275
f 5556//6276 5280//6276 994//6276
f 994//6277 5280//6277 992//6277
f 777//6278 775//6278 5561//6278
f 5561//6279 775//6279 5317//6279
f 5561//6280 5317//6280 5562//6280
f 5562//6281 5317//6281 5566//6281
f 5562//6282 5566//6282 5563//6282
f 5563//6282 5566//6282 5567//6282
f 5563//6283 5567//6283 5564//6283
f 5564//6284 5567//6284 5568//6284
f 5564//6285 5568//6285 5565//6285
f 5565//6286 5568//6286 5569//6286
f 5565//6287 5569//6287 5280//6287
f 5280//6288 5569//6288 5279//6288
f 5280//6289 5279//6289 990//6289
f 990//6290 5279//6290 988//6290
f 984//6291 986//6291 5570//6291
f 5570//6292 986//6292 5279//6292
f 5570//6293 5279//6293 5571//6293
f 5571//6294 5279//6294 5569//6294
f 5571//6295 5569//6295 5572//6295
f 5572//6296 5569//6296 5568//6296
f 5572//6297 5568//6297 5573//6297
f 5573//6298 5568//6298 5567//6298
f 5573//6299 5567//6299 5574//6299
f 5574//6300 5567//6300 5566//6300
f 5574//6301 5566//6301 5316//6301
f 5316//6302 5566//6302 5317//6302
f 5316//6303 5317//6303 771//6303
f 771//6304 5317//6304 773//6304
f 769//6305 767//6305 5316//6305
f 5316//6305 767//6305 5575//6305
f 5316//6306 5575//6306 5574//6306
f 5574//6306 5575//6306 5576//6306
f 5574//6307 5576//6307 5573//6307
f 5573//6308 5576//6308 5577//6308
f 5573//6309 5577//6309 5572//6309
f 5572//6310 5577//6310 5578//6310
f 5572//6311 5578//6311 5571//6311
f 5571//6312 5578//6312 5579//6312
f 5571//6313 5579//6313 5570//6313
f 5570//6313 5579//6313 5278//6313
f 5570//6314 5278//6314 984//6314
f 984//6314 5278//6314 982//6314
f 767//6315 765//6315 5575//6315
f 5575//6316 765//6316 5315//6316
f 5575//6317 5315//6317 5576//6317
f 5576//6317 5315//6317 5580//6317
f 5576//6318 5580//6318 5577//6318
f 5577//6319 5580//6319 5581//6319
f 5577//6320 5581//6320 5578//6320
f 5578//6321 5581//6321 5582//6321
f 5578//6322 5582//6322 5579//6322
f 5579//6323 5582//6323 5583//6323
f 5579//6324 5583//6324 5278//6324
f 5278//6324 5583//6324 5277//6324
f 5278//6325 5277//6325 980//6325
f 980//6326 5277//6326 978//6326
f 974//6327 976//6327 5584//6327
f 5584//6328 976//6328 5277//6328
f 5584//6329 5277//6329 5585//6329
f 5585//6329 5277//6329 5583//6329
f 5585//6330 5583//6330 5586//6330
f 5586//6330 5583//6330 5582//6330
f 5586//6331 5582//6331 5587//6331
f 5587//6332 5582//6332 5581//6332
f 5587//6333 5581//6333 5588//6333
f 5588//6334 5581//6334 5580//6334
f 5588//6335 5580//6335 5314//6335
f 5314//6336 5580//6336 5315//6336
f 5314//6337 5315//6337 761//6337
f 761//6338 5315//6338 763//6338
f 759//6339 757//6339 5314//6339
f 5314//6339 757//6339 5393//6339
f 5314//6340 5393//6340 5588//6340
f 5588//6341 5393//6341 5394//6341
f 5588//6342 5394//6342 5587//6342
f 5587//6343 5394//6343 5396//6343
f 5587//6344 5396//6344 5586//6344
f 5586//6345 5396//6345 5398//6345
f 5586//6346 5398//6346 5585//6346
f 5585//6346 5398//6346 5400//6346
f 5585//6347 5400//6347 5584//6347
f 5584//6347 5400//6347 5402//6347
f 5584//6348 5402//6348 974//6348
f 974//6348 5402//6348 972//6348
f 5276//6349 968//6349 5402//6349
f 5402//6350 968//6350 970//6350
f 5402//6351 970//6351 972//6351
f 753//6352 751//6352 5313//6352
f 5313//6353 751//6353 5589//6353
f 5313//6354 5589//6354 5395//6354
f 5395//6354 5589//6354 5590//6354
f 5395//6355 5590//6355 5397//6355
f 5397//6356 5590//6356 5591//6356
f 5397//6357 5591//6357 5399//6357
f 5399//6358 5591//6358 5592//6358
f 5399//6359 5592//6359 5401//6359
f 5401//6360 5592//6360 5593//6360
f 5401//6361 5593//6361 5276//6361
f 5276//6361 5593//6361 5275//6361
f 5276//6362 5275//6362 966//6362
f 966//6363 5275//6363 964//6363
f 960//6364 962//6364 5594//6364
f 5594//6365 962//6365 5275//6365
f 5594//6366 5275//6366 5595//6366
f 5595//6367 5275//6367 5593//6367
f 5595//6368 5593//6368 5596//6368
f 5596//6369 5593//6369 5592//6369
f 5596//6370 5592//6370 5597//6370
f 5597//6370 5592//6370 5591//6370
f 5597//6371 5591//6371 5598//6371
f 5598//6372 5591//6372 5590//6372
f 5598//6373 5590//6373 5312//6373
f 5312//6373 5590//6373 5589//6373
f 5312//6374 5589//6374 749//6374
f 749//6375 5589//6375 751//6375
f 745//6376 743//6376 5312//6376
f 5312//6377 743//6377 5599//6377
f 5312//6378 5599//6378 5598//6378
f 5598//6379 5599//6379 5600//6379
f 5598//6380 5600//6380 5597//6380
f 5597//6380 5600//6380 5601//6380
f 5597//6381 5601//6381 5596//6381
f 5596//6382 5601//6382 5602//6382
f 5596//6383 5602//6383 5595//6383
f 5595//6383 5602//6383 5603//6383
f 5595//6384 5603//6384 5594//6384
f 5594//6385 5603//6385 5274//6385
f 5594//6386 5274//6386 960//6386
f 960//6387 5274//6387 958//6387
f 743//6388 741//6388 5599//6388
f 5599//6389 741//6389 5311//6389
f 5599//6390 5311//6390 5600//6390
f 5600//6391 5311//6391 5604//6391
f 5600//6392 5604//6392 5601//6392
f 5601//6392 5604//6392 5605//6392
f 5601//6393 5605//6393 5602//6393
f 5602//6394 5605//6394 5606//6394
f 5602//6395 5606//6395 5603//6395
f 5603//6396 5606//6396 5607//6396
f 5603//6397 5607//6397 5274//6397
f 5274//6398 5607//6398 5273//6398
f 5274//6399 5273//6399 956//6399
f 956//6400 5273//6400 954//6400
f 950//6401 952//6401 5608//6401
f 5608//6402 952//6402 5273//6402
f 5608//6403 5273//6403 5609//6403
f 5609//6403 5273//6403 5607//6403
f 5609//6404 5607//6404 5610//6404
f 5610//6404 5607//6404 5606//6404
f 5610//6405 5606//6405 5611//6405
f 5611//6406 5606//6406 5605//6406
f 5611//6407 5605//6407 5612//6407
f 5612//6407 5605//6407 5604//6407
f 5612//6408 5604//6408 5310//6408
f 5310//6409 5604//6409 5311//6409
f 5310//6410 5311//6410 737//6410
f 737//6411 5311//6411 739//6411
f 735//6412 733//6412 5310//6412
f 5310//6412 733//6412 5613//6412
f 5310//6413 5613//6413 5612//6413
f 5612//6413 5613//6413 5614//6413
f 5612//6414 5614//6414 5611//6414
f 5611//6415 5614//6415 5615//6415
f 5611//6416 5615//6416 5610//6416
f 5610//6417 5615//6417 5616//6417
f 5610//6418 5616//6418 5609//6418
f 5609//6419 5616//6419 5617//6419
f 5609//6420 5617//6420 5608//6420
f 5608//6421 5617//6421 5272//6421
f 5608//6422 5272//6422 950//6422
f 950//6423 5272//6423 948//6423
f 733//6424 731//6424 5613//6424
f 5613//6425 731//6425 5309//6425
f 5613//6426 5309//6426 5614//6426
f 5614//6427 5309//6427 5618//6427
f 5614//6428 5618//6428 5615//6428
f 5615//6429 5618//6429 5619//6429
f 5615//6430 5619//6430 5616//6430
f 5616//6431 5619//6431 5620//6431
f 5616//6432 5620//6432 5617//6432
f 5617//6433 5620//6433 5621//6433
f 5617//6434 5621//6434 5272//6434
f 5272//6434 5621//6434 5271//6434
f 5272//6435 5271//6435 946//6435
f 946//6436 5271//6436 944//6436
f 940//6437 942//6437 5622//6437
f 5622//6438 942//6438 5271//6438
f 5622//6439 5271//6439 5623//6439
f 5623//6439 5271//6439 5621//6439
f 5623//6440 5621//6440 5624//6440
f 5624//6441 5621//6441 5620//6441
f 5624//6442 5620//6442 5625//6442
f 5625//6443 5620//6443 5619//6443
f 5625//6444 5619//6444 5626//6444
f 5626//6445 5619//6445 5618//6445
f 5626//6446 5618//6446 5308//6446
f 5308//6447 5618//6447 5309//6447
f 5308//6448 5309//6448 727//6448
f 727//6449 5309//6449 729//6449
f 725//6450 723//6450 5308//6450
f 5308//6451 723//6451 5627//6451
f 5308//6452 5627//6452 5626//6452
f 5626//6453 5627//6453 5628//6453
f 5626//6454 5628//6454 5625//6454
f 5625//6454 5628//6454 5629//6454
f 5625//6455 5629//6455 5624//6455
f 5624//6456 5629//6456 5630//6456
f 5624//6457 5630//6457 5623//6457
f 5623//6458 5630//6458 5631//6458
f 5623//6459 5631//6459 5622//6459
f 5622//6459 5631//6459 5270//6459
f 5622//6460 5270//6460 940//6460
f 940//6461 5270//6461 938//6461
f 934//6462 936//6462 5269//6462
f 5269//6463 936//6463 5270//6463
f 5269//6464 5270//6464 5632//6464
f 5632//6465 5270//6465 5631//6465
f 5632//6466 5631//6466 5633//6466
f 5633//6467 5631//6467 5630//6467
f 5633//6468 5630//6468 5634//6468
f 5634//6469 5630//6469 5629//6469
f 5634//6470 5629//6470 5635//6470
f 5635//6470 5629//6470 5628//6470
f 5635//6471 5628//6471 5307//6471
f 5307//6472 5628//6472 5627//6472
f 5307//6473 5627//6473 721//6473
f 721//6474 5627//6474 723//6474
f 719//6475 717//6475 5307//6475
f 5307//6476 717//6476 5636//6476
f 5307//6477 5636//6477 5635//6477
f 5635//6478 5636//6478 5637//6478
f 5635//6479 5637//6479 5634//6479
f 5634//6479 5637//6479 5638//6479
f 5634//6480 5638//6480 5633//6480
f 5633//6481 5638//6481 5639//6481
f 5633//6482 5639//6482 5632//6482
f 5632//6483 5639//6483 5640//6483
f 5632//6484 5640//6484 5269//6484
f 5269//6485 5640//6485 5268//6485
f 5269//6486 5268//6486 932//6486
f 932//6487 5268//6487 930//6487
f 926//6488 928//6488 5641//6488
f 5641//6489 928//6489 5268//6489
f 5641//6490 5268//6490 5642//6490
f 5642//6491 5268//6491 5640//6491
f 5642//6492 5640//6492 5643//6492
f 5643//6493 5640//6493 5639//6493
f 5643//6494 5639//6494 5644//6494
f 5644//6495 5639//6495 5638//6495
f 5644//6496 5638//6496 5645//6496
f 5645//6497 5638//6497 5637//6497
f 5645//6498 5637//6498 5306//6498
f 5306//6499 5637//6499 5636//6499
f 5306//6500 5636//6500 715//6500
f 715//6501 5636//6501 717//6501
f 711//6502 709//6502 5306//6502
f 5306//6502 709//6502 5646//6502
f 5306//6503 5646//6503 5645//6503
f 5645//6503 5646//6503 5647//6503
f 5645//6504 5647//6504 5644//6504
f 5644//6505 5647//6505 5648//6505
f 5644//6506 5648//6506 5643//6506
f 5643//6507 5648//6507 5649//6507
f 5643//6508 5649//6508 5642//6508
f 5642//6509 5649//6509 5650//6509
f 5642//6510 5650//6510 5641//6510
f 5641//6511 5650//6511 5267//6511
f 5641//6512 5267//6512 926//6512
f 926//6513 5267//6513 924//6513
f 709//6514 707//6514 5646//6514
f 5646//6515 707//6515 5305//6515
f 5646//6516 5305//6516 5647//6516
f 5647//6516 5305//6516 5411//6516
f 5647//6517 5411//6517 5648//6517
f 5648//6518 5411//6518 5409//6518
f 5648//6519 5409//6519 5649//6519
f 5649//6520 5409//6520 5407//6520
f 5649//6521 5407//6521 5650//6521
f 5650//6521 5407//6521 5405//6521
f 5650//6522 5405//6522 5267//6522
f 5267//6523 5405//6523 5304//6523
f 5267//6524 5304//6524 922//6524
f 922//6525 5304//6525 920//6525
f 1025//6526 1023//6526 5651//6526
f 1015//6527 1013//6527 5652//6527
f 1011//6528 1009//6528 5653//6528
f 1005//6529 1003//6529 5654//6529
f 1001//6530 999//6530 5655//6530
f 991//6531 989//6531 5656//6531
f 987//6532 985//6532 5657//6532
f 981//6533 979//6533 5658//6533
f 977//6534 975//6534 5659//6534
f 971//6535 969//6535 5660//6535
f 967//6536 965//6536 5661//6536
f 957//6537 955//6537 5662//6537
f 953//6538 951//6538 5663//6538
f 947//6539 945//6539 5664//6539
f 943//6540 941//6540 5665//6540
f 937//6541 935//6541 5666//6541
f 933//6542 931//6542 5667//6542
f 923//6543 921//6543 5668//6543
f 919//6544 917//6544 5669//6544
f 913//6545 911//6545 5670//6545
f 909//6546 907//6546 5671//6546
f 905//6547 903//6547 5672//6547
f 899//6548 897//6548 5673//6548
f 895//6549 893//6549 5674//6549
f 889//6550 887//6550 5675//6550
f 885//6551 883//6551 5676//6551
f 879//6552 877//6552 5677//6552
f 875//6553 873//6553 5678//6553
f 865//6554 863//6554 5679//6554
f 861//6555 859//6555 5680//6555
f 855//6556 853//6556 5681//6556
f 851//6557 849//6557 5682//6557
f 845//6558 843//6558 5683//6558
f 841//6559 839//6559 5684//6559
f 831//6560 829//6560 5685//6560
f 827//6561 825//6561 5686//6561
f 821//6562 819//6562 5687//6562
f 817//6563 815//6563 5688//6563
f 1122//6564 1120//6564 5689//6564
f 1126//6565 1124//6565 5690//6565
f 1132//6566 1130//6566 5691//6566
f 1136//6567 1134//6567 5692//6567
f 1142//6568 1140//6568 5693//6568
f 1150//6569 1148//6569 5694//6569
f 1156//6570 1154//6570 5695//6570
f 1160//6571 1158//6571 5696//6571
f 1166//6572 1164//6572 5697//6572
f 1170//6573 1168//6573 5698//6573
f 1176//6574 1174//6574 5699//6574
f 1184//6575 1182//6575 5700//6575
f 1190//6576 1188//6576 5701//6576
f 1194//6577 1192//6577 5702//6577
f 1200//6578 1198//6578 5703//6578
f 1204//6579 1202//6579 5704//6579
f 1210//6580 1208//6580 5705//6580
f 1218//6581 1216//6581 5706//6581
f 1224//6582 1222//6582 5707//6582
f 1228//6583 1226//6583 5708//6583
f 1234//6584 1232//6584 5709//6584
f 1241//6585 1240//6585 5710//6585
f 1116//6586 1101//6586 5711//6586
f 1112//6587 1114//6587 5712//6587
f 1106//6588 1108//6588 5713//6588
f 1102//6589 1104//6589 5714//6589
f 1093//6590 1095//6590 5715//6590
f 1080//6591 1086//6591 5716//6591
f 1083//6592 1076//6592 5717//6592
f 1075//6593 1081//6593 5718//6593
f 1069//6594 1071//6594 5719//6594
f 1027//6595 1026//6595 5720//6595
f 1063//6596 1065//6596 5721//6596
f 1054//6597 1055//6597 5722//6597
f 1048//6598 1050//6598 5723//6598
f 1037//6599 1036//6599 5724//6599
f 1043//6600 1041//6600 5725//6600
f 1030//6601 1029//6601 5726//6601
f 1063//6602 5721//6602 1059//6602
f 1093//6603 5715//6603 1090//6603
f 1234//6604 5709//6604 1236//6604
f 1210//6605 5705//6605 1212//6605
f 1176//6606 5699//6606 1178//6606
f 1142//6607 5693//6607 1144//6607
f 1052//6608 1054//6608 5727//6608
f 5727//6609 1054//6609 5722//6609
f 5727//6610 5722//6610 5728//6610
f 5728//6611 5722//6611 5729//6611
f 5728//6612 5729//6612 5730//6612
f 5730//6612 5729//6612 5731//6612
f 5730//6613 5731//6613 5732//6613
f 5732//6614 5731//6614 5733//6614
f 5732//6615 5733//6615 5734//6615
f 5734//6616 5733//6616 5735//6616
f 5734//6617 5735//6617 5736//6617
f 5736//6617 5735//6617 5684//6617
f 1078//6618 1080//6618 5737//6618
f 5737//6619 1080//6619 5716//6619
f 5737//6620 5716//6620 5738//6620
f 5738//6621 5716//6621 5739//6621
f 5738//6622 5739//6622 5740//6622
f 5740//6623 5739//6623 5741//6623
f 5740//6624 5741//6624 5742//6624
f 5742//6624 5741//6624 5743//6624
f 5742//6625 5743//6625 5744//6625
f 5744//6626 5743//6626 5745//6626
f 5744//6627 5745//6627 5746//6627
f 5746//6628 5745//6628 5678//6628
f 1220//6629 1218//6629 5747//6629
f 5747//6630 1218//6630 5706//6630
f 5747//6631 5706//6631 5748//6631
f 5748//6632 5706//6632 5749//6632
f 5748//6633 5749//6633 5750//6633
f 5750//6634 5749//6634 5751//6634
f 5750//6635 5751//6635 5752//6635
f 5752//6636 5751//6636 5753//6636
f 5752//6637 5753//6637 5754//6637
f 5754//6638 5753//6638 5755//6638
f 5754//6639 5755//6639 5756//6639
f 5756//6640 5755//6640 5667//6640
f 1186//6641 1184//6641 5757//6641
f 5757//6642 1184//6642 5700//6642
f 5757//6643 5700//6643 5758//6643
f 5758//6644 5700//6644 5759//6644
f 5758//6645 5759//6645 5760//6645
f 5760//6645 5759//6645 5761//6645
f 5760//6646 5761//6646 5762//6646
f 5762//6646 5761//6646 5763//6646
f 5762//6647 5763//6647 5764//6647
f 5764//6648 5763//6648 5765//6648
f 5764//6649 5765//6649 5766//6649
f 5766//6649 5765//6649 5661//6649
f 1152//6650 1150//6650 5767//6650
f 5767//6651 1150//6651 5694//6651
f 5767//6652 5694//6652 5768//6652
f 5768//6653 5694//6653 5769//6653
f 5768//6654 5769//6654 5770//6654
f 5770//6655 5769//6655 5771//6655
f 5770//6656 5771//6656 5772//6656
f 5772//6656 5771//6656 5773//6656
f 5772//6657 5773//6657 5774//6657
f 5774//6657 5773//6657 5775//6657
f 5774//6658 5775//6658 5776//6658
f 5776//6658 5775//6658 5655//6658
f 1128//6659 1126//6659 5777//6659
f 5777//6660 1126//6660 5690//6660
f 5777//6661 5690//6661 5778//6661
f 5778//6661 5690//6661 5779//6661
f 5778//6662 5779//6662 5780//6662
f 5780//6662 5779//6662 5781//6662
f 5780//6663 5781//6663 5782//6663
f 5782//6663 5781//6663 5783//6663
f 5782//6664 5783//6664 5784//6664
f 5784//6664 5783//6664 5785//6664
f 5784//6665 5785//6665 5786//6665
f 5786//6665 5785//6665 5651//6665
f 1034//6666 1032//6666 5787//6666
f 5787//6666 1032//6666 5788//6666
f 5787//6667 5788//6667 5789//6667
f 5789//6667 5788//6667 5790//6667
f 5789//6668 5790//6668 5791//6668
f 5791//6668 5790//6668 5792//6668
f 5791//6669 5792//6669 5793//6669
f 5793//6669 5792//6669 5794//6669
f 5793//6670 5794//6670 5795//6670
f 5795//6670 5794//6670 5796//6670
f 5795//6671 5796//6671 5797//6671
f 5797//6671 5796//6671 5688//6671
f 5797//6672 5688//6672 813//6672
f 813//6672 5688//6672 815//6672
f 1032//6673 1030//6673 5788//6673
f 5788//6674 1030//6674 5726//6674
f 5788//6675 5726//6675 5790//6675
f 5790//6675 5726//6675 5798//6675
f 5790//6676 5798//6676 5792//6676
f 5792//6676 5798//6676 5799//6676
f 5792//6677 5799//6677 5794//6677
f 5794//6677 5799//6677 5800//6677
f 5794//6678 5800//6678 5796//6678
f 5796//6678 5800//6678 5801//6678
f 5796//6679 5801//6679 5688//6679
f 5688//6679 5801//6679 5687//6679
f 5688//6680 5687//6680 817//6680
f 817//6681 5687//6681 819//6681
f 823//6682 821//6682 5802//6682
f 5802//6683 821//6683 5687//6683
f 5802//6684 5687//6684 5803//6684
f 5803//6684 5687//6684 5801//6684
f 5803//6685 5801//6685 5804//6685
f 5804//6685 5801//6685 5800//6685
f 5804//6686 5800//6686 5805//6686
f 5805//6686 5800//6686 5799//6686
f 5805//6687 5799//6687 5806//6687
f 5806//6687 5799//6687 5798//6687
f 5806//6688 5798//6688 5725//6688
f 5725//6688 5798//6688 5726//6688
f 5725//6689 5726//6689 1043//6689
f 1043//6690 5726//6690 1029//6690
f 1041//6691 1039//6691 5725//6691
f 5725//6692 1039//6692 5807//6692
f 5725//6693 5807//6693 5806//6693
f 5806//6693 5807//6693 5808//6693
f 5806//6694 5808//6694 5805//6694
f 5805//6694 5808//6694 5809//6694
f 5805//6695 5809//6695 5804//6695
f 5804//6695 5809//6695 5810//6695
f 5804//6696 5810//6696 5803//6696
f 5803//6696 5810//6696 5811//6696
f 5803//6697 5811//6697 5802//6697
f 5802//6697 5811//6697 5686//6697
f 5802//6698 5686//6698 823//6698
f 823//6698 5686//6698 825//6698
f 1039//6699 1037//6699 5807//6699
f 5807//6700 1037//6700 5724//6700
f 5807//6701 5724//6701 5808//6701
f 5808//6702 5724//6702 5812//6702
f 5808//6703 5812//6703 5809//6703
f 5809//6704 5812//6704 5813//6704
f 5809//6705 5813//6705 5810//6705
f 5810//6705 5813//6705 5814//6705
f 5810//6706 5814//6706 5811//6706
f 5811//6706 5814//6706 5815//6706
f 5811//6707 5815//6707 5686//6707
f 5686//6708 5815//6708 5685//6708
f 5686//1827 5685//1827 827//1827
f 827//6709 5685//6709 829//6709
f 833//6710 831//6710 5816//6710
f 5816//6711 831//6711 5685//6711
f 5816//6712 5685//6712 5817//6712
f 5817//6713 5685//6713 5815//6713
f 5817//6714 5815//6714 5818//6714
f 5818//6715 5815//6715 5814//6715
f 5818//6716 5814//6716 5819//6716
f 5819//6717 5814//6717 5813//6717
f 5819//6718 5813//6718 5820//6718
f 5820//6719 5813//6719 5812//6719
f 5820//6720 5812//6720 5723//6720
f 5723//6720 5812//6720 5724//6720
f 5723//6721 5724//6721 1048//6721
f 1048//6722 5724//6722 1036//6722
f 1050//6723 1052//6723 5723//6723
f 5723//6724 1052//6724 5727//6724
f 5723//6725 5727//6725 5820//6725
f 5820//6725 5727//6725 5728//6725
f 5820//6726 5728//6726 5819//6726
f 5819//6726 5728//6726 5730//6726
f 5819//6727 5730//6727 5818//6727
f 5818//6728 5730//6728 5732//6728
f 5818//6729 5732//6729 5817//6729
f 5817//6729 5732//6729 5734//6729
f 5817//6730 5734//6730 5816//6730
f 5816//6730 5734//6730 5736//6730
f 5816//6731 5736//6731 833//6731
f 833//6732 5736//6732 835//6732
f 5684//6733 839//6733 5736//6733
f 5736//6734 839//6734 837//6734
f 5736//6735 837//6735 835//6735
f 843//6736 841//6736 5683//6736
f 5683//6737 841//6737 5684//6737
f 5683//6738 5684//6738 5821//6738
f 5821//6739 5684//6739 5735//6739
f 5821//6740 5735//6740 5822//6740
f 5822//6741 5735//6741 5733//6741
f 5822//6742 5733//6742 5823//6742
f 5823//6743 5733//6743 5731//6743
f 5823//6744 5731//6744 5824//6744
f 5824//6744 5731//6744 5729//6744
f 5824//6745 5729//6745 5825//6745
f 5825//6746 5729//6746 5722//6746
f 5825//6747 5722//6747 1057//6747
f 1057//6748 5722//6748 1055//6748
f 847//6749 845//6749 5826//6749
f 5826//6750 845//6750 5683//6750
f 5826//6751 5683//6751 5827//6751
f 5827//6751 5683//6751 5821//6751
f 5827//6752 5821//6752 5828//6752
f 5828//6752 5821//6752 5822//6752
f 5828//6753 5822//6753 5829//6753
f 5829//6753 5822//6753 5823//6753
f 5829//6754 5823//6754 5830//6754
f 5830//6754 5823//6754 5824//6754
f 5830//6755 5824//6755 5721//6755
f 5721//6755 5824//6755 5825//6755
f 5721//6756 5825//6756 1059//6756
f 1059//6757 5825//6757 1057//6757
f 1065//6758 1066//6758 5721//6758
f 5721//6759 1066//6759 5831//6759
f 5721//6760 5831//6760 5830//6760
f 5830//6761 5831//6761 5832//6761
f 5830//6762 5832//6762 5829//6762
f 5829//6763 5832//6763 5833//6763
f 5829//6764 5833//6764 5828//6764
f 5828//6765 5833//6765 5834//6765
f 5828//6766 5834//6766 5827//6766
f 5827//6767 5834//6767 5835//6767
f 5827//6768 5835//6768 5826//6768
f 5826//6769 5835//6769 5682//6769
f 5826//6770 5682//6770 847//6770
f 847//6770 5682//6770 849//6770
f 1066//6771 1027//6771 5831//6771
f 5831//6772 1027//6772 5720//6772
f 5831//6773 5720//6773 5832//6773
f 5832//6774 5720//6774 5836//6774
f 5832//6775 5836//6775 5833//6775
f 5833//6775 5836//6775 5837//6775
f 5833//6776 5837//6776 5834//6776
f 5834//6776 5837//6776 5838//6776
f 5834//6777 5838//6777 5835//6777
f 5835//6777 5838//6777 5839//6777
f 5835//6778 5839//6778 5682//6778
f 5682//6778 5839//6778 5681//6778
f 5682//6779 5681//6779 851//6779
f 851//6780 5681//6780 853//6780
f 857//6781 855//6781 5840//6781
f 5840//6782 855//6782 5681//6782
f 5840//6783 5681//6783 5841//6783
f 5841//6783 5681//6783 5839//6783
f 5841//6784 5839//6784 5842//6784
f 5842//6785 5839//6785 5838//6785
f 5842//6786 5838//6786 5843//6786
f 5843//6787 5838//6787 5837//6787
f 5843//6788 5837//6788 5844//6788
f 5844//6789 5837//6789 5836//6789
f 5844//6790 5836//6790 5719//6790
f 5719//6790 5836//6790 5720//6790
f 5719//6791 5720//6791 1069//6791
f 1069//6792 5720//6792 1026//6792
f 1071//6793 1073//6793 5719//6793
f 5719//6793 1073//6793 5845//6793
f 5719//6794 5845//6794 5844//6794
f 5844//6795 5845//6795 5846//6795
f 5844//6796 5846//6796 5843//6796
f 5843//6797 5846//6797 5847//6797
f 5843//6798 5847//6798 5842//6798
f 5842//6798 5847//6798 5848//6798
f 5842//6799 5848//6799 5841//6799
f 5841//6800 5848//6800 5849//6800
f 5841//6801 5849//6801 5840//6801
f 5840//6802 5849//6802 5680//6802
f 5840//6803 5680//6803 857//6803
f 857//6804 5680//6804 859//6804
f 1073//6805 1075//6805 5845//6805
f 5845//6806 1075//6806 5718//6806
f 5845//6807 5718//6807 5846//6807
f 5846//6807 5718//6807 5850//6807
f 5846//6808 5850//6808 5847//6808
f 5847//6809 5850//6809 5851//6809
f 5847//6810 5851//6810 5848//6810
f 5848//6810 5851//6810 5852//6810
f 5848//6811 5852//6811 5849//6811
f 5849//6812 5852//6812 5853//6812
f 5849//6813 5853//6813 5680//6813
f 5680//6813 5853//6813 5679//6813
f 5680//6814 5679//6814 861//6814
f 861//6815 5679//6815 863//6815
f 867//6816 865//6816 5854//6816
f 5854//6817 865//6817 5679//6817
f 5854//6818 5679//6818 5855//6818
f 5855//6818 5679//6818 5853//6818
f 5855//6819 5853//6819 5856//6819
f 5856//6819 5853//6819 5852//6819
f 5856//6820 5852//6820 5857//6820
f 5857//6820 5852//6820 5851//6820
f 5857//6821 5851//6821 5858//6821
f 5858//6822 5851//6822 5850//6822
f 5858//6823 5850//6823 5717//6823
f 5717//6824 5850//6824 5718//6824
f 5717//6825 5718//6825 1083//6825
f 1083//6826 5718//6826 1081//6826
f 1076//6827 1078//6827 5717//6827
f 5717//6828 1078//6828 5737//6828
f 5717//6829 5737//6829 5858//6829
f 5858//6830 5737//6830 5738//6830
f 5858//6831 5738//6831 5857//6831
f 5857//6831 5738//6831 5740//6831
f 5857//6832 5740//6832 5856//6832
f 5856//6832 5740//6832 5742//6832
f 5856//6833 5742//6833 5855//6833
f 5855//6834 5742//6834 5744//6834
f 5855//6835 5744//6835 5854//6835
f 5854//6835 5744//6835 5746//6835
f 5854//6836 5746//6836 867//6836
f 867//6837 5746//6837 869//6837
f 5678//6838 873//6838 5746//6838
f 5746//6839 873//6839 871//6839
f 5746//6840 871//6840 869//6840
f 1086//6841 1088//6841 5716//6841
f 5716//6842 1088//6842 5859//6842
f 5716//6843 5859//6843 5739//6843
f 5739//6844 5859//6844 5860//6844
f 5739//6845 5860//6845 5741//6845
f 5741//6845 5860//6845 5861//6845
f 5741//6846 5861//6846 5743//6846
f 5743//6846 5861//6846 5862//6846
f 5743//6847 5862//6847 5745//6847
f 5745//6848 5862//6848 5863//6848
f 5745//6849 5863//6849 5678//6849
f 5678//6849 5863//6849 5677//6849
f 5678//6850 5677//6850 875//6850
f 875//6851 5677//6851 877//6851
f 881//6852 879//6852 5864//6852
f 5864//6853 879//6853 5677//6853
f 5864//6854 5677//6854 5865//6854
f 5865//6854 5677//6854 5863//6854
f 5865//6855 5863//6855 5866//6855
f 5866//6856 5863//6856 5862//6856
f 5866//6857 5862//6857 5867//6857
f 5867//6858 5862//6858 5861//6858
f 5867//6859 5861//6859 5868//6859
f 5868//6860 5861//6860 5860//6860
f 5868//6861 5860//6861 5715//6861
f 5715//6862 5860//6862 5859//6862
f 5715//6863 5859//6863 1090//6863
f 1090//6864 5859//6864 1088//6864
f 1095//6865 1097//6865 5715//6865
f 5715//6866 1097//6866 5869//6866
f 5715//6867 5869//6867 5868//6867
f 5868//6868 5869//6868 5870//6868
f 5868//6869 5870//6869 5867//6869
f 5867//6870 5870//6870 5871//6870
f 5867//6871 5871//6871 5866//6871
f 5866//6871 5871//6871 5872//6871
f 5866//6872 5872//6872 5865//6872
f 5865//6873 5872//6873 5873//6873
f 5865//6874 5873//6874 5864//6874
f 5864//6875 5873//6875 5676//6875
f 5864//6876 5676//6876 881//6876
f 881//6876 5676//6876 883//6876
f 1097//6877 1102//6877 5869//6877
f 5869//6878 1102//6878 5714//6878
f 5869//6879 5714//6879 5870//6879
f 5870//6880 5714//6880 5874//6880
f 5870//6881 5874//6881 5871//6881
f 5871//6882 5874//6882 5875//6882
f 5871//6883 5875//6883 5872//6883
f 5872//6884 5875//6884 5876//6884
f 5872//6885 5876//6885 5873//6885
f 5873//6886 5876//6886 5877//6886
f 5873//6887 5877//6887 5676//6887
f 5676//6888 5877//6888 5675//6888
f 5676//6889 5675//6889 885//6889
f 885//6890 5675//6890 887//6890
f 891//6891 889//6891 5878//6891
f 5878//6892 889//6892 5675//6892
f 5878//6893 5675//6893 5879//6893
f 5879//6893 5675//6893 5877//6893
f 5879//6894 5877//6894 5880//6894
f 5880//6894 5877//6894 5876//6894
f 5880//6895 5876//6895 5881//6895
f 5881//6896 5876//6896 5875//6896
f 5881//6897 5875//6897 5882//6897
f 5882//6898 5875//6898 5874//6898
f 5882//6899 5874//6899 5713//6899
f 5713//6899 5874//6899 5714//6899
f 5713//6900 5714//6900 1106//6900
f 1106//6901 5714//6901 1104//6901
f 1108//6902 1110//6902 5713//6902
f 5713//6902 1110//6902 5883//6902
f 5713//6903 5883//6903 5882//6903
f 5882//6903 5883//6903 5884//6903
f 5882//6904 5884//6904 5881//6904
f 5881//6905 5884//6905 5885//6905
f 5881//6906 5885//6906 5880//6906
f 5880//6907 5885//6907 5886//6907
f 5880//6908 5886//6908 5879//6908
f 5879//6909 5886//6909 5887//6909
f 5879//6910 5887//6910 5878//6910
f 5878//6910 5887//6910 5674//6910
f 5878//6911 5674//6911 891//6911
f 891//6912 5674//6912 893//6912
f 1110//6913 1112//6913 5883//6913
f 5883//6914 1112//6914 5712//6914
f 5883//6915 5712//6915 5884//6915
f 5884//6916 5712//6916 5888//6916
f 5884//6917 5888//6917 5885//6917
f 5885//6917 5888//6917 5889//6917
f 5885//6918 5889//6918 5886//6918
f 5886//6919 5889//6919 5890//6919
f 5886//6920 5890//6920 5887//6920
f 5887//6921 5890//6921 5891//6921
f 5887//6922 5891//6922 5674//6922
f 5674//6922 5891//6922 5673//6922
f 5674//6923 5673//6923 895//6923
f 895//6924 5673//6924 897//6924
f 901//6925 899//6925 5892//6925
f 5892//6926 899//6926 5673//6926
f 5892//6927 5673//6927 5893//6927
f 5893//6928 5673//6928 5891//6928
f 5893//6929 5891//6929 5894//6929
f 5894//6929 5891//6929 5890//6929
f 5894//6930 5890//6930 5895//6930
f 5895//6931 5890//6931 5889//6931
f 5895//6932 5889//6932 5896//6932
f 5896//6933 5889//6933 5888//6933
f 5896//6934 5888//6934 5711//6934
f 5711//6935 5888//6935 5712//6935
f 5711//6936 5712//6936 1116//6936
f 1116//6937 5712//6937 1114//6937
f 1101//6938 1099//6938 5711//6938
f 5711//6938 1099//6938 5897//6938
f 5711//6939 5897//6939 5896//6939
f 5896//6939 5897//6939 5898//6939
f 5896//6940 5898//6940 5895//6940
f 5895//6941 5898//6941 5899//6941
f 5895//6942 5899//6942 5894//6942
f 5894//6943 5899//6943 5900//6943
f 5894//6944 5900//6944 5893//6944
f 5893//6945 5900//6945 5901//6945
f 5893//6946 5901//6946 5892//6946
f 5892//6947 5901//6947 5672//6947
f 5892//6948 5672//6948 901//6948
f 901//6949 5672//6949 903//6949
f 907//6950 905//6950 5671//6950
f 5671//6951 905//6951 5672//6951
f 5671//6952 5672//6952 5902//6952
f 5902//6953 5672//6953 5901//6953
f 5902//6954 5901//6954 5903//6954
f 5903//6955 5901//6955 5900//6955
f 5903//6956 5900//6956 5904//6956
f 5904//6957 5900//6957 5899//6957
f 5904//6958 5899//6958 5905//6958
f 5905//6959 5899//6959 5898//6959
f 5905//6960 5898//6960 5710//6960
f 5710//6960 5898//6960 5897//6960
f 5710//6961 5897//6961 1241//6961
f 1241//6962 5897//6962 1099//6962
f 1240//6963 1238//6963 5710//6963
f 5710//6964 1238//6964 5906//6964
f 5710//6965 5906//6965 5905//6965
f 5905//6966 5906//6966 5907//6966
f 5905//6967 5907//6967 5904//6967
f 5904//6967 5907//6967 5908//6967
f 5904//6968 5908//6968 5903//6968
f 5903//6969 5908//6969 5909//6969
f 5903//6970 5909//6970 5902//6970
f 5902//6971 5909//6971 5910//6971
f 5902//6972 5910//6972 5671//6972
f 5671//6972 5910//6972 5670//6972
f 5671//6973 5670//6973 909//6973
f 909//6974 5670//6974 911//6974
f 915//6975 913//6975 5911//6975
f 5911//6976 913//6976 5670//6976
f 5911//6977 5670//6977 5912//6977
f 5912//6978 5670//6978 5910//6978
f 5912//6979 5910//6979 5913//6979
f 5913//6980 5910//6980 5909//6980
f 5913//6981 5909//6981 5914//6981
f 5914//6982 5909//6982 5908//6982
f 5914//6983 5908//6983 5915//6983
f 5915//6983 5908//6983 5907//6983
f 5915//6984 5907//6984 5709//6984
f 5709//6985 5907//6985 5906//6985
f 5709//6986 5906//6986 1236//6986
f 1236//6987 5906//6987 1238//6987
f 1232//6988 1230//6988 5709//6988
f 5709//6988 1230//6988 5916//6988
f 5709//6989 5916//6989 5915//6989
f 5915//6989 5916//6989 5917//6989
f 5915//6990 5917//6990 5914//6990
f 5914//6991 5917//6991 5918//6991
f 5914//6992 5918//6992 5913//6992
f 5913//6993 5918//6993 5919//6993
f 5913//6994 5919//6994 5912//6994
f 5912//6995 5919//6995 5920//6995
f 5912//6996 5920//6996 5911//6996
f 5911//6996 5920//6996 5669//6996
f 5911//6997 5669//6997 915//6997
f 915//6998 5669//6998 917//6998
f 1230//6999 1228//6999 5916//6999
f 5916//7000 1228//7000 5708//7000
f 5916//7001 5708//7001 5917//7001
f 5917//7002 5708//7002 5921//7002
f 5917//7003 5921//7003 5918//7003
f 5918//7003 5921//7003 5922//7003
f 5918//7004 5922//7004 5919//7004
f 5919//7005 5922//7005 5923//7005
f 5919//7006 5923//7006 5920//7006
f 5920//7007 5923//7007 5924//7007
f 5920//7008 5924//7008 5669//7008
f 5669//7009 5924//7009 5668//7009
f 5669//7010 5668//7010 919//7010
f 919//7011 5668//7011 921//7011
f 925//7012 923//7012 5925//7012
f 5925//7013 923//7013 5668//7013
f 5925//7014 5668//7014 5926//7014
f 5926//7015 5668//7015 5924//7015
f 5926//7016 5924//7016 5927//7016
f 5927//7016 5924//7016 5923//7016
f 5927//7017 5923//7017 5928//7017
f 5928//7017 5923//7017 5922//7017
f 5928//7018 5922//7018 5929//7018
f 5929//7018 5922//7018 5921//7018
f 5929//7019 5921//7019 5707//7019
f 5707//7019 5921//7019 5708//7019
f 5707//7020 5708//7020 1224//7020
f 1224//7021 5708//7021 1226//7021
f 1222//7022 1220//7022 5707//7022
f 5707//7022 1220//7022 5747//7022
f 5707//7023 5747//7023 5929//7023
f 5929//7024 5747//7024 5748//7024
f 5929//7025 5748//7025 5928//7025
f 5928//7026 5748//7026 5750//7026
f 5928//7027 5750//7027 5927//7027
f 5927//7027 5750//7027 5752//7027
f 5927//7028 5752//7028 5926//7028
f 5926//7029 5752//7029 5754//7029
f 5926//7030 5754//7030 5925//7030
f 5925//7031 5754//7031 5756//7031
f 5925//7032 5756//7032 925//7032
f 925//7033 5756//7033 927//7033
f 5667//7034 931//7034 5756//7034
f 5756//7035 931//7035 929//7035
f 5756//7036 929//7036 927//7036
f 935//7037 933//7037 5666//7037
f 5666//7038 933//7038 5667//7038
f 5666//7039 5667//7039 5930//7039
f 5930//7039 5667//7039 5755//7039
f 5930//7040 5755//7040 5931//7040
f 5931//7041 5755//7041 5753//7041
f 5931//7042 5753//7042 5932//7042
f 5932//7042 5753//7042 5751//7042
f 5932//7043 5751//7043 5933//7043
f 5933//7043 5751//7043 5749//7043
f 5933//7044 5749//7044 5934//7044
f 5934//7045 5749//7045 5706//7045
f 5934//7046 5706//7046 1214//7046
f 1214//7047 5706//7047 1216//7047
f 939//7048 937//7048 5935//7048
f 5935//7049 937//7049 5666//7049
f 5935//7050 5666//7050 5936//7050
f 5936//7051 5666//7051 5930//7051
f 5936//7052 5930//7052 5937//7052
f 5937//7053 5930//7053 5931//7053
f 5937//7054 5931//7054 5938//7054
f 5938//7055 5931//7055 5932//7055
f 5938//7056 5932//7056 5939//7056
f 5939//7057 5932//7057 5933//7057
f 5939//7058 5933//7058 5705//7058
f 5705//7059 5933//7059 5934//7059
f 5705//7060 5934//7060 1212//7060
f 1212//7061 5934//7061 1214//7061
f 1208//7062 1206//7062 5705//7062
f 5705//7063 1206//7063 5940//7063
f 5705//7064 5940//7064 5939//7064
f 5939//7064 5940//7064 5941//7064
f 5939//7065 5941//7065 5938//7065
f 5938//7065 5941//7065 5942//7065
f 5938//7066 5942//7066 5937//7066
f 5937//7067 5942//7067 5943//7067
f 5937//7068 5943//7068 5936//7068
f 5936//7069 5943//7069 5944//7069
f 5936//7070 5944//7070 5935//7070
f 5935//7071 5944//7071 5665//7071
f 5935//7072 5665//7072 939//7072
f 939//7072 5665//7072 941//7072
f 1206//7073 1204//7073 5940//7073
f 5940//7074 1204//7074 5704//7074
f 5940//7075 5704//7075 5941//7075
f 5941//7076 5704//7076 5945//7076
f 5941//7077 5945//7077 5942//7077
f 5942//7077 5945//7077 5946//7077
f 5942//7078 5946//7078 5943//7078
f 5943//7079 5946//7079 5947//7079
f 5943//7080 5947//7080 5944//7080
f 5944//7081 5947//7081 5948//7081
f 5944//7082 5948//7082 5665//7082
f 5665//7083 5948//7083 5664//7083
f 5665//7084 5664//7084 943//7084
f 943//7085 5664//7085 945//7085
f 949//7086 947//7086 5949//7086
f 5949//7087 947//7087 5664//7087
f 5949//7088 5664//7088 5950//7088
f 5950//7088 5664//7088 5948//7088
f 5950//7089 5948//7089 5951//7089
f 5951//7090 5948//7090 5947//7090
f 5951//7091 5947//7091 5952//7091
f 5952//7092 5947//7092 5946//7092
f 5952//7093 5946//7093 5953//7093
f 5953//7094 5946//7094 5945//7094
f 5953//7095 5945//7095 5703//7095
f 5703//7096 5945//7096 5704//7096
f 5703//7097 5704//7097 1200//7097
f 1200//7098 5704//7098 1202//7098
f 1198//7099 1196//7099 5703//7099
f 5703//7099 1196//7099 5954//7099
f 5703//7100 5954//7100 5953//7100
f 5953//7101 5954//7101 5955//7101
f 5953//7102 5955//7102 5952//7102
f 5952//7103 5955//7103 5956//7103
f 5952//7104 5956//7104 5951//7104
f 5951//7105 5956//7105 5957//7105
f 5951//7106 5957//7106 5950//7106
f 5950//7107 5957//7107 5958//7107
f 5950//7108 5958//7108 5949//7108
f 5949//7109 5958//7109 5663//7109
f 5949//7110 5663//7110 949//7110
f 949//7111 5663//7111 951//7111
f 1196//7112 1194//7112 5954//7112
f 5954//7113 1194//7113 5702//7113
f 5954//7114 5702//7114 5955//7114
f 5955//7115 5702//7115 5959//7115
f 5955//7116 5959//7116 5956//7116
f 5956//7117 5959//7117 5960//7117
f 5956//7118 5960//7118 5957//7118
f 5957//7118 5960//7118 5961//7118
f 5957//7119 5961//7119 5958//7119
f 5958//7119 5961//7119 5962//7119
f 5958//7120 5962//7120 5663//7120
f 5663//7120 5962//7120 5662//7120
f 5663//7121 5662//7121 953//7121
f 953//7122 5662//7122 955//7122
f 959//7123 957//7123 5963//7123
f 5963//7124 957//7124 5662//7124
f 5963//7125 5662//7125 5964//7125
f 5964//7125 5662//7125 5962//7125
f 5964//7126 5962//7126 5965//7126
f 5965//7126 5962//7126 5961//7126
f 5965//7127 5961//7127 5966//7127
f 5966//7128 5961//7128 5960//7128
f 5966//7129 5960//7129 5967//7129
f 5967//7130 5960//7130 5959//7130
f 5967//7131 5959//7131 5701//7131
f 5701//7132 5959//7132 5702//7132
f 5701//7133 5702//7133 1190//7133
f 1190//7134 5702//7134 1192//7134
f 1188//7135 1186//7135 5701//7135
f 5701//7136 1186//7136 5757//7136
f 5701//7137 5757//7137 5967//7137
f 5967//7138 5757//7138 5758//7138
f 5967//7139 5758//7139 5966//7139
f 5966//7140 5758//7140 5760//7140
f 5966//7141 5760//7141 5965//7141
f 5965//7141 5760//7141 5762//7141
f 5965//7142 5762//7142 5964//7142
f 5964//7143 5762//7143 5764//7143
f 5964//7144 5764//7144 5963//7144
f 5963//7145 5764//7145 5766//7145
f 5963//7146 5766//7146 959//7146
f 959//7147 5766//7147 961//7147
f 5661//7148 965//7148 5766//7148
f 5766//7149 965//7149 963//7149
f 5766//7150 963//7150 961//7150
f 969//7151 967//7151 5660//7151
f 5660//7152 967//7152 5661//7152
f 5660//7153 5661//7153 5968//7153
f 5968//7153 5661//7153 5765//7153
f 5968//7154 5765//7154 5969//7154
f 5969//7155 5765//7155 5763//7155
f 5969//7156 5763//7156 5970//7156
f 5970//7156 5763//7156 5761//7156
f 5970//7157 5761//7157 5971//7157
f 5971//7158 5761//7158 5759//7158
f 5971//7159 5759//7159 5972//7159
f 5972//7160 5759//7160 5700//7160
f 5972//7161 5700//7161 1180//7161
f 1180//7162 5700//7162 1182//7162
f 973//7163 971//7163 5973//7163
f 5973//7164 971//7164 5660//7164
f 5973//7165 5660//7165 5974//7165
f 5974//7166 5660//7166 5968//7166
f 5974//7167 5968//7167 5975//7167
f 5975//7168 5968//7168 5969//7168
f 5975//7169 5969//7169 5976//7169
f 5976//7169 5969//7169 5970//7169
f 5976//7170 5970//7170 5977//7170
f 5977//7170 5970//7170 5971//7170
f 5977//7171 5971//7171 5699//7171
f 5699//7171 5971//7171 5972//7171
f 5699//7172 5972//7172 1178//7172
f 1178//7173 5972//7173 1180//7173
f 1174//7174 1172//7174 5699//7174
f 5699//7175 1172//7175 5978//7175
f 5699//7176 5978//7176 5977//7176
f 5977//7176 5978//7176 5979//7176
f 5977//7177 5979//7177 5976//7177
f 5976//7178 5979//7178 5980//7178
f 5976//7179 5980//7179 5975//7179
f 5975//7179 5980//7179 5981//7179
f 5975//7180 5981//7180 5974//7180
f 5974//7180 5981//7180 5982//7180
f 5974//7181 5982//7181 5973//7181
f 5973//7181 5982//7181 5659//7181
f 5973//7182 5659//7182 973//7182
f 973//7182 5659//7182 975//7182
f 1172//7183 1170//7183 5978//7183
f 5978//7184 1170//7184 5698//7184
f 5978//7185 5698//7185 5979//7185
f 5979//7186 5698//7186 5983//7186
f 5979//7187 5983//7187 5980//7187
f 5980//7188 5983//7188 5984//7188
f 5980//7189 5984//7189 5981//7189
f 5981//7190 5984//7190 5985//7190
f 5981//7191 5985//7191 5982//7191
f 5982//7191 5985//7191 5986//7191
f 5982//7192 5986//7192 5659//7192
f 5659//7192 5986//7192 5658//7192
f 5659//7193 5658//7193 977//7193
f 977//7194 5658//7194 979//7194
f 983//7195 981//7195 5987//7195
f 5987//7196 981//7196 5658//7196
f 5987//7197 5658//7197 5988//7197
f 5988//7198 5658//7198 5986//7198
f 5988//7199 5986//7199 5989//7199
f 5989//7199 5986//7199 5985//7199
f 5989//7200 5985//7200 5990//7200
f 5990//7200 5985//7200 5984//7200
f 5990//7201 5984//7201 5991//7201
f 5991//7202 5984//7202 5983//7202
f 5991//7203 5983//7203 5697//7203
f 5697//7204 5983//7204 5698//7204
f 5697//7205 5698//7205 1166//7205
f 1166//7206 5698//7206 1168//7206
f 1164//7207 1162//7207 5697//7207
f 5697//7207 1162//7207 5992//7207
f 5697//7208 5992//7208 5991//7208
f 5991//7209 5992//7209 5993//7209
f 5991//7210 5993//7210 5990//7210
f 5990//7210 5993//7210 5994//7210
f 5990//7211 5994//7211 5989//7211
f 5989//7211 5994//7211 5995//7211
f 5989//7212 5995//7212 5988//7212
f 5988//7213 5995//7213 5996//7213
f 5988//7214 5996//7214 5987//7214
f 5987//7214 5996//7214 5657//7214
f 5987//7215 5657//7215 983//7215
f 983//7215 5657//7215 985//7215
f 1162//7216 1160//7216 5992//7216
f 5992//7217 1160//7217 5696//7217
f 5992//7218 5696//7218 5993//7218
f 5993//7218 5696//7218 5997//7218
f 5993//7219 5997//7219 5994//7219
f 5994//7220 5997//7220 5998//7220
f 5994//7221 5998//7221 5995//7221
f 5995//7221 5998//7221 5999//7221
f 5995//7222 5999//7222 5996//7222
f 5996//7223 5999//7223 6000//7223
f 5996//7224 6000//7224 5657//7224
f 5657//7224 6000//7224 5656//7224
f 5657//7225 5656//7225 987//7225
f 987//7226 5656//7226 989//7226
f 993//7227 991//7227 6001//7227
f 6001//7228 991//7228 5656//7228
f 6001//7229 5656//7229 6002//7229
f 6002//7229 5656//7229 6000//7229
f 6002//7230 6000//7230 6003//7230
f 6003//7231 6000//7231 5999//7231
f 6003//7232 5999//7232 6004//7232
f 6004//7232 5999//7232 5998//7232
f 6004//7233 5998//7233 6005//7233
f 6005//7233 5998//7233 5997//7233
f 6005//7234 5997//7234 5695//7234
f 5695//7234 5997//7234 5696//7234
f 5695//7235 5696//7235 1156//7235
f 1156//7236 5696//7236 1158//7236
f 1154//7237 1152//7237 5695//7237
f 5695//7238 1152//7238 5767//7238
f 5695//7239 5767//7239 6005//7239
f 6005//7240 5767//7240 5768//7240
f 6005//7241 5768//7241 6004//7241
f 6004//7242 5768//7242 5770//7242
f 6004//7243 5770//7243 6003//7243
f 6003//7244 5770//7244 5772//7244
f 6003//7245 5772//7245 6002//7245
f 6002//7246 5772//7246 5774//7246
f 6002//7247 5774//7247 6001//7247
f 6001//7248 5774//7248 5776//7248
f 6001//7249 5776//7249 993//7249
f 993//7249 5776//7249 995//7249
f 5655//7250 999//7250 5776//7250
f 5776//7251 999//7251 997//7251
f 5776//7252 997//7252 995//7252
f 1148//7253 1146//7253 5694//7253
f 5694//7254 1146//7254 6006//7254
f 5694//7255 6006//7255 5769//7255
f 5769//7256 6006//7256 6007//7256
f 5769//7257 6007//7257 5771//7257
f 5771//7258 6007//7258 6008//7258
f 5771//7259 6008//7259 5773//7259
f 5773//7260 6008//7260 6009//7260
f 5773//7261 6009//7261 5775//7261
f 5775//7262 6009//7262 6010//7262
f 5775//7263 6010//7263 5655//7263
f 5655//7264 6010//7264 5654//7264
f 5655//7265 5654//7265 1001//7265
f 1001//7266 5654//7266 1003//7266
f 1007//7267 1005//7267 6011//7267
f 6011//7268 1005//7268 5654//7268
f 6011//7269 5654//7269 6012//7269
f 6012//7269 5654//7269 6010//7269
f 6012//7270 6010//7270 6013//7270
f 6013//7271 6010//7271 6009//7271
f 6013//7272 6009//7272 6014//7272
f 6014//7273 6009//7273 6008//7273
f 6014//7274 6008//7274 6015//7274
f 6015//7274 6008//7274 6007//7274
f 6015//7275 6007//7275 5693//7275
f 5693//7276 6007//7276 6006//7276
f 5693//7277 6006//7277 1144//7277
f 1144//7278 6006//7278 1146//7278
f 1140//7279 1138//7279 5693//7279
f 5693//7280 1138//7280 6016//7280
f 5693//7281 6016//7281 6015//7281
f 6015//7281 6016//7281 6017//7281
f 6015//7282 6017//7282 6014//7282
f 6014//7282 6017//7282 6018//7282
f 6014//7283 6018//7283 6013//7283
f 6013//7284 6018//7284 6019//7284
f 6013//7285 6019//7285 6012//7285
f 6012//7285 6019//7285 6020//7285
f 6012//7286 6020//7286 6011//7286
f 6011//7286 6020//7286 5653//7286
f 6011//7287 5653//7287 1007//7287
f 1007//7288 5653//7288 1009//7288
f 1138//7289 1136//7289 6016//7289
f 6016//7290 1136//7290 5692//7290
f 6016//7291 5692//7291 6017//7291
f 6017//7292 5692//7292 6021//7292
f 6017//7293 6021//7293 6018//7293
f 6018//7294 6021//7294 6022//7294
f 6018//7295 6022//7295 6019//7295
f 6019//7296 6022//7296 6023//7296
f 6019//7297 6023//7297 6020//7297
f 6020//7298 6023//7298 6024//7298
f 6020//7299 6024//7299 5653//7299
f 5653//7300 6024//7300 5652//7300
f 5653//7301 5652//7301 1011//7301
f 1011//7302 5652//7302 1013//7302
f 1017//7303 1015//7303 6025//7303
f 6025//7304 1015//7304 5652//7304
f 6025//7305 5652//7305 6026//7305
f 6026//7306 5652//7306 6024//7306
f 6026//7307 6024//7307 6027//7307
f 6027//7307 6024//7307 6023//7307
f 6027//7308 6023//7308 6028//7308
f 6028//7308 6023//7308 6022//7308
f 6028//7309 6022//7309 6029//7309
f 6029//7309 6022//7309 6021//7309
f 6029//7310 6021//7310 5691//7310
f 5691//7311 6021//7311 5692//7311
f 5691//7312 5692//7312 1132//7312
f 1132//7313 5692//7313 1134//7313
f 1130//7314 1128//7314 5691//7314
f 5691//7314 1128//7314 5777//7314
f 5691//7315 5777//7315 6029//7315
f 6029//7315 5777//7315 5778//7315
f 6029//7316 5778//7316 6028//7316
f 6028//7316 5778//7316 5780//7316
f 6028//7317 5780//7317 6027//7317
f 6027//7317 5780//7317 5782//7317
f 6027//7318 5782//7318 6026//7318
f 6026//7318 5782//7318 5784//7318
f 6026//7319 5784//7319 6025//7319
f 6025//7320 5784//7320 5786//7320
f 6025//7321 5786//7321 1017//7321
f 1017//7322 5786//7322 1019//7322
f 5651//7323 1023//7323 5786//7323
f 5786//7324 1023//7324 1021//7324
f 5786//7325 1021//7325 1019//7325
f 811//7326 1025//7326 6030//7326
f 6030//7327 1025//7327 5651//7327
f 6030//7328 5651//7328 6031//7328
f 6031//7328 5651//7328 5785//7328
f 6031//7329 5785//7329 6032//7329
f 6032//7329 5785//7329 5783//7329
f 6032//7330 5783//7330 6033//7330
f 6033//7330 5783//7330 5781//7330
f 6033//7331 5781//7331 6034//7331
f 6034//7331 5781//7331 5779//7331
f 6034//7332 5779//7332 5689//7332
f 5689//7332 5779//7332 5690//7332
f 5689//7333 5690//7333 1122//7333
f 1122//7334 5690//7334 1124//7334
f 1120//7335 1034//7335 5689//7335
f 5689//7335 1034//7335 5787//7335
f 5689//7336 5787//7336 6034//7336
f 6034//7336 5787//7336 5789//7336
f 6034//7337 5789//7337 6033//7337
f 6033//7337 5789//7337 5791//7337
f 6033//7338 5791//7338 6032//7338
f 6032//7338 5791//7338 5793//7338
f 6032//7339 5793//7339 6031//7339
f 6031//7339 5793//7339 5795//7339
f 6031//7340 5795//7340 6030//7340
f 6030//7340 5795//7340 5797//7340
f 6030//7341 5797//7341 811//7341
f 811//7341 5797//7341 813//7341
f 1420//7342 1418//7342 6035//7342
f 1416//7343 1414//7343 6036//7343
f 1411//7344 1409//7344 6037//7344
f 1407//7345 1405//7345 6038//7345
f 1399//7346 1397//7346 6039//7346
f 1395//7347 1393//7347 6040//7347
f 1390//7348 1388//7348 6041//7348
f 1386//7349 1384//7349 6042//7349
f 1378//7350 1376//7350 6043//7350
f 1374//7351 1372//7351 6044//7351
f 1369//7352 1367//7352 6045//7352
f 1365//7353 1363//7353 6046//7353
f 1357//7354 1355//7354 6047//7354
f 1353//7355 1351//7355 6048//7355
f 1348//7356 1346//7356 6049//7356
f 1344//7357 1342//7357 6050//7357
f 1336//7358 1334//7358 6051//7358
f 1332//7359 1330//7359 6052//7359
f 1329//7360 1327//7360 6053//7360
f 1326//7361 1324//7361 6054//7361
f 1322//7362 1320//7362 6055//7362
f 1314//7363 1312//7363 6056//7363
f 1310//7364 1308//7364 6057//7364
f 1305//7365 1303//7365 6058//7365
f 1301//7366 1299//7366 6059//7366
f 1293//7367 1291//7367 6060//7367
f 1289//7368 1287//7368 6061//7368
f 1284//7369 1282//7369 6062//7369
f 1280//7370 1278//7370 6063//7370
f 1272//7371 1270//7371 6064//7371
f 1268//7372 1266//7372 6065//7372
f 1263//7373 1261//7373 6066//7373
f 1259//7374 1257//7374 6067//7374
f 1251//7375 1249//7375 6068//7375
f 1247//7376 1245//7376 6069//7376
f 1431//7377 1430//7377 6070//7377
f 1428//7378 1426//7378 6071//7378
f 1223//7379 1225//7379 6072//7379
f 1217//7380 1219//7380 6073//7380
f 1209//7381 1211//7381 6074//7381
f 1203//7382 1205//7382 6075//7382
f 1199//7383 1201//7383 6076//7383
f 1193//7384 1195//7384 6077//7384
f 1185//7385 1187//7385 6078//7385
f 1179//7386 1181//7386 6079//7386
f 1175//7387 1177//7387 6080//7387
f 1169//7388 1171//7388 6081//7388
f 1161//7389 1163//7389 6082//7389
f 1155//7390 1157//7390 6083//7390
f 1151//7391 1153//7391 6084//7391
f 1145//7392 1147//7392 6085//7392
f 1137//7393 1139//7393 6086//7393
f 1131//7394 1133//7394 6087//7394
f 1127//7395 1129//7395 6088//7395
f 1121//7396 1123//7396 6089//7396
f 1031//7397 1033//7397 6090//7397
f 1042//7398 1044//7398 6091//7398
f 1038//7399 1040//7399 6092//7399
f 1049//7400 1047//7400 6093//7400
f 1058//7401 1056//7401 6094//7401
f 1064//7402 1062//7402 6095//7402
f 1028//7403 1060//7403 6096//7403
f 1070//7404 1068//7404 6097//7404
f 1084//7405 1082//7405 6098//7405
f 1079//7406 1077//7406 6099//7406
f 1089//7407 1087//7407 6100//7407
f 1094//7408 1092//7408 6101//7408
f 1107//7409 1105//7409 6102//7409
f 1113//7410 1111//7410 6103//7410
f 1117//7411 1115//7411 6104//7411
f 1098//7412 1100//7412 6105//7412
f 1233//7413 1235//7413 6106//7413
f 1227//7414 1229//7414 6107//7414
f 1098//7415 6105//7415 1239//7415
f 1094//7416 6101//7416 1096//7416
f 1070//7417 6097//7417 1072//7417
f 1049//7418 6093//7418 1051//7418
f 1121//7419 6089//7419 1119//7419
f 1145//7420 6085//7420 1143//7420
f 1169//7421 6081//7421 1167//7421
f 1193//7422 6077//7422 1191//7422
f 1217//7423 6073//7423 1215//7423
f 1225//7424 1227//7424 6072//7424
f 6072//7425 1227//7425 6107//7425
f 6072//7426 6107//7426 6108//7426
f 6108//7427 6107//7427 6109//7427
f 6108//7428 6109//7428 6110//7428
f 6110//7429 6109//7429 6111//7429
f 6110//7430 6111//7430 6112//7430
f 6112//7431 6111//7431 6071//7431
f 6112//7432 6071//7432 1424//7432
f 1424//7432 6071//7432 1426//7432
f 1229//7433 1231//7433 6107//7433
f 6107//7434 1231//7434 6113//7434
f 6107//7435 6113//7435 6109//7435
f 6109//7435 6113//7435 6114//7435
f 6109//7436 6114//7436 6111//7436
f 6111//7437 6114//7437 6115//7437
f 6111//7438 6115//7438 6071//7438
f 6071//7438 6115//7438 6070//7438
f 6071//7439 6070//7439 1428//7439
f 1428//7440 6070//7440 1430//7440
f 1243//7441 1431//7441 6116//7441
f 6116//7442 1431//7442 6070//7442
f 6116//7443 6070//7443 6117//7443
f 6117//7444 6070//7444 6115//7444
f 6117//7445 6115//7445 6118//7445
f 6118//7446 6115//7446 6114//7446
f 6118//7447 6114//7447 6106//7447
f 6106//7448 6114//7448 6113//7448
f 6106//7449 6113//7449 1233//7449
f 1233//7450 6113//7450 1231//7450
f 1235//7451 1237//7451 6106//7451
f 6106//7452 1237//7452 6119//7452
f 6106//7453 6119//7453 6118//7453
f 6118//7453 6119//7453 6120//7453
f 6118//7454 6120//7454 6117//7454
f 6117//7454 6120//7454 6121//7454
f 6117//7455 6121//7455 6116//7455
f 6116//7455 6121//7455 6069//7455
f 6116//7456 6069//7456 1243//7456
f 1243//7457 6069//7457 1245//7457
f 1237//7458 1239//7458 6119//7458
f 6119//7459 1239//7459 6105//7459
f 6119//7460 6105//7460 6120//7460
f 6120//7461 6105//7461 6122//7461
f 6120//7462 6122//7462 6121//7462
f 6121//7463 6122//7463 6123//7463
f 6121//7464 6123//7464 6069//7464
f 6069//7465 6123//7465 6068//7465
f 6069//7466 6068//7466 1247//7466
f 1247//7467 6068//7467 1249//7467
f 1253//7468 1251//7468 6124//7468
f 6124//7469 1251//7469 6068//7469
f 6124//7470 6068//7470 6125//7470
f 6125//7471 6068//7471 6123//7471
f 6125//7472 6123//7472 6126//7472
f 6126//7473 6123//7473 6122//7473
f 6126//7474 6122//7474 6127//7474
f 6127//7475 6122//7475 6105//7475
f 6127//7476 6105//7476 1118//7476
f 1118//7477 6105//7477 1100//7477
f 1118//7478 1117//7478 6127//7478
f 6127//7479 1117//7479 6104//7479
f 6127//7480 6104//7480 6126//7480
f 6126//7481 6104//7481 6128//7481
f 6126//7482 6128//7482 6125//7482
f 6125//7483 6128//7483 6129//7483
f 6125//7484 6129//7484 6124//7484
f 6124//7484 6129//7484 6130//7484
f 6124//7485 6130//7485 1253//7485
f 1253//7486 6130//7486 1255//7486
f 1115//7487 1113//7487 6104//7487
f 6104//7488 1113//7488 6103//7488
f 6104//7489 6103//7489 6128//7489
f 6128//7490 6103//7490 6131//7490
f 6128//7491 6131//7491 6129//7491
f 6129//7492 6131//7492 6132//7492
f 6129//7493 6132//7493 6130//7493
f 6130//7494 6132//7494 6067//7494
f 6130//7495 6067//7495 1255//7495
f 1255//7495 6067//7495 1257//7495
f 1111//7496 1109//7496 6103//7496
f 6103//7497 1109//7497 6133//7497
f 6103//7498 6133//7498 6131//7498
f 6131//7499 6133//7499 6134//7499
f 6131//7500 6134//7500 6132//7500
f 6132//7501 6134//7501 6135//7501
f 6132//7502 6135//7502 6067//7502
f 6067//7503 6135//7503 6066//7503
f 6067//7504 6066//7504 1259//7504
f 1259//7505 6066//7505 1261//7505
f 1264//7506 1263//7506 6136//7506
f 6136//7507 1263//7507 6066//7507
f 6136//7508 6066//7508 6137//7508
f 6137//7509 6066//7509 6135//7509
f 6137//7510 6135//7510 6138//7510
f 6138//7510 6135//7510 6134//7510
f 6138//7511 6134//7511 6102//7511
f 6102//7512 6134//7512 6133//7512
f 6102//7513 6133//7513 1107//7513
f 1107//7514 6133//7514 1109//7514
f 1105//7515 1103//7515 6102//7515
f 6102//7516 1103//7516 6139//7516
f 6102//7517 6139//7517 6138//7517
f 6138//7518 6139//7518 6140//7518
f 6138//7519 6140//7519 6137//7519
f 6137//7519 6140//7519 6141//7519
f 6137//7520 6141//7520 6136//7520
f 6136//7521 6141//7521 6065//7521
f 6136//7522 6065//7522 1264//7522
f 1264//7523 6065//7523 1266//7523
f 1103//7524 1096//7524 6139//7524
f 6139//7525 1096//7525 6101//7525
f 6139//7526 6101//7526 6140//7526
f 6140//7526 6101//7526 6142//7526
f 6140//7527 6142//7527 6141//7527
f 6141//7528 6142//7528 6143//7528
f 6141//7529 6143//7529 6065//7529
f 6065//7530 6143//7530 6064//7530
f 6065//7531 6064//7531 1268//7531
f 1268//7532 6064//7532 1270//7532
f 1274//7533 1272//7533 6144//7533
f 6144//7534 1272//7534 6064//7534
f 6144//7535 6064//7535 6145//7535
f 6145//7535 6064//7535 6143//7535
f 6145//7536 6143//7536 6146//7536
f 6146//7537 6143//7537 6142//7537
f 6146//7538 6142//7538 6147//7538
f 6147//7538 6142//7538 6101//7538
f 6147//7539 6101//7539 1091//7539
f 1091//7540 6101//7540 1092//7540
f 1091//7541 1089//7541 6147//7541
f 6147//7542 1089//7542 6100//7542
f 6147//7543 6100//7543 6146//7543
f 6146//7543 6100//7543 6148//7543
f 6146//7544 6148//7544 6145//7544
f 6145//7545 6148//7545 6149//7545
f 6145//7546 6149//7546 6144//7546
f 6144//7546 6149//7546 6150//7546
f 6144//7547 6150//7547 1274//7547
f 1274//7547 6150//7547 1276//7547
f 1087//7548 1079//7548 6100//7548
f 6100//7549 1079//7549 6099//7549
f 6100//7550 6099//7550 6148//7550
f 6148//7550 6099//7550 6151//7550
f 6148//7551 6151//7551 6149//7551
f 6149//7552 6151//7552 6152//7552
f 6149//7553 6152//7553 6150//7553
f 6150//7554 6152//7554 6063//7554
f 6150//7555 6063//7555 1276//7555
f 1276//7555 6063//7555 1278//7555
f 1077//7556 1085//7556 6099//7556
f 6099//7556 1085//7556 6153//7556
f 6099//7557 6153//7557 6151//7557
f 6151//7557 6153//7557 6154//7557
f 6151//7558 6154//7558 6152//7558
f 6152//7559 6154//7559 6155//7559
f 6152//7560 6155//7560 6063//7560
f 6063//7561 6155//7561 6062//7561
f 6063//7562 6062//7562 1280//7562
f 1280//7563 6062//7563 1282//7563
f 1286//7564 1284//7564 6156//7564
f 6156//7565 1284//7565 6062//7565
f 6156//7566 6062//7566 6157//7566
f 6157//7567 6062//7567 6155//7567
f 6157//7568 6155//7568 6158//7568
f 6158//7568 6155//7568 6154//7568
f 6158//7569 6154//7569 6098//7569
f 6098//7569 6154//7569 6153//7569
f 6098//7570 6153//7570 1084//7570
f 1084//7571 6153//7571 1085//7571
f 1082//7572 1074//7572 6098//7572
f 6098//7573 1074//7573 6159//7573
f 6098//7574 6159//7574 6158//7574
f 6158//7574 6159//7574 6160//7574
f 6158//7575 6160//7575 6157//7575
f 6157//7575 6160//7575 6161//7575
f 6157//7576 6161//7576 6156//7576
f 6156//7577 6161//7577 6061//7577
f 6156//7578 6061//7578 1286//7578
f 1286//7578 6061//7578 1287//7578
f 1074//7579 1072//7579 6159//7579
f 6159//7580 1072//7580 6097//7580
f 6159//7581 6097//7581 6160//7581
f 6160//7581 6097//7581 6162//7581
f 6160//7582 6162//7582 6161//7582
f 6161//7583 6162//7583 6163//7583
f 6161//7584 6163//7584 6061//7584
f 6061//7585 6163//7585 6060//7585
f 6061//7586 6060//7586 1289//7586
f 1289//7587 6060//7587 1291//7587
f 1295//7588 1293//7588 6164//7588
f 6164//7589 1293//7589 6060//7589
f 6164//7590 6060//7590 6165//7590
f 6165//7591 6060//7591 6163//7591
f 6165//7592 6163//7592 6166//7592
f 6166//7593 6163//7593 6162//7593
f 6166//7594 6162//7594 6167//7594
f 6167//7595 6162//7595 6097//7595
f 6167//7596 6097//7596 1067//7596
f 1067//7596 6097//7596 1068//7596
f 1067//7597 1028//7597 6167//7597
f 6167//7598 1028//7598 6096//7598
f 6167//7599 6096//7599 6166//7599
f 6166//7600 6096//7600 6168//7600
f 6166//7601 6168//7601 6165//7601
f 6165//7601 6168//7601 6169//7601
f 6165//7602 6169//7602 6164//7602
f 6164//7603 6169//7603 6170//7603
f 6164//7604 6170//7604 1295//7604
f 1295//7604 6170//7604 1297//7604
f 1060//7605 1064//7605 6096//7605
f 6096//7606 1064//7606 6095//7606
f 6096//7607 6095//7607 6168//7607
f 6168//7607 6095//7607 6171//7607
f 6168//7608 6171//7608 6169//7608
f 6169//7609 6171//7609 6172//7609
f 6169//7610 6172//7610 6170//7610
f 6170//7611 6172//7611 6059//7611
f 6170//7612 6059//7612 1297//7612
f 1297//7613 6059//7613 1299//7613
f 1062//7614 1061//7614 6095//7614
f 6095//7614 1061//7614 6173//7614
f 6095//7615 6173//7615 6171//7615
f 6171//7616 6173//7616 6174//7616
f 6171//7617 6174//7617 6172//7617
f 6172//7617 6174//7617 6175//7617
f 6172//7618 6175//7618 6059//7618
f 6059//7619 6175//7619 6058//7619
f 6059//7620 6058//7620 1301//7620
f 1301//7621 6058//7621 1303//7621
f 1307//7622 1305//7622 6176//7622
f 6176//7623 1305//7623 6058//7623
f 6176//7624 6058//7624 6177//7624
f 6177//7624 6058//7624 6175//7624
f 6177//7625 6175//7625 6178//7625
f 6178//7626 6175//7626 6174//7626
f 6178//7627 6174//7627 6094//7627
f 6094//7627 6174//7627 6173//7627
f 6094//7628 6173//7628 1058//7628
f 1058//7629 6173//7629 1061//7629
f 1056//7630 1053//7630 6094//7630
f 6094//7631 1053//7631 6179//7631
f 6094//7632 6179//7632 6178//7632
f 6178//7633 6179//7633 6180//7633
f 6178//7634 6180//7634 6177//7634
f 6177//7634 6180//7634 6181//7634
f 6177//7635 6181//7635 6176//7635
f 6176//7636 6181//7636 6057//7636
f 6176//7637 6057//7637 1307//7637
f 1307//7638 6057//7638 1308//7638
f 1053//7639 1051//7639 6179//7639
f 6179//7640 1051//7640 6093//7640
f 6179//7641 6093//7641 6180//7641
f 6180//7641 6093//7641 6182//7641
f 6180//7642 6182//7642 6181//7642
f 6181//7642 6182//7642 6183//7642
f 6181//7643 6183//7643 6057//7643
f 6057//7644 6183//7644 6056//7644
f 6057//7645 6056//7645 1310//7645
f 1310//7646 6056//7646 1312//7646
f 1316//7647 1314//7647 6184//7647
f 6184//7648 1314//7648 6056//7648
f 6184//7649 6056//7649 6185//7649
f 6185//7650 6056//7650 6183//7650
f 6185//7651 6183//7651 6186//7651
f 6186//7652 6183//7652 6182//7652
f 6186//7653 6182//7653 6187//7653
f 6187//7653 6182//7653 6093//7653
f 6187//7654 6093//7654 1046//7654
f 1046//7654 6093//7654 1047//7654
f 1046//7655 1038//7655 6187//7655
f 6187//7656 1038//7656 6092//7656
f 6187//7657 6092//7657 6186//7657
f 6186//7658 6092//7658 6188//7658
f 6186//7659 6188//7659 6185//7659
f 6185//7660 6188//7660 6189//7660
f 6185//7661 6189//7661 6184//7661
f 6184//7662 6189//7662 6190//7662
f 6184//7663 6190//7663 1316//7663
f 1316//7663 6190//7663 1318//7663
f 1040//7664 1042//7664 6092//7664
f 6092//7665 1042//7665 6091//7665
f 6092//7666 6091//7666 6188//7666
f 6188//7666 6091//7666 6191//7666
f 6188//7667 6191//7667 6189//7667
f 6189//7668 6191//7668 6192//7668
f 6189//7669 6192//7669 6190//7669
f 6190//7669 6192//7669 6055//7669
f 6190//7670 6055//7670 1318//7670
f 1318//7670 6055//7670 1320//7670
f 1044//7671 1045//7671 6091//7671
f 6091//7672 1045//7672 6193//7672
f 6091//7673 6193//7673 6191//7673
f 6191//7673 6193//7673 6194//7673
f 6191//7674 6194//7674 6192//7674
f 6192//7674 6194//7674 6195//7674
f 6192//7675 6195//7675 6055//7675
f 6055//7676 6195//7676 6054//7676
f 6055//7677 6054//7677 1322//7677
f 1322//7678 6054//7678 1324//7678
f 1327//7679 1326//7679 6053//7679
f 6053//7680 1326//7680 6054//7680
f 6053//7681 6054//7681 6196//7681
f 6196//7682 6054//7682 6195//7682
f 6196//7683 6195//7683 6197//7683
f 6197//7683 6195//7683 6194//7683
f 6197//7684 6194//7684 6090//7684
f 6090//7684 6194//7684 6193//7684
f 6090//7685 6193//7685 1031//7685
f 1031//7686 6193//7686 1045//7686
f 1330//7687 1329//7687 6052//7687
f 6052//7688 1329//7688 6053//7688
f 6052//7689 6053//7689 6198//7689
f 6198//7689 6053//7689 6196//7689
f 6198//7690 6196//7690 6199//7690
f 6199//7690 6196//7690 6197//7690
f 6199//7691 6197//7691 6200//7691
f 6200//7691 6197//7691 6090//7691
f 6200//7692 6090//7692 1035//7692
f 1035//7693 6090//7693 1033//7693
f 1035//7694 1119//7694 6200//7694
f 6200//7695 1119//7695 6089//7695
f 6200//7696 6089//7696 6199//7696
f 6199//7696 6089//7696 6201//7696
f 6199//7697 6201//7697 6198//7697
f 6198//7697 6201//7697 6202//7697
f 6198//7698 6202//7698 6052//7698
f 6052//7699 6202//7699 6051//7699
f 6052//7700 6051//7700 1332//7700
f 1332//7701 6051//7701 1334//7701
f 1338//7702 1336//7702 6203//7702
f 6203//7703 1336//7703 6051//7703
f 6203//7704 6051//7704 6204//7704
f 6204//7705 6051//7705 6202//7705
f 6204//7706 6202//7706 6205//7706
f 6205//7706 6202//7706 6201//7706
f 6205//7707 6201//7707 6206//7707
f 6206//7707 6201//7707 6089//7707
f 6206//7708 6089//7708 1125//7708
f 1125//7708 6089//7708 1123//7708
f 1125//7709 1127//7709 6206//7709
f 6206//7710 1127//7710 6088//7710
f 6206//7711 6088//7711 6205//7711
f 6205//7711 6088//7711 6207//7711
f 6205//7712 6207//7712 6204//7712
f 6204//7713 6207//7713 6208//7713
f 6204//7714 6208//7714 6203//7714
f 6203//7714 6208//7714 6209//7714
f 6203//7715 6209//7715 1338//7715
f 1338//7715 6209//7715 1340//7715
f 1129//7716 1131//7716 6088//7716
f 6088//7717 1131//7717 6087//7717
f 6088//7718 6087//7718 6207//7718
f 6207//7719 6087//7719 6210//7719
f 6207//7720 6210//7720 6208//7720
f 6208//7720 6210//7720 6211//7720
f 6208//7721 6211//7721 6209//7721
f 6209//7722 6211//7722 6050//7722
f 6209//7723 6050//7723 1340//7723
f 1340//7723 6050//7723 1342//7723
f 1133//7724 1135//7724 6087//7724
f 6087//7724 1135//7724 6212//7724
f 6087//7725 6212//7725 6210//7725
f 6210//7725 6212//7725 6213//7725
f 6210//7726 6213//7726 6211//7726
f 6211//7726 6213//7726 6214//7726
f 6211//7727 6214//7727 6050//7727
f 6050//7728 6214//7728 6049//7728
f 6050//7729 6049//7729 1344//7729
f 1344//7730 6049//7730 1346//7730
f 1350//7731 1348//7731 6215//7731
f 6215//7732 1348//7732 6049//7732
f 6215//7733 6049//7733 6216//7733
f 6216//7734 6049//7734 6214//7734
f 6216//7735 6214//7735 6217//7735
f 6217//7736 6214//7736 6213//7736
f 6217//7737 6213//7737 6086//7737
f 6086//7737 6213//7737 6212//7737
f 6086//7738 6212//7738 1137//7738
f 1137//7739 6212//7739 1135//7739
f 1139//7740 1141//7740 6086//7740
f 6086//7741 1141//7741 6218//7741
f 6086//7742 6218//7742 6217//7742
f 6217//7743 6218//7743 6219//7743
f 6217//7744 6219//7744 6216//7744
f 6216//7744 6219//7744 6220//7744
f 6216//7745 6220//7745 6215//7745
f 6215//7746 6220//7746 6048//7746
f 6215//7747 6048//7747 1350//7747
f 1350//7748 6048//7748 1351//7748
f 1141//7749 1143//7749 6218//7749
f 6218//7750 1143//7750 6085//7750
f 6218//7751 6085//7751 6219//7751
f 6219//7751 6085//7751 6221//7751
f 6219//7752 6221//7752 6220//7752
f 6220//7753 6221//7753 6222//7753
f 6220//7754 6222//7754 6048//7754
f 6048//7755 6222//7755 6047//7755
f 6048//7756 6047//7756 1353//7756
f 1353//7757 6047//7757 1355//7757
f 1359//7758 1357//7758 6223//7758
f 6223//7759 1357//7759 6047//7759
f 6223//7760 6047//7760 6224//7760
f 6224//7761 6047//7761 6222//7761
f 6224//7762 6222//7762 6225//7762
f 6225//7762 6222//7762 6221//7762
f 6225//7763 6221//7763 6226//7763
f 6226//7763 6221//7763 6085//7763
f 6226//7764 6085//7764 1149//7764
f 1149//7765 6085//7765 1147//7765
f 1149//7766 1151//7766 6226//7766
f 6226//7767 1151//7767 6084//7767
f 6226//7768 6084//7768 6225//7768
f 6225//7768 6084//7768 6227//7768
f 6225//7769 6227//7769 6224//7769
f 6224//7770 6227//7770 6228//7770
f 6224//7771 6228//7771 6223//7771
f 6223//7772 6228//7772 6229//7772
f 6223//7773 6229//7773 1359//7773
f 1359//7773 6229//7773 1361//7773
f 1153//7774 1155//7774 6084//7774
f 6084//7775 1155//7775 6083//7775
f 6084//7776 6083//7776 6227//7776
f 6227//7777 6083//7777 6230//7777
f 6227//7778 6230//7778 6228//7778
f 6228//7778 6230//7778 6231//7778
f 6228//7779 6231//7779 6229//7779
f 6229//7779 6231//7779 6046//7779
f 6229//7780 6046//7780 1361//7780
f 1361//7781 6046//7781 1363//7781
f 1157//7782 1159//7782 6083//7782
f 6083//7783 1159//7783 6232//7783
f 6083//7784 6232//7784 6230//7784
f 6230//7784 6232//7784 6233//7784
f 6230//7785 6233//7785 6231//7785
f 6231//7786 6233//7786 6234//7786
f 6231//7787 6234//7787 6046//7787
f 6046//7788 6234//7788 6045//7788
f 6046//7789 6045//7789 1365//7789
f 1365//7790 6045//7790 1367//7790
f 1371//7791 1369//7791 6235//7791
f 6235//7792 1369//7792 6045//7792
f 6235//7793 6045//7793 6236//7793
f 6236//7794 6045//7794 6234//7794
f 6236//7795 6234//7795 6237//7795
f 6237//7796 6234//7796 6233//7796
f 6237//7797 6233//7797 6082//7797
f 6082//7797 6233//7797 6232//7797
f 6082//7798 6232//7798 1161//7798
f 1161//7799 6232//7799 1159//7799
f 1163//7800 1165//7800 6082//7800
f 6082//7801 1165//7801 6238//7801
f 6082//7802 6238//7802 6237//7802
f 6237//7803 6238//7803 6239//7803
f 6237//7804 6239//7804 6236//7804
f 6236//7804 6239//7804 6240//7804
f 6236//7805 6240//7805 6235//7805
f 6235//7805 6240//7805 6044//7805
f 6235//7806 6044//7806 1371//7806
f 1371//7806 6044//7806 1372//7806
f 1165//7807 1167//7807 6238//7807
f 6238//7808 1167//7808 6081//7808
f 6238//7809 6081//7809 6239//7809
f 6239//7809 6081//7809 6241//7809
f 6239//7810 6241//7810 6240//7810
f 6240//7810 6241//7810 6242//7810
f 6240//7811 6242//7811 6044//7811
f 6044//7812 6242//7812 6043//7812
f 6044//7813 6043//7813 1374//7813
f 1374//7814 6043//7814 1376//7814
f 1380//7815 1378//7815 6243//7815
f 6243//7816 1378//7816 6043//7816
f 6243//7817 6043//7817 6244//7817
f 6244//7818 6043//7818 6242//7818
f 6244//7819 6242//7819 6245//7819
f 6245//7820 6242//7820 6241//7820
f 6245//7821 6241//7821 6246//7821
f 6246//7821 6241//7821 6081//7821
f 6246//7822 6081//7822 1173//7822
f 1173//7822 6081//7822 1171//7822
f 1173//7823 1175//7823 6246//7823
f 6246//7824 1175//7824 6080//7824
f 6246//7825 6080//7825 6245//7825
f 6245//7825 6080//7825 6247//7825
f 6245//7826 6247//7826 6244//7826
f 6244//7827 6247//7827 6248//7827
f 6244//7828 6248//7828 6243//7828
f 6243//7829 6248//7829 6249//7829
f 6243//7830 6249//7830 1380//7830
f 1380//7830 6249//7830 1382//7830
f 1177//7831 1179//7831 6080//7831
f 6080//7832 1179//7832 6079//7832
f 6080//7833 6079//7833 6247//7833
f 6247//7833 6079//7833 6250//7833
f 6247//7834 6250//7834 6248//7834
f 6248//7835 6250//7835 6251//7835
f 6248//7836 6251//7836 6249//7836
f 6249//7837 6251//7837 6042//7837
f 6249//7838 6042//7838 1382//7838
f 1382//7839 6042//7839 1384//7839
f 1181//7840 1183//7840 6079//7840
f 6079//7841 1183//7841 6252//7841
f 6079//7842 6252//7842 6250//7842
f 6250//7842 6252//7842 6253//7842
f 6250//7843 6253//7843 6251//7843
f 6251//7843 6253//7843 6254//7843
f 6251//7844 6254//7844 6042//7844
f 6042//7845 6254//7845 6041//7845
f 6042//7846 6041//7846 1386//7846
f 1386//7847 6041//7847 1388//7847
f 1392//7848 1390//7848 6255//7848
f 6255//7849 1390//7849 6041//7849
f 6255//7850 6041//7850 6256//7850
f 6256//7851 6041//7851 6254//7851
f 6256//7852 6254//7852 6257//7852
f 6257//7853 6254//7853 6253//7853
f 6257//7854 6253//7854 6078//7854
f 6078//7855 6253//7855 6252//7855
f 6078//7856 6252//7856 1185//7856
f 1185//7857 6252//7857 1183//7857
f 1187//7858 1189//7858 6078//7858
f 6078//7859 1189//7859 6258//7859
f 6078//7860 6258//7860 6257//7860
f 6257//7861 6258//7861 6259//7861
f 6257//7862 6259//7862 6256//7862
f 6256//7863 6259//7863 6260//7863
f 6256//7864 6260//7864 6255//7864
f 6255//7865 6260//7865 6040//7865
f 6255//7866 6040//7866 1392//7866
f 1392//7867 6040//7867 1393//7867
f 1189//7868 1191//7868 6258//7868
f 6258//7869 1191//7869 6077//7869
f 6258//7870 6077//7870 6259//7870
f 6259//7871 6077//7871 6261//7871
f 6259//7872 6261//7872 6260//7872
f 6260//7872 6261//7872 6262//7872
f 6260//7873 6262//7873 6040//7873
f 6040//7874 6262//7874 6039//7874
f 6040//7875 6039//7875 1395//7875
f 1395//7876 6039//7876 1397//7876
f 1401//7877 1399//7877 6263//7877
f 6263//7878 1399//7878 6039//7878
f 6263//7879 6039//7879 6264//7879
f 6264//7880 6039//7880 6262//7880
f 6264//7881 6262//7881 6265//7881
f 6265//7882 6262//7882 6261//7882
f 6265//7883 6261//7883 6266//7883
f 6266//7884 6261//7884 6077//7884
f 6266//7885 6077//7885 1197//7885
f 1197//7886 6077//7886 1195//7886
f 1197//7887 1199//7887 6266//7887
f 6266//7888 1199//7888 6076//7888
f 6266//7889 6076//7889 6265//7889
f 6265//7890 6076//7890 6267//7890
f 6265//7891 6267//7891 6264//7891
f 6264//7892 6267//7892 6268//7892
f 6264//7893 6268//7893 6263//7893
f 6263//7894 6268//7894 6269//7894
f 6263//7895 6269//7895 1401//7895
f 1401//7896 6269//7896 1403//7896
f 1201//7897 1203//7897 6076//7897
f 6076//7898 1203//7898 6075//7898
f 6076//7899 6075//7899 6267//7899
f 6267//7900 6075//7900 6270//7900
f 6267//7901 6270//7901 6268//7901
f 6268//7902 6270//7902 6271//7902
f 6268//7903 6271//7903 6269//7903
f 6269//7904 6271//7904 6038//7904
f 6269//7905 6038//7905 1403//7905
f 1403//7906 6038//7906 1405//7906
f 1205//7907 1207//7907 6075//7907
f 6075//7907 1207//7907 6272//7907
f 6075//7908 6272//7908 6270//7908
f 6270//7909 6272//7909 6273//7909
f 6270//7910 6273//7910 6271//7910
f 6271//7911 6273//7911 6274//7911
f 6271//7912 6274//7912 6038//7912
f 6038//7913 6274//7913 6037//7913
f 6038//7914 6037//7914 1407//7914
f 1407//7915 6037//7915 1409//7915
f 1413//7916 1411//7916 6275//7916
f 6275//7917 1411//7917 6037//7917
f 6275//7918 6037//7918 6276//7918
f 6276//7919 6037//7919 6274//7919
f 6276//7920 6274//7920 6277//7920
f 6277//7920 6274//7920 6273//7920
f 6277//7921 6273//7921 6074//7921
f 6074//7922 6273//7922 6272//7922
f 6074//7923 6272//7923 1209//7923
f 1209//7924 6272//7924 1207//7924
f 1211//7925 1213//7925 6074//7925
f 6074//7926 1213//7926 6278//7926
f 6074//7927 6278//7927 6277//7927
f 6277//7928 6278//7928 6279//7928
f 6277//7929 6279//7929 6276//7929
f 6276//7929 6279//7929 6280//7929
f 6276//7930 6280//7930 6275//7930
f 6275//7931 6280//7931 6036//7931
f 6275//7932 6036//7932 1413//7932
f 1413//7933 6036//7933 1414//7933
f 1213//7934 1215//7934 6278//7934
f 6278//7935 1215//7935 6073//7935
f 6278//7936 6073//7936 6279//7936
f 6279//7937 6073//7937 6281//7937
f 6279//7938 6281//7938 6280//7938
f 6280//7938 6281//7938 6282//7938
f 6280//7939 6282//7939 6036//7939
f 6036//7940 6282//7940 6035//7940
f 6036//7941 6035//7941 1416//7941
f 1416//7942 6035//7942 1418//7942
f 1422//7943 1420//7943 6283//7943
f 6283//7944 1420//7944 6035//7944
f 6283//7945 6035//7945 6284//7945
f 6284//7946 6035//7946 6282//7946
f 6284//7947 6282//7947 6285//7947
f 6285//7948 6282//7948 6281//7948
f 6285//7949 6281//7949 6286//7949
f 6286//7950 6281//7950 6073//7950
f 6286//7951 6073//7951 1221//7951
f 1221//7952 6073//7952 1219//7952
f 1221//7953 1223//7953 6286//7953
f 6286//7954 1223//7954 6072//7954
f 6286//7955 6072//7955 6285//7955
f 6285//7956 6072//7956 6108//7956
f 6285//7957 6108//7957 6284//7957
f 6284//7957 6108//7957 6110//7957
f 6284//7958 6110//7958 6283//7958
f 6283//7959 6110//7959 6112//7959
f 6283//7960 6112//7960 1422//7960
f 1422//7960 6112//7960 1424//7960
f 490//7961 492//7961 6287//7961
f 496//7962 498//7962 6288//7962
f 504//7963 506//7963 6289//7963
f 510//7964 512//7964 6290//7964
f 520//7965 522//7965 6291//7965
f 530//7966 532//7966 6292//7966
f 538//7967 540//7967 6293//7967
f 544//7968 546//7968 6294//7968
f 554//7969 556//7969 6295//7969
f 564//7970 566//7970 6296//7970
f 568//7971 570//7971 6297//7971
f 578//7972 580//7972 6298//7972
f 588//7973 590//7973 6299//7973
f 384//7974 386//7974 6300//7974
f 394//7975 396//7975 6301//7975
f 404//7976 406//7976 6302//7976
f 412//7977 414//7977 6303//7977
f 418//7978 420//7978 6304//7978
f 428//7979 430//7979 6305//7979
f 438//7980 440//7980 6306//7980
f 442//7981 444//7981 6307//7981
f 446//7982 448//7982 6308//7982
f 452//7983 454//7983 6309//7983
f 462//7984 464//7984 6310//7984
f 472//7985 474//7985 6311//7985
f 476//7986 478//7986 6312//7986
f 6313//7987 275//7987 236//7987
f 273//7988 275//7988 6314//7988
f 6314//7988 275//7988 6313//7988
f 6314//7989 6313//7989 6315//7989
f 271//7990 273//7990 6316//7990
f 6316//7990 273//7990 6314//7990
f 6316//7991 6314//7991 6317//7991
f 6317//7991 6314//7991 6315//7991
f 6317//7992 6315//7992 6318//7992
f 269//7993 271//7993 6319//7993
f 6319//7993 271//7993 6316//7993
f 6319//7994 6316//7994 6320//7994
f 6320//7994 6316//7994 6317//7994
f 6320//7995 6317//7995 6321//7995
f 6321//7995 6317//7995 6318//7995
f 6321//7996 6318//7996 6322//7996
f 267//7997 269//7997 6323//7997
f 6323//7997 269//7997 6319//7997
f 6323//7998 6319//7998 6324//7998
f 6324//7998 6319//7998 6320//7998
f 6324//7999 6320//7999 6325//7999
f 6325//7999 6320//7999 6321//7999
f 6325//8000 6321//8000 6326//8000
f 6326//8000 6321//8000 6322//8000
f 6326//8001 6322//8001 6327//8001
f 355//8002 267//8002 6328//8002
f 6328//8002 267//8002 6323//8002
f 6328//8003 6323//8003 6329//8003
f 6329//8003 6323//8003 6324//8003
f 6329//8004 6324//8004 6330//8004
f 6330//8004 6324//8004 6325//8004
f 6330//8005 6325//8005 6331//8005
f 6331//8005 6325//8005 6326//8005
f 6331//8006 6326//8006 6332//8006
f 6332//8006 6326//8006 6327//8006
f 6332//8007 6327//8007 6333//8007
f 353//8008 355//8008 6334//8008
f 6334//8008 355//8008 6328//8008
f 6334//8009 6328//8009 6335//8009
f 6335//8009 6328//8009 6329//8009
f 6335//8010 6329//8010 6336//8010
f 6336//8010 6329//8010 6330//8010
f 6336//8011 6330//8011 6337//8011
f 6337//8012 6330//8012 6331//8012
f 6337//8013 6331//8013 6338//8013
f 6338//8013 6331//8013 6332//8013
f 6338//8014 6332//8014 6339//8014
f 6339//8014 6332//8014 6333//8014
f 6339//8015 6333//8015 6340//8015
f 351//8016 353//8016 6341//8016
f 6341//8016 353//8016 6334//8016
f 6341//8017 6334//8017 6342//8017
f 6342//8017 6334//8017 6335//8017
f 6342//8018 6335//8018 6343//8018
f 6343//8018 6335//8018 6336//8018
f 6343//8019 6336//8019 6344//8019
f 6344//8019 6336//8019 6337//8019
f 6344//8020 6337//8020 6345//8020
f 6345//8020 6337//8020 6338//8020
f 6345//8021 6338//8021 6346//8021
f 6346//8021 6338//8021 6339//8021
f 6346//8022 6339//8022 6347//8022
f 6347//8022 6339//8022 6340//8022
f 6347//8023 6340//8023 6287//8023
f 6348//8024 6349//8024 6350//8024
f 6312//8025 6351//8025 6352//8025
f 6352//8026 6351//8026 6353//8026
f 6352//8027 6353//8027 6354//8027
f 6354//8027 6353//8027 6355//8027
f 6354//8028 6355//8028 6356//8028
f 6310//8029 6357//8029 6358//8029
f 6358//8029 6357//8029 6359//8029
f 6358//8030 6359//8030 6360//8030
f 6360//8030 6359//8030 6361//8030
f 6360//8031 6361//8031 6362//8031
f 6362//8031 6361//8031 6363//8031
f 6362//8032 6363//8032 6364//8032
f 6364//8032 6363//8032 6365//8032
f 6364//8033 6365//8033 6366//8033
f 6366//8033 6365//8033 6367//8033
f 6366//8034 6367//8034 6368//8034
f 6368//8034 6367//8034 6369//8034
f 6368//8035 6369//8035 6370//8035
f 240//8036 242//8036 6371//8036
f 6371//8036 242//8036 6372//8036
f 6371//8037 6372//8037 6373//8037
f 6373//8037 6372//8037 6374//8037
f 6373//8038 6374//8038 6375//8038
f 6375//8038 6374//8038 6376//8038
f 6375//8039 6376//8039 6377//8039
f 6377//8039 6376//8039 6378//8039
f 6377//8040 6378//8040 6379//8040
f 6379//8040 6378//8040 6380//8040
f 6379//8041 6380//8041 6381//8041
f 6381//8041 6380//8041 6382//8041
f 6381//8042 6382//8042 6383//8042
f 6383//8042 6382//8042 6384//8042
f 6383//8043 6384//8043 6385//8043
f 6385//8043 6384//8043 6309//8043
f 255//8044 280//8044 6386//8044
f 6386//8044 280//8044 6387//8044
f 6386//8045 6387//8045 6388//8045
f 6388//8045 6387//8045 6389//8045
f 6388//8046 6389//8046 6390//8046
f 6390//8046 6389//8046 6391//8046
f 6390//8047 6391//8047 6392//8047
f 6392//8047 6391//8047 6393//8047
f 6392//8048 6393//8048 6394//8048
f 6394//8048 6393//8048 6395//8048
f 6394//8049 6395//8049 6396//8049
f 6396//8049 6395//8049 6397//8049
f 6396//8050 6397//8050 6398//8050
f 6398//8050 6397//8050 6399//8050
f 6398//8051 6399//8051 6400//8051
f 6400//8051 6399//8051 6305//8051
f 284//8052 286//8052 6401//8052
f 6401//8052 286//8052 6402//8052
f 6401//8053 6402//8053 6403//8053
f 6403//8053 6402//8053 6404//8053
f 6403//8054 6404//8054 6405//8054
f 6405//8054 6404//8054 6406//8054
f 6405//8055 6406//8055 6407//8055
f 6407//8055 6406//8055 6408//8055
f 6407//8056 6408//8056 6409//8056
f 6409//8056 6408//8056 6410//8056
f 6409//8057 6410//8057 6411//8057
f 6411//8057 6410//8057 6412//8057
f 6411//8058 6412//8058 6413//8058
f 6413//8058 6412//8058 6414//8058
f 6413//8059 6414//8059 6415//8059
f 6415//8059 6414//8059 6304//8059
f 293//8060 295//8060 6416//8060
f 6416//8060 295//8060 6417//8060
f 6416//8061 6417//8061 6418//8061
f 6418//8061 6417//8061 6419//8061
f 6418//8062 6419//8062 6420//8062
f 6420//8062 6419//8062 6421//8062
f 6420//8063 6421//8063 6422//8063
f 6422//8063 6421//8063 6423//8063
f 6422//8064 6423//8064 6424//8064
f 6424//8065 6423//8065 6425//8065
f 6424//8066 6425//8066 6426//8066
f 6426//8066 6425//8066 6427//8066
f 6426//8067 6427//8067 6428//8067
f 6428//8067 6427//8067 6429//8067
f 6428//8068 6429//8068 6430//8068
f 6430//8068 6429//8068 6302//8068
f 258//8069 260//8069 6431//8069
f 6431//8069 260//8069 6432//8069
f 6431//8070 6432//8070 6433//8070
f 6433//8070 6432//8070 6434//8070
f 6433//8071 6434//8071 6435//8071
f 6435//8071 6434//8071 6436//8071
f 6435//8072 6436//8072 6437//8072
f 6437//8072 6436//8072 6438//8072
f 6437//8073 6438//8073 6439//8073
f 6439//8073 6438//8073 6440//8073
f 6439//8074 6440//8074 6441//8074
f 6441//8074 6440//8074 6442//8074
f 6441//8075 6442//8075 6443//8075
f 6443//8075 6442//8075 6444//8075
f 6443//8076 6444//8076 6445//8076
f 6445//8076 6444//8076 6301//8076
f 264//8077 266//8077 6446//8077
f 6446//8077 266//8077 6447//8077
f 6446//8078 6447//8078 6448//8078
f 6448//8078 6447//8078 6449//8078
f 6448//8079 6449//8079 6450//8079
f 6450//8079 6449//8079 6451//8079
f 6450//8080 6451//8080 6452//8080
f 6452//8080 6451//8080 6453//8080
f 6452//8081 6453//8081 6454//8081
f 6454//8081 6453//8081 6455//8081
f 6454//8082 6455//8082 6456//8082
f 6456//8082 6455//8082 6457//8082
f 6456//8083 6457//8083 6458//8083
f 6458//8083 6457//8083 6459//8083
f 6458//8084 6459//8084 6460//8084
f 6460//8084 6459//8084 6300//8084
f 304//8085 306//8085 6461//8085
f 6461//8085 306//8085 6462//8085
f 6461//8086 6462//8086 6463//8086
f 6463//8086 6462//8086 6464//8086
f 6463//8087 6464//8087 6465//8087
f 6465//8087 6464//8087 6466//8087
f 6465//8088 6466//8088 6467//8088
f 6467//8088 6466//8088 6468//8088
f 6467//8089 6468//8089 6469//8089
f 6469//8089 6468//8089 6470//8089
f 6469//8090 6470//8090 6471//8090
f 6471//8090 6470//8090 6472//8090
f 6471//8091 6472//8091 6473//8091
f 6473//8091 6472//8091 6474//8091
f 6473//8092 6474//8092 6475//8092
f 6475//8092 6474//8092 6299//8092
f 311//8093 313//8093 6476//8093
f 6476//8093 313//8093 6477//8093
f 6476//8094 6477//8094 6478//8094
f 6478//8094 6477//8094 6479//8094
f 6478//8095 6479//8095 6480//8095
f 6480//8095 6479//8095 6481//8095
f 6480//8096 6481//8096 6482//8096
f 6482//8096 6481//8096 6483//8096
f 6482//8097 6483//8097 6484//8097
f 6484//8097 6483//8097 6485//8097
f 6484//8098 6485//8098 6486//8098
f 6486//8098 6485//8098 6487//8098
f 6486//8099 6487//8099 6488//8099
f 6488//8099 6487//8099 6489//8099
f 6488//8100 6489//8100 6490//8100
f 6490//8100 6489//8100 6298//8100
f 317//8101 320//8101 6491//8101
f 6491//8101 320//8101 6492//8101
f 6491//8102 6492//8102 6493//8102
f 6493//8102 6492//8102 6494//8102
f 6493//8103 6494//8103 6495//8103
f 6495//8104 6494//8104 6496//8104
f 6495//8105 6496//8105 6497//8105
f 6497//8105 6496//8105 6498//8105
f 6497//8106 6498//8106 6499//8106
f 6499//8107 6498//8107 6500//8107
f 6499//8108 6500//8108 6501//8108
f 6501//8108 6500//8108 6502//8108
f 6501//8109 6502//8109 6503//8109
f 6503//8109 6502//8109 6504//8109
f 6503//8110 6504//8110 6505//8110
f 6505//8110 6504//8110 6297//8110
f 326//8111 329//8111 6506//8111
f 6506//8111 329//8111 6507//8111
f 6506//8112 6507//8112 6508//8112
f 6508//8112 6507//8112 6509//8112
f 6508//8113 6509//8113 6510//8113
f 6510//8113 6509//8113 6511//8113
f 6510//8114 6511//8114 6512//8114
f 6512//8114 6511//8114 6513//8114
f 6512//8115 6513//8115 6514//8115
f 6514//8115 6513//8115 6515//8115
f 6514//8116 6515//8116 6516//8116
f 6516//8116 6515//8116 6517//8116
f 6516//8117 6517//8117 6518//8117
f 6518//8117 6517//8117 6519//8117
f 6518//8118 6519//8118 6520//8118
f 6520//8118 6519//8118 6295//8118
f 333//8119 335//8119 6521//8119
f 6521//8119 335//8119 6522//8119
f 6521//8120 6522//8120 6523//8120
f 6523//8120 6522//8120 6524//8120
f 6523//8121 6524//8121 6525//8121
f 6525//8121 6524//8121 6526//8121
f 6525//8122 6526//8122 6527//8122
f 6527//8122 6526//8122 6528//8122
f 6527//8123 6528//8123 6529//8123
f 6529//8123 6528//8123 6530//8123
f 6529//8124 6530//8124 6531//8124
f 6531//8124 6530//8124 6532//8124
f 6531//8125 6532//8125 6533//8125
f 6533//8125 6532//8125 6534//8125
f 6533//8126 6534//8126 6535//8126
f 6535//8126 6534//8126 6294//8126
f 342//8127 344//8127 6536//8127
f 6536//8127 344//8127 6537//8127
f 6536//8128 6537//8128 6538//8128
f 6538//8128 6537//8128 6539//8128
f 6538//8129 6539//8129 6540//8129
f 6540//8129 6539//8129 6541//8129
f 6540//8130 6541//8130 6542//8130
f 6542//8130 6541//8130 6543//8130
f 6542//8131 6543//8131 6544//8131
f 6544//8131 6543//8131 6545//8131
f 6544//8132 6545//8132 6546//8132
f 6546//8132 6545//8132 6547//8132
f 6546//8133 6547//8133 6548//8133
f 6548//8133 6547//8133 6549//8133
f 6548//8134 6549//8134 6550//8134
f 6550//8134 6549//8134 6292//8134
f 348//8135 360//8135 6551//8135
f 6551//8135 360//8135 6552//8135
f 6551//8136 6552//8136 6553//8136
f 6553//8136 6552//8136 6554//8136
f 6553//8137 6554//8137 6555//8137
f 6555//8138 6554//8138 6556//8138
f 6555//8139 6556//8139 6557//8139
f 6557//8139 6556//8139 6558//8139
f 6557//8140 6558//8140 6559//8140
f 6559//8140 6558//8140 6560//8140
f 6559//8141 6560//8141 6561//8141
f 6561//8141 6560//8141 6562//8141
f 6561//8142 6562//8142 6563//8142
f 6563//8142 6562//8142 6564//8142
f 6563//8143 6564//8143 6565//8143
f 6565//8143 6564//8143 6291//8143
f 364//8144 366//8144 6566//8144
f 6566//8144 366//8144 6567//8144
f 6566//8145 6567//8145 6568//8145
f 6568//8145 6567//8145 6569//8145
f 6568//8146 6569//8146 6570//8146
f 6570//8146 6569//8146 6571//8146
f 6570//8147 6571//8147 6572//8147
f 6572//8147 6571//8147 6573//8147
f 6572//8148 6573//8148 6574//8148
f 6574//8149 6573//8149 6575//8149
f 6574//8150 6575//8150 6576//8150
f 6576//8150 6575//8150 6577//8150
f 6576//8151 6577//8151 6578//8151
f 6578//8151 6577//8151 6579//8151
f 6578//8152 6579//8152 6580//8152
f 6580//8152 6579//8152 6290//8152
f 373//8153 375//8153 6581//8153
f 6581//8153 375//8153 6582//8153
f 6581//8154 6582//8154 6583//8154
f 6583//8154 6582//8154 6584//8154
f 6583//8155 6584//8155 6585//8155
f 6585//8155 6584//8155 6586//8155
f 6585//8156 6586//8156 6587//8156
f 6587//8156 6586//8156 6588//8156
f 6587//8157 6588//8157 6589//8157
f 6589//8157 6588//8157 6590//8157
f 6589//8158 6590//8158 6591//8158
f 6591//8158 6590//8158 6592//8158
f 6591//8159 6592//8159 6593//8159
f 6593//8159 6592//8159 6594//8159
f 6593//8160 6594//8160 6595//8160
f 6595//8160 6594//8160 6288//8160
f 488//8161 6350//8161 486//8161
f 486//8162 6350//8162 6349//8162
f 486//8163 6349//8163 484//8163
f 482//8164 484//8164 6351//8164
f 6351//8164 484//8164 6349//8164
f 6351//8165 6349//8165 6353//8165
f 6353//8166 6349//8166 6348//8166
f 6353//8167 6348//8167 6355//8167
f 6312//8168 478//8168 6351//8168
f 6351//8169 478//8169 480//8169
f 6351//8170 480//8170 482//8170
f 474//8171 476//8171 6311//8171
f 6311//8172 476//8172 6312//8172
f 6311//8173 6312//8173 6596//8173
f 6596//8173 6312//8173 6352//8173
f 6596//8174 6352//8174 6597//8174
f 6597//8174 6352//8174 6354//8174
f 6597//8175 6354//8175 6598//8175
f 6598//8175 6354//8175 6356//8175
f 6598//8176 6356//8176 6599//8176
f 470//8177 472//8177 6600//8177
f 6600//8178 472//8178 6311//8178
f 6600//8179 6311//8179 6601//8179
f 6601//8179 6311//8179 6596//8179
f 6601//8180 6596//8180 6602//8180
f 6602//8180 6596//8180 6597//8180
f 6602//8181 6597//8181 6603//8181
f 6603//8181 6597//8181 6598//8181
f 6603//8182 6598//8182 6604//8182
f 6604//8182 6598//8182 6599//8182
f 6604//8183 6599//8183 6605//8183
f 468//8184 470//8184 6357//8184
f 6357//8184 470//8184 6600//8184
f 6357//8185 6600//8185 6359//8185
f 6359//8185 6600//8185 6601//8185
f 6359//8186 6601//8186 6361//8186
f 6361//8186 6601//8186 6602//8186
f 6361//8187 6602//8187 6363//8187
f 6363//8187 6602//8187 6603//8187
f 6363//8188 6603//8188 6365//8188
f 6365//8188 6603//8188 6604//8188
f 6365//8189 6604//8189 6367//8189
f 6367//8189 6604//8189 6605//8189
f 6367//8190 6605//8190 6369//8190
f 6310//8191 464//8191 6357//8191
f 6357//8192 464//8192 466//8192
f 6357//8193 466//8193 468//8193
f 460//8194 462//8194 6606//8194
f 6606//8195 462//8195 6310//8195
f 6606//8196 6310//8196 6607//8196
f 6607//8196 6310//8196 6358//8196
f 6607//8197 6358//8197 6608//8197
f 6608//8197 6358//8197 6360//8197
f 6608//8198 6360//8198 6609//8198
f 6609//8198 6360//8198 6362//8198
f 6609//8199 6362//8199 6610//8199
f 6610//8199 6362//8199 6364//8199
f 6610//8200 6364//8200 6611//8200
f 6611//8200 6364//8200 6366//8200
f 6611//8201 6366//8201 6612//8201
f 6612//8201 6366//8201 6368//8201
f 6612//8202 6368//8202 6613//8202
f 6613//8202 6368//8202 6370//8202
f 6613//8203 6370//8203 238//8203
f 238//8203 6370//8203 236//8203
f 238//8204 240//8204 6613//8204
f 6613//8204 240//8204 6371//8204
f 6613//8205 6371//8205 6612//8205
f 6612//8205 6371//8205 6373//8205
f 6612//8206 6373//8206 6611//8206
f 6611//8207 6373//8207 6375//8207
f 6611//8208 6375//8208 6610//8208
f 6610//8208 6375//8208 6377//8208
f 6610//8209 6377//8209 6609//8209
f 6609//8209 6377//8209 6379//8209
f 6609//8210 6379//8210 6608//8210
f 6608//8210 6379//8210 6381//8210
f 6608//8211 6381//8211 6607//8211
f 6607//8211 6381//8211 6383//8211
f 6607//8212 6383//8212 6606//8212
f 6606//8212 6383//8212 6385//8212
f 6606//8213 6385//8213 460//8213
f 460//8214 6385//8214 458//8214
f 6309//8215 454//8215 6385//8215
f 6385//8216 454//8216 456//8216
f 6385//8217 456//8217 458//8217
f 450//8218 452//8218 6614//8218
f 6614//8219 452//8219 6309//8219
f 6614//8220 6309//8220 6615//8220
f 6615//8220 6309//8220 6384//8220
f 6615//8221 6384//8221 6616//8221
f 6616//8221 6384//8221 6382//8221
f 6616//8222 6382//8222 6617//8222
f 6617//8222 6382//8222 6380//8222
f 6617//8223 6380//8223 6618//8223
f 6618//8223 6380//8223 6378//8223
f 6618//8224 6378//8224 6619//8224
f 6619//8224 6378//8224 6376//8224
f 6619//8225 6376//8225 6620//8225
f 6620//8226 6376//8226 6374//8226
f 6620//8227 6374//8227 6621//8227
f 6621//8227 6374//8227 6372//8227
f 6621//8228 6372//8228 244//8228
f 244//8228 6372//8228 242//8228
f 244//8229 247//8229 6621//8229
f 6621//8229 247//8229 6622//8229
f 6621//8230 6622//8230 6620//8230
f 6620//8230 6622//8230 6623//8230
f 6620//8231 6623//8231 6619//8231
f 6619//8231 6623//8231 6624//8231
f 6619//8232 6624//8232 6618//8232
f 6618//8232 6624//8232 6625//8232
f 6618//8233 6625//8233 6617//8233
f 6617//8233 6625//8233 6626//8233
f 6617//8234 6626//8234 6616//8234
f 6616//8234 6626//8234 6627//8234
f 6616//8235 6627//8235 6615//8235
f 6615//8235 6627//8235 6628//8235
f 6615//8236 6628//8236 6614//8236
f 6614//8236 6628//8236 6308//8236
f 6614//8237 6308//8237 450//8237
f 450//8238 6308//8238 448//8238
f 444//8239 446//8239 6307//8239
f 6307//8240 446//8240 6308//8240
f 6307//8241 6308//8241 6629//8241
f 6629//8241 6308//8241 6628//8241
f 6629//8242 6628//8242 6630//8242
f 6630//8242 6628//8242 6627//8242
f 6630//8243 6627//8243 6631//8243
f 6631//8243 6627//8243 6626//8243
f 6631//8244 6626//8244 6632//8244
f 6632//8244 6626//8244 6625//8244
f 6632//8245 6625//8245 6633//8245
f 6633//8245 6625//8245 6624//8245
f 6633//8246 6624//8246 6634//8246
f 6634//8246 6624//8246 6623//8246
f 6634//8247 6623//8247 6635//8247
f 6635//8247 6623//8247 6622//8247
f 6635//8248 6622//8248 249//8248
f 249//8248 6622//8248 247//8248
f 440//8249 442//8249 6306//8249
f 6306//8250 442//8250 6307//8250
f 6306//8251 6307//8251 6636//8251
f 6636//8251 6307//8251 6629//8251
f 6636//8252 6629//8252 6637//8252
f 6637//8252 6629//8252 6630//8252
f 6637//8253 6630//8253 6638//8253
f 6638//8253 6630//8253 6631//8253
f 6638//8254 6631//8254 6639//8254
f 6639//8254 6631//8254 6632//8254
f 6639//8255 6632//8255 6640//8255
f 6640//8255 6632//8255 6633//8255
f 6640//8256 6633//8256 6641//8256
f 6641//8256 6633//8256 6634//8256
f 6641//8257 6634//8257 6642//8257
f 6642//8257 6634//8257 6635//8257
f 6642//8258 6635//8258 251//8258
f 251//8258 6635//8258 249//8258
f 436//8259 438//8259 6643//8259
f 6643//8260 438//8260 6306//8260
f 6643//8261 6306//8261 6644//8261
f 6644//8261 6306//8261 6636//8261
f 6644//8262 6636//8262 6645//8262
f 6645//8262 6636//8262 6637//8262
f 6645//8263 6637//8263 6646//8263
f 6646//8263 6637//8263 6638//8263
f 6646//8264 6638//8264 6647//8264
f 6647//8264 6638//8264 6639//8264
f 6647//8265 6639//8265 6648//8265
f 6648//8265 6639//8265 6640//8265
f 6648//8266 6640//8266 6649//8266
f 6649//8266 6640//8266 6641//8266
f 6649//8267 6641//8267 6650//8267
f 6650//8267 6641//8267 6642//8267
f 6650//8268 6642//8268 253//8268
f 253//8268 6642//8268 251//8268
f 253//8269 255//8269 6650//8269
f 6650//8269 255//8269 6386//8269
f 6650//8270 6386//8270 6649//8270
f 6649//8270 6386//8270 6388//8270
f 6649//8271 6388//8271 6648//8271
f 6648//8271 6388//8271 6390//8271
f 6648//8272 6390//8272 6647//8272
f 6647//8272 6390//8272 6392//8272
f 6647//8273 6392//8273 6646//8273
f 6646//8273 6392//8273 6394//8273
f 6646//8274 6394//8274 6645//8274
f 6645//8274 6394//8274 6396//8274
f 6645//8275 6396//8275 6644//8275
f 6644//8275 6396//8275 6398//8275
f 6644//8276 6398//8276 6643//8276
f 6643//8276 6398//8276 6400//8276
f 6643//8277 6400//8277 436//8277
f 436//8277 6400//8277 434//8277
f 6305//8278 430//8278 6400//8278
f 6400//8279 430//8279 432//8279
f 6400//8280 432//8280 434//8280
f 426//8281 428//8281 6651//8281
f 6651//8282 428//8282 6305//8282
f 6651//8283 6305//8283 6652//8283
f 6652//8283 6305//8283 6399//8283
f 6652//8284 6399//8284 6653//8284
f 6653//8284 6399//8284 6397//8284
f 6653//8285 6397//8285 6654//8285
f 6654//8285 6397//8285 6395//8285
f 6654//8286 6395//8286 6655//8286
f 6655//8286 6395//8286 6393//8286
f 6655//8287 6393//8287 6656//8287
f 6656//8287 6393//8287 6391//8287
f 6656//8288 6391//8288 6657//8288
f 6657//8288 6391//8288 6389//8288
f 6657//8289 6389//8289 6658//8289
f 6658//8289 6389//8289 6387//8289
f 6658//8290 6387//8290 282//8290
f 282//8290 6387//8290 280//8290
f 282//8291 284//8291 6658//8291
f 6658//8291 284//8291 6401//8291
f 6658//8292 6401//8292 6657//8292
f 6657//8292 6401//8292 6403//8292
f 6657//8293 6403//8293 6656//8293
f 6656//8293 6403//8293 6405//8293
f 6656//8294 6405//8294 6655//8294
f 6655//8294 6405//8294 6407//8294
f 6655//8295 6407//8295 6654//8295
f 6654//8295 6407//8295 6409//8295
f 6654//8296 6409//8296 6653//8296
f 6653//8296 6409//8296 6411//8296
f 6653//8297 6411//8297 6652//8297
f 6652//8297 6411//8297 6413//8297
f 6652//8298 6413//8298 6651//8298
f 6651//8298 6413//8298 6415//8298
f 6651//8299 6415//8299 426//8299
f 426//8300 6415//8300 424//8300
f 6304//8301 420//8301 6415//8301
f 6415//8302 420//8302 422//8302
f 6415//8303 422//8303 424//8303
f 416//8304 418//8304 6659//8304
f 6659//8305 418//8305 6304//8305
f 6659//8306 6304//8306 6660//8306
f 6660//8306 6304//8306 6414//8306
f 6660//8307 6414//8307 6661//8307
f 6661//8307 6414//8307 6412//8307
f 6661//8308 6412//8308 6662//8308
f 6662//8308 6412//8308 6410//8308
f 6662//8309 6410//8309 6663//8309
f 6663//8309 6410//8309 6408//8309
f 6663//8310 6408//8310 6664//8310
f 6664//8310 6408//8310 6406//8310
f 6664//8311 6406//8311 6665//8311
f 6665//8311 6406//8311 6404//8311
f 6665//8312 6404//8312 6666//8312
f 6666//8312 6404//8312 6402//8312
f 6666//8313 6402//8313 288//8313
f 288//8313 6402//8313 286//8313
f 288//8314 291//8314 6666//8314
f 6666//8314 291//8314 6667//8314
f 6666//8315 6667//8315 6665//8315
f 6665//8315 6667//8315 6668//8315
f 6665//8316 6668//8316 6664//8316
f 6664//8316 6668//8316 6669//8316
f 6664//8317 6669//8317 6663//8317
f 6663//8317 6669//8317 6670//8317
f 6663//8318 6670//8318 6662//8318
f 6662//8318 6670//8318 6671//8318
f 6662//8319 6671//8319 6661//8319
f 6661//8319 6671//8319 6672//8319
f 6661//8320 6672//8320 6660//8320
f 6660//8320 6672//8320 6673//8320
f 6660//8321 6673//8321 6659//8321
f 6659//8321 6673//8321 6303//8321
f 6659//8322 6303//8322 416//8322
f 416//8323 6303//8323 414//8323
f 410//8324 412//8324 6430//8324
f 6430//8325 412//8325 6303//8325
f 6430//8326 6303//8326 6428//8326
f 6428//8326 6303//8326 6673//8326
f 6428//8327 6673//8327 6426//8327
f 6426//8327 6673//8327 6672//8327
f 6426//8328 6672//8328 6424//8328
f 6424//8328 6672//8328 6671//8328
f 6424//8329 6671//8329 6422//8329
f 6422//8329 6671//8329 6670//8329
f 6422//8330 6670//8330 6420//8330
f 6420//8330 6670//8330 6669//8330
f 6420//8331 6669//8331 6418//8331
f 6418//8331 6669//8331 6668//8331
f 6418//8332 6668//8332 6416//8332
f 6416//8332 6668//8332 6667//8332
f 6416//8333 6667//8333 293//8333
f 293//8333 6667//8333 291//8333
f 6302//8334 406//8334 6430//8334
f 6430//8335 406//8335 408//8335
f 6430//8336 408//8336 410//8336
f 402//8337 404//8337 6674//8337
f 6674//8338 404//8338 6302//8338
f 6674//8339 6302//8339 6675//8339
f 6675//8339 6302//8339 6429//8339
f 6675//8340 6429//8340 6676//8340
f 6676//8340 6429//8340 6427//8340
f 6676//8341 6427//8341 6677//8341
f 6677//8341 6427//8341 6425//8341
f 6677//8342 6425//8342 6678//8342
f 6678//8342 6425//8342 6423//8342
f 6678//8343 6423//8343 6679//8343
f 6679//8343 6423//8343 6421//8343
f 6679//8344 6421//8344 6680//8344
f 6680//8345 6421//8345 6419//8345
f 6680//8346 6419//8346 6681//8346
f 6681//8346 6419//8346 6417//8346
f 6681//8347 6417//8347 256//8347
f 256//8347 6417//8347 295//8347
f 256//8348 258//8348 6681//8348
f 6681//8348 258//8348 6431//8348
f 6681//8349 6431//8349 6680//8349
f 6680//8349 6431//8349 6433//8349
f 6680//8350 6433//8350 6679//8350
f 6679//8350 6433//8350 6435//8350
f 6679//8351 6435//8351 6678//8351
f 6678//8351 6435//8351 6437//8351
f 6678//8352 6437//8352 6677//8352
f 6677//8352 6437//8352 6439//8352
f 6677//8353 6439//8353 6676//8353
f 6676//8353 6439//8353 6441//8353
f 6676//8354 6441//8354 6675//8354
f 6675//8354 6441//8354 6443//8354
f 6675//8355 6443//8355 6674//8355
f 6674//8355 6443//8355 6445//8355
f 6674//8356 6445//8356 402//8356
f 402//8357 6445//8357 400//8357
f 6301//8358 396//8358 6445//8358
f 6445//8359 396//8359 398//8359
f 6445//8360 398//8360 400//8360
f 392//8361 394//8361 6682//8361
f 6682//8362 394//8362 6301//8362
f 6682//8363 6301//8363 6683//8363
f 6683//8363 6301//8363 6444//8363
f 6683//8364 6444//8364 6684//8364
f 6684//8364 6444//8364 6442//8364
f 6684//8365 6442//8365 6685//8365
f 6685//8365 6442//8365 6440//8365
f 6685//8366 6440//8366 6686//8366
f 6686//8366 6440//8366 6438//8366
f 6686//8367 6438//8367 6687//8367
f 6687//8367 6438//8367 6436//8367
f 6687//8368 6436//8368 6688//8368
f 6688//8368 6436//8368 6434//8368
f 6688//8369 6434//8369 6689//8369
f 6689//8369 6434//8369 6432//8369
f 6689//8370 6432//8370 262//8370
f 262//8370 6432//8370 260//8370
f 262//8371 264//8371 6689//8371
f 6689//8371 264//8371 6446//8371
f 6689//8372 6446//8372 6688//8372
f 6688//8372 6446//8372 6448//8372
f 6688//8373 6448//8373 6687//8373
f 6687//8373 6448//8373 6450//8373
f 6687//8374 6450//8374 6686//8374
f 6686//8374 6450//8374 6452//8374
f 6686//8375 6452//8375 6685//8375
f 6685//8375 6452//8375 6454//8375
f 6685//8376 6454//8376 6684//8376
f 6684//8376 6454//8376 6456//8376
f 6684//8377 6456//8377 6683//8377
f 6683//8377 6456//8377 6458//8377
f 6683//8378 6458//8378 6682//8378
f 6682//8378 6458//8378 6460//8378
f 6682//8379 6460//8379 392//8379
f 392//8379 6460//8379 390//8379
f 6300//8380 386//8380 6460//8380
f 6460//8381 386//8381 388//8381
f 6460//8382 388//8382 390//8382
f 382//8383 384//8383 6690//8383
f 6690//8384 384//8384 6300//8384
f 6690//8385 6300//8385 6691//8385
f 6691//8385 6300//8385 6459//8385
f 6691//8386 6459//8386 6692//8386
f 6692//8386 6459//8386 6457//8386
f 6692//8387 6457//8387 6693//8387
f 6693//8387 6457//8387 6455//8387
f 6693//8388 6455//8388 6694//8388
f 6694//8388 6455//8388 6453//8388
f 6694//8389 6453//8389 6695//8389
f 6695//8389 6453//8389 6451//8389
f 6695//8390 6451//8390 6696//8390
f 6696//8390 6451//8390 6449//8390
f 6696//8391 6449//8391 6697//8391
f 6697//8391 6449//8391 6447//8391
f 6697//8392 6447//8392 300//8392
f 300//8392 6447//8392 266//8392
f 300//8393 302//8393 6697//8393
f 6697//8393 302//8393 6698//8393
f 6697//8394 6698//8394 6696//8394
f 6696//8394 6698//8394 6699//8394
f 6696//8395 6699//8395 6695//8395
f 6695//8395 6699//8395 6700//8395
f 6695//8396 6700//8396 6694//8396
f 6694//8396 6700//8396 6701//8396
f 6694//8397 6701//8397 6693//8397
f 6693//8397 6701//8397 6702//8397
f 6693//8398 6702//8398 6692//8398
f 6692//8398 6702//8398 6703//8398
f 6692//8399 6703//8399 6691//8399
f 6691//8399 6703//8399 6704//8399
f 6691//8400 6704//8400 6690//8400
f 6690//8400 6704//8400 6705//8400
f 6690//8401 6705//8401 382//8401
f 382//8401 6705//8401 380//8401
f 302//8402 304//8402 6698//8402
f 6698//8402 304//8402 6461//8402
f 6698//8403 6461//8403 6699//8403
f 6699//8403 6461//8403 6463//8403
f 6699//8404 6463//8404 6700//8404
f 6700//8404 6463//8404 6465//8404
f 6700//8405 6465//8405 6701//8405
f 6701//8405 6465//8405 6467//8405
f 6701//8406 6467//8406 6702//8406
f 6702//8406 6467//8406 6469//8406
f 6702//8407 6469//8407 6703//8407
f 6703//8407 6469//8407 6471//8407
f 6703//8408 6471//8408 6704//8408
f 6704//8408 6471//8408 6473//8408
f 6704//8409 6473//8409 6705//8409
f 6705//8409 6473//8409 6475//8409
f 6705//8410 6475//8410 380//8410
f 380//8410 6475//8410 378//8410
f 6299//8411 590//8411 6475//8411
f 6475//8412 590//8412 592//8412
f 6475//8413 592//8413 378//8413
f 586//8414 588//8414 6706//8414
f 6706//8415 588//8415 6299//8415
f 6706//8416 6299//8416 6707//8416
f 6707//8416 6299//8416 6474//8416
f 6707//8417 6474//8417 6708//8417
f 6708//8417 6474//8417 6472//8417
f 6708//8418 6472//8418 6709//8418
f 6709//8418 6472//8418 6470//8418
f 6709//8419 6470//8419 6710//8419
f 6710//8419 6470//8419 6468//8419
f 6710//8420 6468//8420 6711//8420
f 6711//8420 6468//8420 6466//8420
f 6711//8421 6466//8421 6712//8421
f 6712//8421 6466//8421 6464//8421
f 6712//8422 6464//8422 6713//8422
f 6713//8422 6464//8422 6462//8422
f 6713//8423 6462//8423 309//8423
f 309//8423 6462//8423 306//8423
f 309//8424 311//8424 6713//8424
f 6713//8424 311//8424 6476//8424
f 6713//8425 6476//8425 6712//8425
f 6712//8425 6476//8425 6478//8425
f 6712//8426 6478//8426 6711//8426
f 6711//8426 6478//8426 6480//8426
f 6711//8427 6480//8427 6710//8427
f 6710//8427 6480//8427 6482//8427
f 6710//8428 6482//8428 6709//8428
f 6709//8428 6482//8428 6484//8428
f 6709//8429 6484//8429 6708//8429
f 6708//8429 6484//8429 6486//8429
f 6708//8430 6486//8430 6707//8430
f 6707//8430 6486//8430 6488//8430
f 6707//8431 6488//8431 6706//8431
f 6706//8431 6488//8431 6490//8431
f 6706//8432 6490//8432 586//8432
f 586//8432 6490//8432 584//8432
f 6298//8433 580//8433 6490//8433
f 6490//8434 580//8434 582//8434
f 6490//8435 582//8435 584//8435
f 576//8436 578//8436 6714//8436
f 6714//8437 578//8437 6298//8437
f 6714//8438 6298//8438 6715//8438
f 6715//8438 6298//8438 6489//8438
f 6715//8439 6489//8439 6716//8439
f 6716//8439 6489//8439 6487//8439
f 6716//8440 6487//8440 6717//8440
f 6717//8440 6487//8440 6485//8440
f 6717//8441 6485//8441 6718//8441
f 6718//8441 6485//8441 6483//8441
f 6718//8442 6483//8442 6719//8442
f 6719//8442 6483//8442 6481//8442
f 6719//8443 6481//8443 6720//8443
f 6720//8444 6481//8444 6479//8444
f 6720//8445 6479//8445 6721//8445
f 6721//8445 6479//8445 6477//8445
f 6721//8446 6477//8446 315//8446
f 315//8446 6477//8446 313//8446
f 315//8447 317//8447 6721//8447
f 6721//8447 317//8447 6491//8447
f 6721//8448 6491//8448 6720//8448
f 6720//8448 6491//8448 6493//8448
f 6720//8449 6493//8449 6719//8449
f 6719//8449 6493//8449 6495//8449
f 6719//8450 6495//8450 6718//8450
f 6718//8450 6495//8450 6497//8450
f 6718//8451 6497//8451 6717//8451
f 6717//8451 6497//8451 6499//8451
f 6717//8452 6499//8452 6716//8452
f 6716//8452 6499//8452 6501//8452
f 6716//8453 6501//8453 6715//8453
f 6715//8453 6501//8453 6503//8453
f 6715//8454 6503//8454 6714//8454
f 6714//8454 6503//8454 6505//8454
f 6714//8455 6505//8455 576//8455
f 576//8455 6505//8455 574//8455
f 6297//8456 570//8456 6505//8456
f 6505//8457 570//8457 572//8457
f 6505//8458 572//8458 574//8458
f 566//8459 568//8459 6296//8459
f 6296//8460 568//8460 6297//8460
f 6296//8461 6297//8461 6722//8461
f 6722//8461 6297//8461 6504//8461
f 6722//8462 6504//8462 6723//8462
f 6723//8462 6504//8462 6502//8462
f 6723//8463 6502//8463 6724//8463
f 6724//8463 6502//8463 6500//8463
f 6724//8464 6500//8464 6725//8464
f 6725//8465 6500//8465 6498//8465
f 6725//8466 6498//8466 6726//8466
f 6726//8466 6498//8466 6496//8466
f 6726//8467 6496//8467 6727//8467
f 6727//8468 6496//8468 6494//8468
f 6727//8469 6494//8469 6728//8469
f 6728//8469 6494//8469 6492//8469
f 6728//8470 6492//8470 322//8470
f 322//8470 6492//8470 320//8470
f 562//8471 564//8471 6729//8471
f 6729//8472 564//8472 6296//8472
f 6729//8473 6296//8473 6730//8473
f 6730//8473 6296//8473 6722//8473
f 6730//8474 6722//8474 6731//8474
f 6731//8474 6722//8474 6723//8474
f 6731//8475 6723//8475 6732//8475
f 6732//8475 6723//8475 6724//8475
f 6732//8476 6724//8476 6733//8476
f 6733//8476 6724//8476 6725//8476
f 6733//8477 6725//8477 6734//8477
f 6734//8477 6725//8477 6726//8477
f 6734//8478 6726//8478 6735//8478
f 6735//8478 6726//8478 6727//8478
f 6735//8479 6727//8479 6736//8479
f 6736//8479 6727//8479 6728//8479
f 6736//8480 6728//8480 324//8480
f 324//8480 6728//8480 322//8480
f 324//8481 326//8481 6736//8481
f 6736//8481 326//8481 6506//8481
f 6736//8482 6506//8482 6735//8482
f 6735//8482 6506//8482 6508//8482
f 6735//8483 6508//8483 6734//8483
f 6734//8483 6508//8483 6510//8483
f 6734//8484 6510//8484 6733//8484
f 6733//8484 6510//8484 6512//8484
f 6733//8485 6512//8485 6732//8485
f 6732//8485 6512//8485 6514//8485
f 6732//8486 6514//8486 6731//8486
f 6731//8486 6514//8486 6516//8486
f 6731//8487 6516//8487 6730//8487
f 6730//8487 6516//8487 6518//8487
f 6730//8488 6518//8488 6729//8488
f 6729//8488 6518//8488 6520//8488
f 6729//8489 6520//8489 562//8489
f 562//8489 6520//8489 560//8489
f 6295//8490 556//8490 6520//8490
f 6520//8491 556//8491 558//8491
f 6520//8492 558//8492 560//8492
f 552//8493 554//8493 6737//8493
f 6737//8494 554//8494 6295//8494
f 6737//8495 6295//8495 6738//8495
f 6738//8495 6295//8495 6519//8495
f 6738//8496 6519//8496 6739//8496
f 6739//8496 6519//8496 6517//8496
f 6739//8497 6517//8497 6740//8497
f 6740//8497 6517//8497 6515//8497
f 6740//8498 6515//8498 6741//8498
f 6741//8498 6515//8498 6513//8498
f 6741//8499 6513//8499 6742//8499
f 6742//8499 6513//8499 6511//8499
f 6742//8500 6511//8500 6743//8500
f 6743//8500 6511//8500 6509//8500
f 6743//8501 6509//8501 6744//8501
f 6744//8501 6509//8501 6507//8501
f 6744//8502 6507//8502 331//8502
f 331//8502 6507//8502 329//8502
f 331//8503 333//8503 6744//8503
f 6744//8503 333//8503 6521//8503
f 6744//8504 6521//8504 6743//8504
f 6743//8504 6521//8504 6523//8504
f 6743//8505 6523//8505 6742//8505
f 6742//8505 6523//8505 6525//8505
f 6742//8506 6525//8506 6741//8506
f 6741//8506 6525//8506 6527//8506
f 6741//8507 6527//8507 6740//8507
f 6740//8507 6527//8507 6529//8507
f 6740//8508 6529//8508 6739//8508
f 6739//8508 6529//8508 6531//8508
f 6739//8509 6531//8509 6738//8509
f 6738//8509 6531//8509 6533//8509
f 6738//8510 6533//8510 6737//8510
f 6737//8510 6533//8510 6535//8510
f 6737//8511 6535//8511 552//8511
f 552//8512 6535//8512 550//8512
f 6294//8513 546//8513 6535//8513
f 6535//8514 546//8514 548//8514
f 6535//8515 548//8515 550//8515
f 542//8516 544//8516 6745//8516
f 6745//8517 544//8517 6294//8517
f 6745//8518 6294//8518 6746//8518
f 6746//8518 6294//8518 6534//8518
f 6746//8519 6534//8519 6747//8519
f 6747//8519 6534//8519 6532//8519
f 6747//8520 6532//8520 6748//8520
f 6748//8520 6532//8520 6530//8520
f 6748//8521 6530//8521 6749//8521
f 6749//8521 6530//8521 6528//8521
f 6749//8522 6528//8522 6750//8522
f 6750//8522 6528//8522 6526//8522
f 6750//8523 6526//8523 6751//8523
f 6751//8523 6526//8523 6524//8523
f 6751//8524 6524//8524 6752//8524
f 6752//8524 6524//8524 6522//8524
f 6752//8525 6522//8525 337//8525
f 337//8525 6522//8525 335//8525
f 337//8526 340//8526 6752//8526
f 6752//8526 340//8526 6753//8526
f 6752//8527 6753//8527 6751//8527
f 6751//8527 6753//8527 6754//8527
f 6751//8528 6754//8528 6750//8528
f 6750//8528 6754//8528 6755//8528
f 6750//8529 6755//8529 6749//8529
f 6749//8529 6755//8529 6756//8529
f 6749//8530 6756//8530 6748//8530
f 6748//8530 6756//8530 6757//8530
f 6748//8531 6757//8531 6747//8531
f 6747//8531 6757//8531 6758//8531
f 6747//8532 6758//8532 6746//8532
f 6746//8532 6758//8532 6759//8532
f 6746//8533 6759//8533 6745//8533
f 6745//8533 6759//8533 6293//8533
f 6745//8534 6293//8534 542//8534
f 542//8534 6293//8534 540//8534
f 536//8535 538//8535 6550//8535
f 6550//8536 538//8536 6293//8536
f 6550//8537 6293//8537 6548//8537
f 6548//8537 6293//8537 6759//8537
f 6548//8538 6759//8538 6546//8538
f 6546//8538 6759//8538 6758//8538
f 6546//8539 6758//8539 6544//8539
f 6544//8539 6758//8539 6757//8539
f 6544//8540 6757//8540 6542//8540
f 6542//8540 6757//8540 6756//8540
f 6542//8541 6756//8541 6540//8541
f 6540//8541 6756//8541 6755//8541
f 6540//8542 6755//8542 6538//8542
f 6538//8542 6755//8542 6754//8542
f 6538//8543 6754//8543 6536//8543
f 6536//8543 6754//8543 6753//8543
f 6536//8544 6753//8544 342//8544
f 342//8544 6753//8544 340//8544
f 6292//8545 532//8545 6550//8545
f 6550//8546 532//8546 534//8546
f 6550//8547 534//8547 536//8547
f 528//8548 530//8548 6760//8548
f 6760//8549 530//8549 6292//8549
f 6760//8550 6292//8550 6761//8550
f 6761//8550 6292//8550 6549//8550
f 6761//8551 6549//8551 6762//8551
f 6762//8551 6549//8551 6547//8551
f 6762//8552 6547//8552 6763//8552
f 6763//8552 6547//8552 6545//8552
f 6763//8553 6545//8553 6764//8553
f 6764//8553 6545//8553 6543//8553
f 6764//8554 6543//8554 6765//8554
f 6765//8554 6543//8554 6541//8554
f 6765//8555 6541//8555 6766//8555
f 6766//8555 6541//8555 6539//8555
f 6766//8556 6539//8556 6767//8556
f 6767//8556 6539//8556 6537//8556
f 6767//8557 6537//8557 346//8557
f 346//8557 6537//8557 344//8557
f 346//8558 348//8558 6767//8558
f 6767//8558 348//8558 6551//8558
f 6767//8559 6551//8559 6766//8559
f 6766//8559 6551//8559 6553//8559
f 6766//8560 6553//8560 6765//8560
f 6765//8560 6553//8560 6555//8560
f 6765//8561 6555//8561 6764//8561
f 6764//8561 6555//8561 6557//8561
f 6764//8562 6557//8562 6763//8562
f 6763//8562 6557//8562 6559//8562
f 6763//8563 6559//8563 6762//8563
f 6762//8563 6559//8563 6561//8563
f 6762//8564 6561//8564 6761//8564
f 6761//8564 6561//8564 6563//8564
f 6761//8565 6563//8565 6760//8565
f 6760//8565 6563//8565 6565//8565
f 6760//8566 6565//8566 528//8566
f 528//8566 6565//8566 526//8566
f 6291//8567 522//8567 6565//8567
f 6565//8568 522//8568 524//8568
f 6565//8569 524//8569 526//8569
f 518//8570 520//8570 6768//8570
f 6768//8571 520//8571 6291//8571
f 6768//8572 6291//8572 6769//8572
f 6769//8572 6291//8572 6564//8572
f 6769//8573 6564//8573 6770//8573
f 6770//8573 6564//8573 6562//8573
f 6770//8574 6562//8574 6771//8574
f 6771//8574 6562//8574 6560//8574
f 6771//8575 6560//8575 6772//8575
f 6772//8575 6560//8575 6558//8575
f 6772//8576 6558//8576 6773//8576
f 6773//8576 6558//8576 6556//8576
f 6773//8577 6556//8577 6774//8577
f 6774//8577 6556//8577 6554//8577
f 6774//8578 6554//8578 6775//8578
f 6775//8578 6554//8578 6552//8578
f 6775//8579 6552//8579 362//8579
f 362//8579 6552//8579 360//8579
f 362//8580 364//8580 6775//8580
f 6775//8580 364//8580 6566//8580
f 6775//8581 6566//8581 6774//8581
f 6774//8581 6566//8581 6568//8581
f 6774//8582 6568//8582 6773//8582
f 6773//8582 6568//8582 6570//8582
f 6773//8583 6570//8583 6772//8583
f 6772//8583 6570//8583 6572//8583
f 6772//8584 6572//8584 6771//8584
f 6771//8585 6572//8585 6574//8585
f 6771//8586 6574//8586 6770//8586
f 6770//8586 6574//8586 6576//8586
f 6770//8587 6576//8587 6769//8587
f 6769//8587 6576//8587 6578//8587
f 6769//8588 6578//8588 6768//8588
f 6768//8588 6578//8588 6580//8588
f 6768//8589 6580//8589 518//8589
f 518//8590 6580//8590 516//8590
f 6290//8591 512//8591 6580//8591
f 6580//8592 512//8592 514//8592
f 6580//8593 514//8593 516//8593
f 508//8594 510//8594 6776//8594
f 6776//8595 510//8595 6290//8595
f 6776//8596 6290//8596 6777//8596
f 6777//8596 6290//8596 6579//8596
f 6777//8597 6579//8597 6778//8597
f 6778//8597 6579//8597 6577//8597
f 6778//8598 6577//8598 6779//8598
f 6779//8598 6577//8598 6575//8598
f 6779//8599 6575//8599 6780//8599
f 6780//8599 6575//8599 6573//8599
f 6780//8600 6573//8600 6781//8600
f 6781//8600 6573//8600 6571//8600
f 6781//8601 6571//8601 6782//8601
f 6782//8601 6571//8601 6569//8601
f 6782//8602 6569//8602 6783//8602
f 6783//8603 6569//8603 6567//8603
f 6783//8604 6567//8604 369//8604
f 369//8604 6567//8604 366//8604
f 369//8605 371//8605 6783//8605
f 6783//8605 371//8605 6784//8605
f 6783//8606 6784//8606 6782//8606
f 6782//8606 6784//8606 6785//8606
f 6782//8607 6785//8607 6781//8607
f 6781//8608 6785//8608 6786//8608
f 6781//8609 6786//8609 6780//8609
f 6780//8609 6786//8609 6787//8609
f 6780//8610 6787//8610 6779//8610
f 6779//8610 6787//8610 6788//8610
f 6779//8611 6788//8611 6778//8611
f 6778//8611 6788//8611 6789//8611
f 6778//8612 6789//8612 6777//8612
f 6777//8612 6789//8612 6790//8612
f 6777//8613 6790//8613 6776//8613
f 6776//8613 6790//8613 6289//8613
f 6776//8614 6289//8614 508//8614
f 508//8615 6289//8615 506//8615
f 502//8616 504//8616 6595//8616
f 6595//8617 504//8617 6289//8617
f 6595//8618 6289//8618 6593//8618
f 6593//8618 6289//8618 6790//8618
f 6593//8619 6790//8619 6591//8619
f 6591//8619 6790//8619 6789//8619
f 6591//8620 6789//8620 6589//8620
f 6589//8620 6789//8620 6788//8620
f 6589//8621 6788//8621 6587//8621
f 6587//8621 6788//8621 6787//8621
f 6587//8622 6787//8622 6585//8622
f 6585//8622 6787//8622 6786//8622
f 6585//8623 6786//8623 6583//8623
f 6583//8623 6786//8623 6785//8623
f 6583//8624 6785//8624 6581//8624
f 6581//8624 6785//8624 6784//8624
f 6581//8625 6784//8625 373//8625
f 373//8625 6784//8625 371//8625
f 6288//8626 498//8626 6595//8626
f 6595//8627 498//8627 500//8627
f 6595//8628 500//8628 502//8628
f 494//8629 496//8629 6791//8629
f 6791//8630 496//8630 6288//8630
f 6791//8631 6288//8631 6792//8631
f 6792//8631 6288//8631 6594//8631
f 6792//8632 6594//8632 6793//8632
f 6793//8632 6594//8632 6592//8632
f 6793//8633 6592//8633 6794//8633
f 6794//8633 6592//8633 6590//8633
f 6794//8634 6590//8634 6795//8634
f 6795//8634 6590//8634 6588//8634
f 6795//8635 6588//8635 6796//8635
f 6796//8635 6588//8635 6586//8635
f 6796//8636 6586//8636 6797//8636
f 6797//8636 6586//8636 6584//8636
f 6797//8637 6584//8637 6798//8637
f 6798//8637 6584//8637 6582//8637
f 6798//8638 6582//8638 349//8638
f 349//8638 6582//8638 375//8638
f 349//8639 351//8639 6798//8639
f 6798//8639 351//8639 6341//8639
f 6798//8640 6341//8640 6797//8640
f 6797//8640 6341//8640 6342//8640
f 6797//8641 6342//8641 6796//8641
f 6796//8642 6342//8642 6343//8642
f 6796//8643 6343//8643 6795//8643
f 6795//8643 6343//8643 6344//8643
f 6795//8644 6344//8644 6794//8644
f 6794//8644 6344//8644 6345//8644
f 6794//8645 6345//8645 6793//8645
f 6793//8645 6345//8645 6346//8645
f 6793//8646 6346//8646 6792//8646
f 6792//8646 6346//8646 6347//8646
f 6792//8647 6347//8647 6791//8647
f 6791//8647 6347//8647 6287//8647
f 6791//8648 6287//8648 494//8648
f 494//8648 6287//8648 492//8648
f 236//7987 6370//7987 6313//7987
f 6313//8035 6370//8035 6369//8035
f 6313//7989 6369//7989 6315//7989
f 6315//8649 6369//8649 6605//8649
f 6315//7992 6605//7992 6318//7992
f 6318//8183 6605//8183 6599//8183
f 6318//7996 6599//7996 6322//7996
f 6322//8176 6599//8176 6356//8176
f 6322//8001 6356//8001 6327//8001
f 6327//8028 6356//8028 6355//8028
f 6327//8007 6355//8007 6333//8007
f 6333//8167 6355//8167 6348//8167
f 6333//8015 6348//8015 6340//8015
f 6340//8024 6348//8024 6350//8024
f 6340//8023 6350//8023 6287//8023
f 6287//8650 6350//8650 488//8650
f 6287//8651 488//8651 490//8651
